Test on node 24.x (ubuntu-latest)	Set up job	﻿2026-09-16T08:32:16.7844701Z Current runner version: '2.337.0'
Test on node 24.x (ubuntu-latest)	Set up job	2026-09-16T08:32:16.7869499Z ##[group]Runner Image Provisioner
Test on node 24.x (ubuntu-latest)	Set up job	2026-09-16T08:32:16.7870360Z Hosted Compute Agent
Test on node 24.x (ubuntu-latest)	Set up job	2026-09-16T08:32:16.7871150Z Version: 20260828.587
Test on node 24.x (ubuntu-latest)	Set up job	2026-09-16T08:32:16.7871856Z Commit: abac92662cab4cc7352de4f9f9d2e2419aad9c29
Test on node 24.x (ubuntu-latest)	Set up job	2026-09-16T08:32:16.7872705Z Build Date: 2026-08-28T16:44:25Z
Test on node 24.x (ubuntu-latest)	Set up job	2026-09-16T08:32:16.7873397Z Worker ID: {bbbd7558-33de-48f8-bf04-bd01691ebe09}
Test on node 24.x (ubuntu-latest)	Set up job	2026-09-16T08:32:16.7874109Z Azure Region: westus
Test on node 24.x (ubuntu-latest)	Set up job	2026-09-16T08:32:16.7874768Z ##[endgroup]
Test on node 24.x (ubuntu-latest)	Set up job	2026-09-16T08:32:16.7876544Z ##[group]Operating System
Test on node 24.x (ubuntu-latest)	Set up job	2026-09-16T08:32:16.7877541Z Ubuntu
Test on node 24.x (ubuntu-latest)	Set up job	2026-09-16T08:32:16.7878160Z 24.04.5
Test on node 24.x (ubuntu-latest)	Set up job	2026-09-16T08:32:16.7878687Z LTS
Test on node 24.x (ubuntu-latest)	Set up job	2026-09-16T08:32:16.7879341Z ##[endgroup]
Test on node 24.x (ubuntu-latest)	Set up job	2026-09-16T08:32:16.7879965Z ##[group]Runner Image
Test on node 24.x (ubuntu-latest)	Set up job	2026-09-16T08:32:16.7880634Z Image: ubuntu-24.04
Test on node 24.x (ubuntu-latest)	Set up job	2026-09-16T08:32:16.7881251Z Version: 20260907.300.1
Test on node 24.x (ubuntu-latest)	Set up job	2026-09-16T08:32:16.7882315Z Included Software: https://github.com/actions/runner-images/blob/ubuntu24/20260907.300/images/ubuntu/Ubuntu2404-Readme.md
Test on node 24.x (ubuntu-latest)	Set up job	2026-09-16T08:32:16.7884165Z Image Release: https://github.com/actions/runner-images/releases/tag/ubuntu24%2F20260907.300
Test on node 24.x (ubuntu-latest)	Set up job	2026-09-16T08:32:16.7885187Z ##[endgroup]
Test on node 24.x (ubuntu-latest)	Set up job	2026-09-16T08:32:16.7886281Z ##[group]GITHUB_TOKEN Permissions
Test on node 24.x (ubuntu-latest)	Set up job	2026-09-16T08:32:16.7888668Z Contents: read
Test on node 24.x (ubuntu-latest)	Set up job	2026-09-16T08:32:16.7889365Z Metadata: read
Test on node 24.x (ubuntu-latest)	Set up job	2026-09-16T08:32:16.7889930Z ##[endgroup]
Test on node 24.x (ubuntu-latest)	Set up job	2026-09-16T08:32:16.7892000Z Secret source: Actions
Test on node 24.x (ubuntu-latest)	Set up job	2026-09-16T08:32:16.7892984Z Cache mode: write
Test on node 24.x (ubuntu-latest)	Set up job	2026-09-16T08:32:16.7893817Z Prepare workflow directory
Test on node 24.x (ubuntu-latest)	Set up job	2026-09-16T08:32:16.8229563Z Prepare all required actions
Test on node 24.x (ubuntu-latest)	Set up job	2026-09-16T08:32:16.8278376Z Getting action download info
Test on node 24.x (ubuntu-latest)	Set up job	2026-09-16T08:32:17.2036278Z Download action repository 'actions/checkout@v6' (SHA:d23441a48e516b6c34aea4fa41551a30e30af803)
Test on node 24.x (ubuntu-latest)	Set up job	2026-09-16T08:32:17.3131912Z Download action repository 'actions/setup-node@v6' (SHA:249970729cb0ef3589644e2896645e5dc5ba9c38)
Test on node 24.x (ubuntu-latest)	Set up job	2026-09-16T08:32:17.4378177Z Download action repository 'oven-sh/setup-bun@v2' (SHA:0c5077e51419868618aeaa5fe8019c62421857d6)
Test on node 24.x (ubuntu-latest)	Set up job	2026-09-16T08:32:17.8273426Z Download action repository 'denoland/setup-deno@v2' (SHA:22d081ff2d3a40755e97629de92e3bcbfa7cf2ed)
Test on node 24.x (ubuntu-latest)	Set up job	2026-09-16T08:32:18.2633130Z Complete job name: Test on node 24.x (ubuntu-latest)
Test on node 24.x (ubuntu-latest)	Checkout code	﻿2026-09-16T08:32:18.3443099Z ##[group]Run actions/checkout@v6
Test on node 24.x (ubuntu-latest)	Checkout code	2026-09-16T08:32:18.3444063Z with:
Test on node 24.x (ubuntu-latest)	Checkout code	2026-09-16T08:32:18.3444583Z   repository: link-foundation/use-m
Test on node 24.x (ubuntu-latest)	Checkout code	2026-09-16T08:32:18.3449140Z   token: ***
Test on node 24.x (ubuntu-latest)	Checkout code	2026-09-16T08:32:18.3449624Z   ssh-strict: true
Test on node 24.x (ubuntu-latest)	Checkout code	2026-09-16T08:32:18.3450100Z   ssh-user: git
Test on node 24.x (ubuntu-latest)	Checkout code	2026-09-16T08:32:18.3450585Z   persist-credentials: true
Test on node 24.x (ubuntu-latest)	Checkout code	2026-09-16T08:32:18.3451122Z   clean: true
Test on node 24.x (ubuntu-latest)	Checkout code	2026-09-16T08:32:18.3451612Z   sparse-checkout-cone-mode: true
Test on node 24.x (ubuntu-latest)	Checkout code	2026-09-16T08:32:18.3452182Z   fetch-depth: 1
Test on node 24.x (ubuntu-latest)	Checkout code	2026-09-16T08:32:18.3452659Z   fetch-tags: false
Test on node 24.x (ubuntu-latest)	Checkout code	2026-09-16T08:32:18.3453141Z   show-progress: true
Test on node 24.x (ubuntu-latest)	Checkout code	2026-09-16T08:32:18.3453630Z   lfs: false
Test on node 24.x (ubuntu-latest)	Checkout code	2026-09-16T08:32:18.3454081Z   submodules: false
Test on node 24.x (ubuntu-latest)	Checkout code	2026-09-16T08:32:18.3454599Z   set-safe-directory: true
Test on node 24.x (ubuntu-latest)	Checkout code	2026-09-16T08:32:18.3455164Z   allow-unsafe-pr-checkout: false
Test on node 24.x (ubuntu-latest)	Checkout code	2026-09-16T08:32:18.3456034Z ##[endgroup]
Test on node 24.x (ubuntu-latest)	Checkout code	2026-09-16T08:32:18.4455400Z Syncing repository: link-foundation/use-m
Test on node 24.x (ubuntu-latest)	Checkout code	2026-09-16T08:32:18.4458706Z ##[group]Getting Git version info
Test on node 24.x (ubuntu-latest)	Checkout code	2026-09-16T08:32:18.4459710Z Working directory is '/home/runner/work/use-m/use-m'
Test on node 24.x (ubuntu-latest)	Checkout code	2026-09-16T08:32:18.4468699Z [command]/usr/bin/git version
Test on node 24.x (ubuntu-latest)	Checkout code	2026-09-16T08:32:18.4600715Z git version 2.55.0
Test on node 24.x (ubuntu-latest)	Checkout code	2026-09-16T08:32:18.4626459Z ##[endgroup]
Test on node 24.x (ubuntu-latest)	Checkout code	2026-09-16T08:32:18.4642873Z Temporarily overriding HOME='/home/runner/work/_temp/bb6104ca-447a-46c2-96dd-f989e0d1c77d' before making global git config changes
Test on node 24.x (ubuntu-latest)	Checkout code	2026-09-16T08:32:18.4644550Z Adding repository directory to the temporary git global config as a safe directory
Test on node 24.x (ubuntu-latest)	Checkout code	2026-09-16T08:32:18.4648649Z [command]/usr/bin/git config --global --add safe.directory /home/runner/work/use-m/use-m
Test on node 24.x (ubuntu-latest)	Checkout code	2026-09-16T08:32:18.4702464Z Deleting the contents of '/home/runner/work/use-m/use-m'
Test on node 24.x (ubuntu-latest)	Checkout code	2026-09-16T08:32:18.4706692Z ##[group]Determining repository object format
Test on node 24.x (ubuntu-latest)	Checkout code	2026-09-16T08:32:18.4709455Z ##[endgroup]
Test on node 24.x (ubuntu-latest)	Checkout code	2026-09-16T08:32:18.4710319Z ##[group]Initializing the repository
Test on node 24.x (ubuntu-latest)	Checkout code	2026-09-16T08:32:18.4714589Z [command]/usr/bin/git init /home/runner/work/use-m/use-m
Test on node 24.x (ubuntu-latest)	Checkout code	2026-09-16T08:32:18.4836828Z hint: Using 'master' as the name for the initial branch. This default branch name
Test on node 24.x (ubuntu-latest)	Checkout code	2026-09-16T08:32:18.4839777Z hint: will change to "main" in Git 3.0. To configure the initial branch name
Test on node 24.x (ubuntu-latest)	Checkout code	2026-09-16T08:32:18.4842526Z hint: to use in all of your new repositories, which will suppress this warning,
Test on node 24.x (ubuntu-latest)	Checkout code	2026-09-16T08:32:18.4844390Z hint: call:
Test on node 24.x (ubuntu-latest)	Checkout code	2026-09-16T08:32:18.4845303Z hint:
Test on node 24.x (ubuntu-latest)	Checkout code	2026-09-16T08:32:18.4846676Z hint: 	git config --global init.defaultBranch <name>
Test on node 24.x (ubuntu-latest)	Checkout code	2026-09-16T08:32:18.4848131Z hint:
Test on node 24.x (ubuntu-latest)	Checkout code	2026-09-16T08:32:18.4849086Z hint: Names commonly chosen instead of 'master' are 'main', 'trunk' and
Test on node 24.x (ubuntu-latest)	Checkout code	2026-09-16T08:32:18.4850148Z hint: 'development'. The just-created branch can be renamed via this command:
Test on node 24.x (ubuntu-latest)	Checkout code	2026-09-16T08:32:18.4850970Z hint:
Test on node 24.x (ubuntu-latest)	Checkout code	2026-09-16T08:32:18.4851440Z hint: 	git branch -m <name>
Test on node 24.x (ubuntu-latest)	Checkout code	2026-09-16T08:32:18.4852213Z hint:
Test on node 24.x (ubuntu-latest)	Checkout code	2026-09-16T08:32:18.4853305Z hint: Disable this message with "git config set advice.defaultBranchName false"
Test on node 24.x (ubuntu-latest)	Checkout code	2026-09-16T08:32:18.4854841Z Initialized empty Git repository in /home/runner/work/use-m/use-m/.git/
Test on node 24.x (ubuntu-latest)	Checkout code	2026-09-16T08:32:18.4856636Z [command]/usr/bin/git remote add origin https://github.com/link-foundation/use-m
Test on node 24.x (ubuntu-latest)	Checkout code	2026-09-16T08:32:18.4938269Z ##[endgroup]
Test on node 24.x (ubuntu-latest)	Checkout code	2026-09-16T08:32:18.4939184Z ##[group]Disabling automatic garbage collection
Test on node 24.x (ubuntu-latest)	Checkout code	2026-09-16T08:32:18.4946301Z [command]/usr/bin/git config --local gc.auto 0
Test on node 24.x (ubuntu-latest)	Checkout code	2026-09-16T08:32:18.4977079Z ##[endgroup]
Test on node 24.x (ubuntu-latest)	Checkout code	2026-09-16T08:32:18.4979178Z ##[group]Setting up auth
Test on node 24.x (ubuntu-latest)	Checkout code	2026-09-16T08:32:18.4980150Z Removing SSH command configuration
Test on node 24.x (ubuntu-latest)	Checkout code	2026-09-16T08:32:18.4987655Z [command]/usr/bin/git config --local --name-only --get-regexp core\.sshCommand
Test on node 24.x (ubuntu-latest)	Checkout code	2026-09-16T08:32:18.5119258Z [command]/usr/bin/git submodule foreach --recursive sh -c "git config --local --name-only --get-regexp 'core\.sshCommand' && git config --local --unset-all 'core.sshCommand' || :"
Test on node 24.x (ubuntu-latest)	Checkout code	2026-09-16T08:32:18.5443838Z Removing HTTP extra header
Test on node 24.x (ubuntu-latest)	Checkout code	2026-09-16T08:32:18.5455878Z [command]/usr/bin/git config --local --name-only --get-regexp http\.https\:\/\/github\.com\/\.extraheader
Test on node 24.x (ubuntu-latest)	Checkout code	2026-09-16T08:32:18.5489528Z [command]/usr/bin/git submodule foreach --recursive sh -c "git config --local --name-only --get-regexp 'http\.https\:\/\/github\.com\/\.extraheader' && git config --local --unset-all 'http.https://github.com/.extraheader' || :"
Test on node 24.x (ubuntu-latest)	Checkout code	2026-09-16T08:32:18.5705387Z Removing includeIf entries pointing to credentials config files
Test on node 24.x (ubuntu-latest)	Checkout code	2026-09-16T08:32:18.5711903Z [command]/usr/bin/git config --local --name-only --get-regexp ^includeIf\.gitdir:
Test on node 24.x (ubuntu-latest)	Checkout code	2026-09-16T08:32:18.5746929Z [command]/usr/bin/git submodule foreach --recursive git config --local --show-origin --name-only --get-regexp remote.origin.url
Test on node 24.x (ubuntu-latest)	Checkout code	2026-09-16T08:32:18.5973588Z [command]/usr/bin/git config --file /home/runner/work/_temp/git-credentials-9fd66d94-c6b8-40fb-b25f-03f30bc84125.config http.https://github.com/.extraheader AUTHORIZATION: basic ***
Test on node 24.x (ubuntu-latest)	Checkout code	2026-09-16T08:32:18.6017139Z [command]/usr/bin/git config --local includeIf.gitdir:/home/runner/work/use-m/use-m/.git.path /home/runner/work/_temp/git-credentials-9fd66d94-c6b8-40fb-b25f-03f30bc84125.config
Test on node 24.x (ubuntu-latest)	Checkout code	2026-09-16T08:32:18.6059904Z [command]/usr/bin/git config --local includeIf.gitdir:/home/runner/work/use-m/use-m/.git/worktrees/*.path /home/runner/work/_temp/git-credentials-9fd66d94-c6b8-40fb-b25f-03f30bc84125.config
Test on node 24.x (ubuntu-latest)	Checkout code	2026-09-16T08:32:18.6095101Z [command]/usr/bin/git config --local includeIf.gitdir:/github/workspace/.git.path /github/runner_temp/git-credentials-9fd66d94-c6b8-40fb-b25f-03f30bc84125.config
Test on node 24.x (ubuntu-latest)	Checkout code	2026-09-16T08:32:18.6128097Z [command]/usr/bin/git config --local includeIf.gitdir:/github/workspace/.git/worktrees/*.path /github/runner_temp/git-credentials-9fd66d94-c6b8-40fb-b25f-03f30bc84125.config
Test on node 24.x (ubuntu-latest)	Checkout code	2026-09-16T08:32:18.6157859Z ##[endgroup]
Test on node 24.x (ubuntu-latest)	Checkout code	2026-09-16T08:32:18.6158763Z ##[group]Fetching the repository
Test on node 24.x (ubuntu-latest)	Checkout code	2026-09-16T08:32:18.6165320Z [command]/usr/bin/git -c protocol.version=2 fetch --no-tags --prune --no-recurse-submodules --depth=1 origin +cf37a7ea6b52c4c42810335e94425a7a2381cf13:refs/remotes/pull/51/merge
Test on node 24.x (ubuntu-latest)	Checkout code	2026-09-16T08:32:19.3250940Z From https://github.com/link-foundation/use-m
Test on node 24.x (ubuntu-latest)	Checkout code	2026-09-16T08:32:19.3252900Z  * [new ref]         cf37a7ea6b52c4c42810335e94425a7a2381cf13 -> pull/51/merge
Test on node 24.x (ubuntu-latest)	Checkout code	2026-09-16T08:32:19.3259671Z ##[endgroup]
Test on node 24.x (ubuntu-latest)	Checkout code	2026-09-16T08:32:19.3261298Z ##[group]Determining the checkout info
Test on node 24.x (ubuntu-latest)	Checkout code	2026-09-16T08:32:19.3262831Z ##[endgroup]
Test on node 24.x (ubuntu-latest)	Checkout code	2026-09-16T08:32:19.3267529Z [command]/usr/bin/git sparse-checkout disable
Test on node 24.x (ubuntu-latest)	Checkout code	2026-09-16T08:32:19.3323350Z [command]/usr/bin/git config --local --unset-all extensions.worktreeConfig
Test on node 24.x (ubuntu-latest)	Checkout code	2026-09-16T08:32:19.3354696Z ##[group]Checking out the ref
Test on node 24.x (ubuntu-latest)	Checkout code	2026-09-16T08:32:19.3357944Z [command]/usr/bin/git checkout --progress --force refs/remotes/pull/51/merge
Test on node 24.x (ubuntu-latest)	Checkout code	2026-09-16T08:32:19.3721059Z Note: switching to 'refs/remotes/pull/51/merge'.
Test on node 24.x (ubuntu-latest)	Checkout code	2026-09-16T08:32:19.3721688Z 
Test on node 24.x (ubuntu-latest)	Checkout code	2026-09-16T08:32:19.3722084Z You are in 'detached HEAD' state. You can look around, make experimental
Test on node 24.x (ubuntu-latest)	Checkout code	2026-09-16T08:32:19.3723140Z changes and commit them, and you can discard any commits you make in this
Test on node 24.x (ubuntu-latest)	Checkout code	2026-09-16T08:32:19.3724799Z state without impacting any branches by switching back to a branch.
Test on node 24.x (ubuntu-latest)	Checkout code	2026-09-16T08:32:19.3725733Z 
Test on node 24.x (ubuntu-latest)	Checkout code	2026-09-16T08:32:19.3726369Z If you want to create a new branch to retain commits you create, you may
Test on node 24.x (ubuntu-latest)	Checkout code	2026-09-16T08:32:19.3728081Z do so (now or later) by using -c with the switch command. Example:
Test on node 24.x (ubuntu-latest)	Checkout code	2026-09-16T08:32:19.3728907Z 
Test on node 24.x (ubuntu-latest)	Checkout code	2026-09-16T08:32:19.3729261Z   git switch -c <new-branch-name>
Test on node 24.x (ubuntu-latest)	Checkout code	2026-09-16T08:32:19.3729824Z 
Test on node 24.x (ubuntu-latest)	Checkout code	2026-09-16T08:32:19.3730213Z Or undo this operation with:
Test on node 24.x (ubuntu-latest)	Checkout code	2026-09-16T08:32:19.3730757Z 
Test on node 24.x (ubuntu-latest)	Checkout code	2026-09-16T08:32:19.3731065Z   git switch -
Test on node 24.x (ubuntu-latest)	Checkout code	2026-09-16T08:32:19.3731506Z 
Test on node 24.x (ubuntu-latest)	Checkout code	2026-09-16T08:32:19.3732178Z Turn off this advice by setting config variable advice.detachedHead to false
Test on node 24.x (ubuntu-latest)	Checkout code	2026-09-16T08:32:19.3732758Z 
Test on node 24.x (ubuntu-latest)	Checkout code	2026-09-16T08:32:19.3733401Z HEAD is now at cf37a7e Merge a09e0e662b832c8e029f25fa3f31715ebf733eff into 5378cba033e9105307a25e3f1a176ff689b716f0
Test on node 24.x (ubuntu-latest)	Checkout code	2026-09-16T08:32:19.3736158Z ##[endgroup]
Test on node 24.x (ubuntu-latest)	Checkout code	2026-09-16T08:32:19.3778923Z [command]/usr/bin/git log -1 --format=%H
Test on node 24.x (ubuntu-latest)	Checkout code	2026-09-16T08:32:19.3805929Z cf37a7ea6b52c4c42810335e94425a7a2381cf13
Test on node 24.x (ubuntu-latest)	Setup Node.js	﻿2026-09-16T08:32:19.4151644Z ##[group]Run actions/setup-node@v6
Test on node 24.x (ubuntu-latest)	Setup Node.js	2026-09-16T08:32:19.4152244Z with:
Test on node 24.x (ubuntu-latest)	Setup Node.js	2026-09-16T08:32:19.4152642Z   node-version: 24.x
Test on node 24.x (ubuntu-latest)	Setup Node.js	2026-09-16T08:32:19.4153335Z   cache: npm
Test on node 24.x (ubuntu-latest)	Setup Node.js	2026-09-16T08:32:19.4153768Z   check-latest: false
Test on node 24.x (ubuntu-latest)	Setup Node.js	2026-09-16T08:32:19.4157789Z   token: ***
Test on node 24.x (ubuntu-latest)	Setup Node.js	2026-09-16T08:32:19.4158233Z   package-manager-cache: true
Test on node 24.x (ubuntu-latest)	Setup Node.js	2026-09-16T08:32:19.4158732Z ##[endgroup]
Test on node 24.x (ubuntu-latest)	Setup Node.js	2026-09-16T08:32:19.5528800Z Found in cache @ /opt/hostedtoolcache/node/24.20.0/x64
Test on node 24.x (ubuntu-latest)	Setup Node.js	2026-09-16T08:32:19.5530309Z ##[group]Environment details
Test on node 24.x (ubuntu-latest)	Setup Node.js	2026-09-16T08:32:19.9928830Z node: v24.20.0
Test on node 24.x (ubuntu-latest)	Setup Node.js	2026-09-16T08:32:19.9929824Z npm: 11.19.0
Test on node 24.x (ubuntu-latest)	Setup Node.js	2026-09-16T08:32:19.9930487Z yarn: 1.22.22
Test on node 24.x (ubuntu-latest)	Setup Node.js	2026-09-16T08:32:19.9931917Z ##[endgroup]
Test on node 24.x (ubuntu-latest)	Setup Node.js	2026-09-16T08:32:19.9953334Z [command]/opt/hostedtoolcache/node/24.20.0/x64/bin/npm config get cache
Test on node 24.x (ubuntu-latest)	Setup Node.js	2026-09-16T08:32:20.1047157Z /home/runner/.npm
Test on node 24.x (ubuntu-latest)	Setup Node.js	2026-09-16T08:32:20.3737825Z Cache hit for: node-cache-Linux-x64-npm-12813ae39a61b5fed7681502803cfede24735d033f8430fc26d535be6b212b6a
Test on node 24.x (ubuntu-latest)	Setup Node.js	2026-09-16T08:32:21.6555812Z Received 1837970 of 14420882 (12.7%), 1.8 MBs/sec
Test on node 24.x (ubuntu-latest)	Setup Node.js	2026-09-16T08:32:22.1605487Z Received 14420882 of 14420882 (100.0%), 9.1 MBs/sec
Test on node 24.x (ubuntu-latest)	Setup Node.js	2026-09-16T08:32:22.1606197Z Cache Size: ~14 MB (14420882 B)
Test on node 24.x (ubuntu-latest)	Setup Node.js	2026-09-16T08:32:22.1632510Z [command]/usr/bin/tar -xf /home/runner/work/_temp/c401337f-ad8d-4d19-bed3-640ab943f766/cache.tzst -P -C /home/runner/work/use-m/use-m --use-compress-program unzstd
Test on node 24.x (ubuntu-latest)	Setup Node.js	2026-09-16T08:32:22.2864426Z Cache restored successfully
Test on node 24.x (ubuntu-latest)	Setup Node.js	2026-09-16T08:32:22.2878466Z Cache restored from key: node-cache-Linux-x64-npm-12813ae39a61b5fed7681502803cfede24735d033f8430fc26d535be6b212b6a
Test on node 24.x (ubuntu-latest)	Install dependencies	﻿2026-09-16T08:32:22.3065344Z ##[group]Run npm ci --no-audit --no-fund
Test on node 24.x (ubuntu-latest)	Install dependencies	2026-09-16T08:32:22.3065760Z ^[[36;1mnpm ci --no-audit --no-fund^[[0m
Test on node 24.x (ubuntu-latest)	Install dependencies	2026-09-16T08:32:22.3117681Z shell: /usr/bin/bash -e {0}
Test on node 24.x (ubuntu-latest)	Install dependencies	2026-09-16T08:32:22.3117994Z ##[endgroup]
Test on node 24.x (ubuntu-latest)	Install dependencies	2026-09-16T08:32:30.7211305Z 
Test on node 24.x (ubuntu-latest)	Install dependencies	2026-09-16T08:32:30.7221150Z added 476 packages in 8s
Test on node 24.x (ubuntu-latest)	Install dependencies	2026-09-16T08:32:30.7228484Z npm warn install-scripts 1 package has install scripts not yet covered by allowScripts:
Test on node 24.x (ubuntu-latest)	Install dependencies	2026-09-16T08:32:30.7230767Z npm warn install-scripts   puppeteer@24.16.2 (postinstall: node install.mjs)
Test on node 24.x (ubuntu-latest)	Install dependencies	2026-09-16T08:32:30.7232077Z npm warn install-scripts
Test on node 24.x (ubuntu-latest)	Install dependencies	2026-09-16T08:32:30.7233650Z npm warn install-scripts Run `npm install-scripts ls` to review, or `npm install-scripts approve <pkg>` to allow.
Test on node 24.x (ubuntu-latest)	Audit production dependencies	﻿2026-09-16T08:32:30.7837122Z ##[group]Run npm audit --omit=dev
Test on node 24.x (ubuntu-latest)	Audit production dependencies	2026-09-16T08:32:30.7837891Z ^[[36;1mnpm audit --omit=dev^[[0m
Test on node 24.x (ubuntu-latest)	Audit production dependencies	2026-09-16T08:32:30.7885490Z shell: /usr/bin/bash -e {0}
Test on node 24.x (ubuntu-latest)	Audit production dependencies	2026-09-16T08:32:30.7885938Z ##[endgroup]
Test on node 24.x (ubuntu-latest)	Audit production dependencies	2026-09-16T08:32:31.3108109Z found 0 vulnerabilities
Test on node 24.x (ubuntu-latest)	Run Node.js tests	﻿2026-09-16T08:32:31.3284312Z ##[group]Run npm test -- --runInBand
Test on node 24.x (ubuntu-latest)	Run Node.js tests	2026-09-16T08:32:31.3284876Z ^[[36;1mnpm test -- --runInBand^[[0m
Test on node 24.x (ubuntu-latest)	Run Node.js tests	2026-09-16T08:32:31.3332440Z shell: /usr/bin/bash -e {0}
Test on node 24.x (ubuntu-latest)	Run Node.js tests	2026-09-16T08:32:31.3332878Z ##[endgroup]
Test on node 24.x (ubuntu-latest)	Run Node.js tests	2026-09-16T08:32:31.4420610Z 
Test on node 24.x (ubuntu-latest)	Run Node.js tests	2026-09-16T08:32:31.4421346Z > use-m@8.16.0 test
Test on node 24.x (ubuntu-latest)	Run Node.js tests	2026-09-16T08:32:31.4422376Z > NODE_OPTIONS="--experimental-vm-modules" jest --runInBand
Test on node 24.x (ubuntu-latest)	Run Node.js tests	2026-09-16T08:32:31.4423084Z 
Test on node 24.x (ubuntu-latest)	Run Node.js tests	2026-09-16T08:32:31.9705206Z (node:2375) ExperimentalWarning: VM Modules is an experimental feature and might change at any time
Test on node 24.x (ubuntu-latest)	Run Node.js tests	2026-09-16T08:32:31.9707128Z (Use `node --trace-warnings ...` to show where the warning was created)
Test on node 24.x (ubuntu-latest)	Run Node.js tests	2026-09-16T08:32:34.7943302Z PASS tests/npm-global-prefix.test.cjs
Test on node 24.x (ubuntu-latest)	Run Node.js tests	2026-09-16T08:32:37.5401305Z PASS tests/npm-global-prefix.test.mjs
Test on node 24.x (ubuntu-latest)	Run Node.js tests	2026-09-16T08:32:37.6849614Z PASS tests/load.test.mjs
Test on node 24.x (ubuntu-latest)	Run Node.js tests	2026-09-16T08:32:37.8469165Z PASS tests/load.test.cjs
Test on node 24.x (ubuntu-latest)	Run Node.js tests	2026-09-16T08:32:37.9514286Z PASS tests/builtin-nodejs.test.cjs
Test on node 24.x (ubuntu-latest)	Run Node.js tests	2026-09-16T08:32:38.0578797Z PASS tests/builtin-nodejs.test.mjs
Test on node 24.x (ubuntu-latest)	Run Node.js tests	2026-09-16T08:32:38.1570034Z PASS tests/fs-promises.test.mjs
Test on node 24.x (ubuntu-latest)	Run Node.js tests	2026-09-16T08:32:38.2899092Z PASS tests/builtin-backward-compatibility.test.cjs
Test on node 24.x (ubuntu-latest)	Run Node.js tests	2026-09-16T08:32:38.4350397Z PASS tests/builtin-backward-compatibility.test.mjs
Test on node 24.x (ubuntu-latest)	Run Node.js tests	2026-09-16T08:32:38.5138670Z PASS tests/release-workflow-policy.test.mjs
Test on node 24.x (ubuntu-latest)	Run Node.js tests	2026-09-16T08:32:38.5979232Z PASS tests/fallback.test.cjs
Test on node 24.x (ubuntu-latest)	Run Node.js tests	2026-09-16T08:32:38.6896051Z PASS tests/fallback.test.mjs
Test on node 24.x (ubuntu-latest)	Run Node.js tests	2026-09-16T08:32:43.4722413Z PASS tests/resolvers.test.mjs
Test on node 24.x (ubuntu-latest)	Run Node.js tests	2026-09-16T08:32:46.8786478Z PASS tests/builtin-browser.test.mjs
Test on node 24.x (ubuntu-latest)	Run Node.js tests	2026-09-16T08:32:48.7638999Z PASS tests/relative-paths-browser.test.mjs
Test on node 24.x (ubuntu-latest)	Run Node.js tests	2026-09-16T08:32:51.0818218Z PASS tests/resolvers.test.cjs
Test on node 24.x (ubuntu-latest)	Run Node.js tests	2026-09-16T08:32:53.2886085Z PASS tests/use.test.cjs
Test on node 24.x (ubuntu-latest)	Run Node.js tests	2026-09-16T08:32:53.3697465Z PASS tests/filename.test.mjs
Test on node 24.x (ubuntu-latest)	Run Node.js tests	2026-09-16T08:32:53.4749018Z PASS tests/root-entries.test.mjs
Test on node 24.x (ubuntu-latest)	Run Node.js tests	2026-09-16T08:32:54.4489262Z PASS tests/use.test.mjs
Test on node 24.x (ubuntu-latest)	Run Node.js tests	2026-09-16T08:32:54.5508331Z (node:2375) [DEP0125] DeprecationWarning: The _stream_wrap module is deprecated.
Test on node 24.x (ubuntu-latest)	Run Node.js tests	2026-09-16T08:32:54.5509904Z (node:2375) [DEP0025] DeprecationWarning: sys is deprecated. Use util instead.
Test on node 24.x (ubuntu-latest)	Run Node.js tests	2026-09-16T08:32:54.5511158Z (node:2375) ExperimentalWarning: WASI is an experimental feature and might change at any time
Test on node 24.x (ubuntu-latest)	Run Node.js tests	2026-09-16T08:32:54.5511943Z PASS tests/dynamic-builtins.test.cjs
Test on node 24.x (ubuntu-latest)	Run Node.js tests	2026-09-16T08:32:54.6427559Z PASS tests/dynamic-builtins.test.mjs
Test on node 24.x (ubuntu-latest)	Run Node.js tests	2026-09-16T08:32:54.7259757Z PASS tests/filename.test.cjs
Test on node 24.x (ubuntu-latest)	Run Node.js tests	2026-09-16T08:33:04.4393811Z PASS tests/esm-sh-polyfill-browser.test.mjs (9.711 s)
Test on node 24.x (ubuntu-latest)	Run Node.js tests	2026-09-16T08:33:04.8438597Z PASS tests/builtin-errors.test.mjs
Test on node 24.x (ubuntu-latest)	Run Node.js tests	2026-09-16T08:33:05.2137143Z PASS tests/builtin-errors.test.cjs
Test on node 24.x (ubuntu-latest)	Run Node.js tests	2026-09-16T08:33:05.7492291Z PASS tests/relative-paths.test.cjs
Test on node 24.x (ubuntu-latest)	Run Node.js tests	2026-09-16T08:33:05.9388643Z PASS tests/relative-paths.test.mjs
Test on node 24.x (ubuntu-latest)	Run Node.js tests	2026-09-16T08:33:06.0254233Z PASS tests/module-specifier.test.cjs
Test on node 24.x (ubuntu-latest)	Run Node.js tests	2026-09-16T08:33:06.1185029Z PASS tests/module-specifier.test.mjs
Test on node 24.x (ubuntu-latest)	Run Node.js tests	2026-09-16T08:33:06.2063075Z PASS tests/deno-support.test.cjs
Test on node 24.x (ubuntu-latest)	Run Node.js tests	2026-09-16T08:33:06.2927161Z PASS tests/deno-support.test.mjs
Test on node 24.x (ubuntu-latest)	Run Node.js tests	2026-09-16T08:33:06.4295778Z PASS tests/relative-paths.integration.test.mjs
Test on node 24.x (ubuntu-latest)	Run Node.js tests	2026-09-16T08:33:06.4396886Z   ● Console
Test on node 24.x (ubuntu-latest)	Run Node.js tests	2026-09-16T08:33:06.4397189Z 
Test on node 24.x (ubuntu-latest)	Run Node.js tests	2026-09-16T08:33:06.4397588Z     console.log
Test on node 24.x (ubuntu-latest)	Run Node.js tests	2026-09-16T08:33:06.4398108Z       /home/runner/work/use-m/use-m/tests
Test on node 24.x (ubuntu-latest)	Run Node.js tests	2026-09-16T08:33:06.4398480Z 
Test on node 24.x (ubuntu-latest)	Run Node.js tests	2026-09-16T08:33:06.4399012Z       at Object.<anonymous> (tests/relative-paths.integration.test.mjs:29:15)
Test on node 24.x (ubuntu-latest)	Run Node.js tests	2026-09-16T08:33:06.4399619Z 
Test on node 24.x (ubuntu-latest)	Run Node.js tests	2026-09-16T08:33:06.4399787Z     console.log
Test on node 24.x (ubuntu-latest)	Run Node.js tests	2026-09-16T08:33:06.4400883Z       Testing relative paths from tests directory...
Test on node 24.x (ubuntu-latest)	Run Node.js tests	2026-09-16T08:33:06.4401434Z       
Test on node 24.x (ubuntu-latest)	Run Node.js tests	2026-09-16T08:33:06.4401922Z       1. Testing ./browser-server/test-helper.js
Test on node 24.x (ubuntu-latest)	Run Node.js tests	2026-09-16T08:33:06.4402660Z          ✓ Message: Helper module loaded
Test on node 24.x (ubuntu-latest)	Run Node.js tests	2026-09-16T08:33:06.4403143Z       
Test on node 24.x (ubuntu-latest)	Run Node.js tests	2026-09-16T08:33:06.4403581Z       2. Testing ./browser-server/test-data.json
Test on node 24.x (ubuntu-latest)	Run Node.js tests	2026-09-16T08:33:06.4404170Z          ✓ Value: 123
Test on node 24.x (ubuntu-latest)	Run Node.js tests	2026-09-16T08:33:06.4404770Z          ✓ Test: data
Test on node 24.x (ubuntu-latest)	Run Node.js tests	2026-09-16T08:33:06.4405121Z       
Test on node 24.x (ubuntu-latest)	Run Node.js tests	2026-09-16T08:33:06.4405489Z       3. Testing ../src/use.mjs
Test on node 24.x (ubuntu-latest)	Run Node.js tests	2026-09-16T08:33:06.4406542Z          ✓ use function exists: true
Test on node 24.x (ubuntu-latest)	Run Node.js tests	2026-09-16T08:33:06.4406987Z       
Test on node 24.x (ubuntu-latest)	Run Node.js tests	2026-09-16T08:33:06.4407728Z       4. Testing ./browser-server/subfolder/nested.js
Test on node 24.x (ubuntu-latest)	Run Node.js tests	2026-09-16T08:33:06.4408476Z          ✓ Nested: true Level: subfolder
Test on node 24.x (ubuntu-latest)	Run Node.js tests	2026-09-16T08:33:06.4408956Z       
Test on node 24.x (ubuntu-latest)	Run Node.js tests	2026-09-16T08:33:06.4409452Z       5. Testing ./browser-server/subfolder/nested-data.json
Test on node 24.x (ubuntu-latest)	Run Node.js tests	2026-09-16T08:33:06.4410177Z          ✓ Level: nested Depth: 1
Test on node 24.x (ubuntu-latest)	Run Node.js tests	2026-09-16T08:33:06.4410659Z       
Test on node 24.x (ubuntu-latest)	Run Node.js tests	2026-09-16T08:33:06.4411061Z       6. Testing ../package.json
Test on node 24.x (ubuntu-latest)	Run Node.js tests	2026-09-16T08:33:06.4411717Z          ✓ Package name: use-m
Test on node 24.x (ubuntu-latest)	Run Node.js tests	2026-09-16T08:33:06.4412135Z       
Test on node 24.x (ubuntu-latest)	Run Node.js tests	2026-09-16T08:33:06.4412604Z       ✅ All direct tests passed!
Test on node 24.x (ubuntu-latest)	Run Node.js tests	2026-09-16T08:33:06.4412902Z 
Test on node 24.x (ubuntu-latest)	Run Node.js tests	2026-09-16T08:33:06.4413390Z       at Object.<anonymous> (tests/relative-paths.integration.test.mjs:39:15)
Test on node 24.x (ubuntu-latest)	Run Node.js tests	2026-09-16T08:33:06.4413972Z 
Test on node 24.x (ubuntu-latest)	Run Node.js tests	2026-09-16T08:33:06.5339817Z PASS tests/builtin-universal.test.cjs
Test on node 24.x (ubuntu-latest)	Run Node.js tests	2026-09-16T08:33:06.6357700Z PASS tests/builtin-universal.test.mjs
Test on node 24.x (ubuntu-latest)	Run Node.js tests	2026-09-16T08:33:07.1562986Z PASS tests/loader.test.mjs
Test on node 24.x (ubuntu-latest)	Run Node.js tests	2026-09-16T08:33:07.2556115Z PASS tests/network-imports.test.mjs
Test on node 24.x (ubuntu-latest)	Run Node.js tests	2026-09-16T08:33:07.3556564Z PASS tests/network-imports.test.cjs
Test on node 24.x (ubuntu-latest)	Run Node.js tests	2026-09-16T08:33:07.4553720Z PASS tests/script-sync.test.mjs
Test on node 24.x (ubuntu-latest)	Run Node.js tests	2026-09-16T08:33:09.5214746Z PASS tests/lodash.test.mjs
Test on node 24.x (ubuntu-latest)	Run Node.js tests	2026-09-16T08:33:09.6057716Z PASS tests/get-script-url.test.cjs
Test on node 24.x (ubuntu-latest)	Run Node.js tests	2026-09-16T08:33:11.2327815Z PASS tests/lodash.test.cjs
Test on node 24.x (ubuntu-latest)	Run Node.js tests	2026-09-16T08:33:11.3181845Z PASS tests/get-script-url.test.mjs
Test on node 24.x (ubuntu-latest)	Run Node.js tests	2026-09-16T08:33:12.0946341Z PASS tests/command-stream.test.cjs
Test on node 24.x (ubuntu-latest)	Run Node.js tests	2026-09-16T08:33:12.4566343Z PASS tests/command-stream.test.mjs
Test on node 24.x (ubuntu-latest)	Run Node.js tests	2026-09-16T08:33:12.5381940Z PASS tests/import.test.cjs
Test on node 24.x (ubuntu-latest)	Run Node.js tests	2026-09-16T08:33:12.6189129Z PASS tests/import.test.mjs
Test on node 24.x (ubuntu-latest)	Run Node.js tests	2026-09-16T08:33:14.5652260Z PASS tests/typescript.test.cjs
Test on node 24.x (ubuntu-latest)	Run Node.js tests	2026-09-16T08:33:15.2034227Z PASS tests/typescript.test.mjs
Test on node 24.x (ubuntu-latest)	Run Node.js tests	2026-09-16T08:33:15.2050105Z 
Test on node 24.x (ubuntu-latest)	Run Node.js tests	2026-09-16T08:33:15.2058936Z Test Suites: 49 passed, 49 total
Test on node 24.x (ubuntu-latest)	Run Node.js tests	2026-09-16T08:33:15.2059517Z Tests:       458 passed, 458 total
Test on node 24.x (ubuntu-latest)	Run Node.js tests	2026-09-16T08:33:15.2059986Z Snapshots:   0 total
Test on node 24.x (ubuntu-latest)	Run Node.js tests	2026-09-16T08:33:15.2060411Z Time:        43.429 s
Test on node 24.x (ubuntu-latest)	Run Node.js tests	2026-09-16T08:33:15.2060833Z Ran all test suites.
Test on node 24.x (ubuntu-latest)	Post Setup Node.js	﻿2026-09-16T08:33:15.3716706Z Post job cleanup.
Test on node 24.x (ubuntu-latest)	Post Setup Node.js	2026-09-16T08:33:15.4923576Z Cache hit occurred on the primary key node-cache-Linux-x64-npm-12813ae39a61b5fed7681502803cfede24735d033f8430fc26d535be6b212b6a, not saving cache.
Test on node 24.x (ubuntu-latest)	Post Checkout code	﻿2026-09-16T08:33:15.5086084Z Post job cleanup.
Test on node 24.x (ubuntu-latest)	Post Checkout code	2026-09-16T08:33:15.5978205Z [command]/usr/bin/git version
Test on node 24.x (ubuntu-latest)	Post Checkout code	2026-09-16T08:33:15.6010802Z git version 2.55.0
Test on node 24.x (ubuntu-latest)	Post Checkout code	2026-09-16T08:33:15.6053926Z Temporarily overriding HOME='/home/runner/work/_temp/3c61cf5e-e187-4ca0-b1c3-96c7b5873ac9' before making global git config changes
Test on node 24.x (ubuntu-latest)	Post Checkout code	2026-09-16T08:33:15.6055570Z Adding repository directory to the temporary git global config as a safe directory
Test on node 24.x (ubuntu-latest)	Post Checkout code	2026-09-16T08:33:15.6060303Z [command]/usr/bin/git config --global --add safe.directory /home/runner/work/use-m/use-m
Test on node 24.x (ubuntu-latest)	Post Checkout code	2026-09-16T08:33:15.6093168Z Removing SSH command configuration
Test on node 24.x (ubuntu-latest)	Post Checkout code	2026-09-16T08:33:15.6099755Z [command]/usr/bin/git config --local --name-only --get-regexp core\.sshCommand
Test on node 24.x (ubuntu-latest)	Post Checkout code	2026-09-16T08:33:15.6136325Z [command]/usr/bin/git submodule foreach --recursive sh -c "git config --local --name-only --get-regexp 'core\.sshCommand' && git config --local --unset-all 'core.sshCommand' || :"
Test on node 24.x (ubuntu-latest)	Post Checkout code	2026-09-16T08:33:15.6380337Z Removing HTTP extra header
Test on node 24.x (ubuntu-latest)	Post Checkout code	2026-09-16T08:33:15.6386108Z [command]/usr/bin/git config --local --name-only --get-regexp http\.https\:\/\/github\.com\/\.extraheader
Test on node 24.x (ubuntu-latest)	Post Checkout code	2026-09-16T08:33:15.6424092Z [command]/usr/bin/git submodule foreach --recursive sh -c "git config --local --name-only --get-regexp 'http\.https\:\/\/github\.com\/\.extraheader' && git config --local --unset-all 'http.https://github.com/.extraheader' || :"
Test on node 24.x (ubuntu-latest)	Post Checkout code	2026-09-16T08:33:15.6694771Z Removing includeIf entries pointing to credentials config files
Test on node 24.x (ubuntu-latest)	Post Checkout code	2026-09-16T08:33:15.6706696Z [command]/usr/bin/git config --local --name-only --get-regexp ^includeIf\.gitdir:
Test on node 24.x (ubuntu-latest)	Post Checkout code	2026-09-16T08:33:15.6734461Z includeif.gitdir:/home/runner/work/use-m/use-m/.git.path
Test on node 24.x (ubuntu-latest)	Post Checkout code	2026-09-16T08:33:15.6735635Z includeif.gitdir:/home/runner/work/use-m/use-m/.git/worktrees/*.path
Test on node 24.x (ubuntu-latest)	Post Checkout code	2026-09-16T08:33:15.6736713Z includeif.gitdir:/github/workspace/.git.path
Test on node 24.x (ubuntu-latest)	Post Checkout code	2026-09-16T08:33:15.6737801Z includeif.gitdir:/github/workspace/.git/worktrees/*.path
Test on node 24.x (ubuntu-latest)	Post Checkout code	2026-09-16T08:33:15.6745730Z [command]/usr/bin/git config --local --get-all includeif.gitdir:/home/runner/work/use-m/use-m/.git.path
Test on node 24.x (ubuntu-latest)	Post Checkout code	2026-09-16T08:33:15.6775041Z /home/runner/work/_temp/git-credentials-9fd66d94-c6b8-40fb-b25f-03f30bc84125.config
Test on node 24.x (ubuntu-latest)	Post Checkout code	2026-09-16T08:33:15.6788915Z [command]/usr/bin/git config --local --unset includeif.gitdir:/home/runner/work/use-m/use-m/.git.path /home/runner/work/_temp/git-credentials-9fd66d94-c6b8-40fb-b25f-03f30bc84125.config
Test on node 24.x (ubuntu-latest)	Post Checkout code	2026-09-16T08:33:15.6829433Z [command]/usr/bin/git config --local --get-all includeif.gitdir:/home/runner/work/use-m/use-m/.git/worktrees/*.path
Test on node 24.x (ubuntu-latest)	Post Checkout code	2026-09-16T08:33:15.6858313Z /home/runner/work/_temp/git-credentials-9fd66d94-c6b8-40fb-b25f-03f30bc84125.config
Test on node 24.x (ubuntu-latest)	Post Checkout code	2026-09-16T08:33:15.6872466Z [command]/usr/bin/git config --local --unset includeif.gitdir:/home/runner/work/use-m/use-m/.git/worktrees/*.path /home/runner/work/_temp/git-credentials-9fd66d94-c6b8-40fb-b25f-03f30bc84125.config
Test on node 24.x (ubuntu-latest)	Post Checkout code	2026-09-16T08:33:15.6914904Z [command]/usr/bin/git config --local --get-all includeif.gitdir:/github/workspace/.git.path
Test on node 24.x (ubuntu-latest)	Post Checkout code	2026-09-16T08:33:15.6941738Z /github/runner_temp/git-credentials-9fd66d94-c6b8-40fb-b25f-03f30bc84125.config
Test on node 24.x (ubuntu-latest)	Post Checkout code	2026-09-16T08:33:15.6951630Z [command]/usr/bin/git config --local --unset includeif.gitdir:/github/workspace/.git.path /github/runner_temp/git-credentials-9fd66d94-c6b8-40fb-b25f-03f30bc84125.config
Test on node 24.x (ubuntu-latest)	Post Checkout code	2026-09-16T08:33:15.6996135Z [command]/usr/bin/git config --local --get-all includeif.gitdir:/github/workspace/.git/worktrees/*.path
Test on node 24.x (ubuntu-latest)	Post Checkout code	2026-09-16T08:33:15.7022403Z /github/runner_temp/git-credentials-9fd66d94-c6b8-40fb-b25f-03f30bc84125.config
Test on node 24.x (ubuntu-latest)	Post Checkout code	2026-09-16T08:33:15.7033622Z [command]/usr/bin/git config --local --unset includeif.gitdir:/github/workspace/.git/worktrees/*.path /github/runner_temp/git-credentials-9fd66d94-c6b8-40fb-b25f-03f30bc84125.config
Test on node 24.x (ubuntu-latest)	Post Checkout code	2026-09-16T08:33:15.7077542Z [command]/usr/bin/git submodule foreach --recursive git config --local --show-origin --name-only --get-regexp remote.origin.url
Test on node 24.x (ubuntu-latest)	Post Checkout code	2026-09-16T08:33:15.7301310Z Removing credentials config '/home/runner/work/_temp/git-credentials-9fd66d94-c6b8-40fb-b25f-03f30bc84125.config'
Test on node 24.x (ubuntu-latest)	Complete job	﻿2026-09-16T08:33:15.7456524Z Cleaning up orphan processes
Test on deno 20.x (macos-latest)	Set up job	﻿2026-09-16T08:32:21.4872350Z Current runner version: '2.337.0'
Test on deno 20.x (macos-latest)	Set up job	2026-09-16T08:32:21.4914790Z ##[group]Runner Image Provisioner
Test on deno 20.x (macos-latest)	Set up job	2026-09-16T08:32:21.4915690Z Hosted Compute Agent
Test on deno 20.x (macos-latest)	Set up job	2026-09-16T08:32:21.4916150Z Version: 20260828.587
Test on deno 20.x (macos-latest)	Set up job	2026-09-16T08:32:21.4916650Z Commit: abac92662cab4cc7352de4f9f9d2e2419aad9c29
Test on deno 20.x (macos-latest)	Set up job	2026-09-16T08:32:21.4917150Z Build Date: 2026-08-28T16:44:25Z
Test on deno 20.x (macos-latest)	Set up job	2026-09-16T08:32:21.4919010Z Worker ID: {309fe701-fe49-4115-81ee-95072506e93f}
Test on deno 20.x (macos-latest)	Set up job	2026-09-16T08:32:21.4919790Z Azure Region: westus
Test on deno 20.x (macos-latest)	Set up job	2026-09-16T08:32:21.4920320Z ##[endgroup]
Test on deno 20.x (macos-latest)	Set up job	2026-09-16T08:32:21.4921680Z ##[group]Operating System
Test on deno 20.x (macos-latest)	Set up job	2026-09-16T08:32:21.4922100Z macOS
Test on deno 20.x (macos-latest)	Set up job	2026-09-16T08:32:21.4922520Z 26.6.2
Test on deno 20.x (macos-latest)	Set up job	2026-09-16T08:32:21.4922860Z 25G83
Test on deno 20.x (macos-latest)	Set up job	2026-09-16T08:32:21.4923200Z ##[endgroup]
Test on deno 20.x (macos-latest)	Set up job	2026-09-16T08:32:21.4923630Z ##[group]Runner Image
Test on deno 20.x (macos-latest)	Set up job	2026-09-16T08:32:21.4924110Z Image: macos-26-arm64
Test on deno 20.x (macos-latest)	Set up job	2026-09-16T08:32:21.4924520Z Version: 20260907.0351.1
Test on deno 20.x (macos-latest)	Set up job	2026-09-16T08:32:21.4925430Z Included Software: https://github.com/actions/runner-images/blob/macos-26-arm64/20260907.0351/images/macos/macos-26-arm64-Readme.md
Test on deno 20.x (macos-latest)	Set up job	2026-09-16T08:32:21.4926840Z Image Release: https://github.com/actions/runner-images/releases/tag/macos-26-arm64%2F20260907.0351
Test on deno 20.x (macos-latest)	Set up job	2026-09-16T08:32:21.4927570Z ##[endgroup]
Test on deno 20.x (macos-latest)	Set up job	2026-09-16T08:32:21.4928420Z ##[group]GITHUB_TOKEN Permissions
Test on deno 20.x (macos-latest)	Set up job	2026-09-16T08:32:21.4929850Z Contents: read
Test on deno 20.x (macos-latest)	Set up job	2026-09-16T08:32:21.4930250Z Metadata: read
Test on deno 20.x (macos-latest)	Set up job	2026-09-16T08:32:21.4930700Z ##[endgroup]
Test on deno 20.x (macos-latest)	Set up job	2026-09-16T08:32:21.4932390Z Secret source: Actions
Test on deno 20.x (macos-latest)	Set up job	2026-09-16T08:32:21.4933080Z Cache mode: write
Test on deno 20.x (macos-latest)	Set up job	2026-09-16T08:32:21.4933710Z Prepare workflow directory
Test on deno 20.x (macos-latest)	Set up job	2026-09-16T08:32:21.5277940Z Prepare all required actions
Test on deno 20.x (macos-latest)	Set up job	2026-09-16T08:32:21.5325950Z Getting action download info
Test on deno 20.x (macos-latest)	Set up job	2026-09-16T08:32:21.9971980Z Download action repository 'actions/checkout@v6' (SHA:d23441a48e516b6c34aea4fa41551a30e30af803)
Test on deno 20.x (macos-latest)	Set up job	2026-09-16T08:32:22.3125940Z Download action repository 'actions/setup-node@v6' (SHA:249970729cb0ef3589644e2896645e5dc5ba9c38)
Test on deno 20.x (macos-latest)	Set up job	2026-09-16T08:32:22.4450640Z Download action repository 'oven-sh/setup-bun@v2' (SHA:0c5077e51419868618aeaa5fe8019c62421857d6)
Test on deno 20.x (macos-latest)	Set up job	2026-09-16T08:32:22.9283860Z Download action repository 'denoland/setup-deno@v2' (SHA:22d081ff2d3a40755e97629de92e3bcbfa7cf2ed)
Test on deno 20.x (macos-latest)	Set up job	2026-09-16T08:32:23.5350680Z Complete job name: Test on deno 20.x (macos-latest)
Test on deno 20.x (macos-latest)	Checkout code	﻿2026-09-16T08:32:23.6195870Z ##[group]Run actions/checkout@v6
Test on deno 20.x (macos-latest)	Checkout code	2026-09-16T08:32:23.6197170Z with:
Test on deno 20.x (macos-latest)	Checkout code	2026-09-16T08:32:23.6197780Z   repository: link-foundation/use-m
Test on deno 20.x (macos-latest)	Checkout code	2026-09-16T08:32:23.6204360Z   token: ***
Test on deno 20.x (macos-latest)	Checkout code	2026-09-16T08:32:23.6204930Z   ssh-strict: true
Test on deno 20.x (macos-latest)	Checkout code	2026-09-16T08:32:23.6205510Z   ssh-user: git
Test on deno 20.x (macos-latest)	Checkout code	2026-09-16T08:32:23.6206090Z   persist-credentials: true
Test on deno 20.x (macos-latest)	Checkout code	2026-09-16T08:32:23.6208450Z   clean: true
Test on deno 20.x (macos-latest)	Checkout code	2026-09-16T08:32:23.6210160Z   sparse-checkout-cone-mode: true
Test on deno 20.x (macos-latest)	Checkout code	2026-09-16T08:32:23.6211270Z   fetch-depth: 1
Test on deno 20.x (macos-latest)	Checkout code	2026-09-16T08:32:23.6212000Z   fetch-tags: false
Test on deno 20.x (macos-latest)	Checkout code	2026-09-16T08:32:23.6212720Z   show-progress: true
Test on deno 20.x (macos-latest)	Checkout code	2026-09-16T08:32:23.6213420Z   lfs: false
Test on deno 20.x (macos-latest)	Checkout code	2026-09-16T08:32:23.6214070Z   submodules: false
Test on deno 20.x (macos-latest)	Checkout code	2026-09-16T08:32:23.6214800Z   set-safe-directory: true
Test on deno 20.x (macos-latest)	Checkout code	2026-09-16T08:32:23.6215500Z   allow-unsafe-pr-checkout: false
Test on deno 20.x (macos-latest)	Checkout code	2026-09-16T08:32:23.6217180Z ##[endgroup]
Test on deno 20.x (macos-latest)	Checkout code	2026-09-16T08:32:24.1116850Z Syncing repository: link-foundation/use-m
Test on deno 20.x (macos-latest)	Checkout code	2026-09-16T08:32:24.1119170Z ##[group]Getting Git version info
Test on deno 20.x (macos-latest)	Checkout code	2026-09-16T08:32:24.1120430Z Working directory is '/Users/runner/work/use-m/use-m'
Test on deno 20.x (macos-latest)	Checkout code	2026-09-16T08:32:24.1122760Z [command]/opt/homebrew/bin/git version
Test on deno 20.x (macos-latest)	Checkout code	2026-09-16T08:32:24.1723890Z git version 2.55.0
Test on deno 20.x (macos-latest)	Checkout code	2026-09-16T08:32:24.1763180Z ##[endgroup]
Test on deno 20.x (macos-latest)	Checkout code	2026-09-16T08:32:24.1781950Z Copying '/Users/runner/.gitconfig' to '/Users/runner/work/_temp/a3f99bb7-39c6-467b-9b3e-9caa460d10a2/.gitconfig'
Test on deno 20.x (macos-latest)	Checkout code	2026-09-16T08:32:24.1797330Z Temporarily overriding HOME='/Users/runner/work/_temp/a3f99bb7-39c6-467b-9b3e-9caa460d10a2' before making global git config changes
Test on deno 20.x (macos-latest)	Checkout code	2026-09-16T08:32:24.1800160Z Adding repository directory to the temporary git global config as a safe directory
Test on deno 20.x (macos-latest)	Checkout code	2026-09-16T08:32:24.1804680Z [command]/opt/homebrew/bin/git config --global --add safe.directory /Users/runner/work/use-m/use-m
Test on deno 20.x (macos-latest)	Checkout code	2026-09-16T08:32:24.1967170Z Deleting the contents of '/Users/runner/work/use-m/use-m'
Test on deno 20.x (macos-latest)	Checkout code	2026-09-16T08:32:24.1971790Z ##[group]Determining repository object format
Test on deno 20.x (macos-latest)	Checkout code	2026-09-16T08:32:24.1973140Z ##[endgroup]
Test on deno 20.x (macos-latest)	Checkout code	2026-09-16T08:32:24.1976690Z ##[group]Initializing the repository
Test on deno 20.x (macos-latest)	Checkout code	2026-09-16T08:32:24.1985990Z [command]/opt/homebrew/bin/git init /Users/runner/work/use-m/use-m
Test on deno 20.x (macos-latest)	Checkout code	2026-09-16T08:32:24.2386730Z hint: Using 'master' as the name for the initial branch. This default branch name
Test on deno 20.x (macos-latest)	Checkout code	2026-09-16T08:32:24.2388520Z hint: will change to "main" in Git 3.0. To configure the initial branch name
Test on deno 20.x (macos-latest)	Checkout code	2026-09-16T08:32:24.2390230Z hint: to use in all of your new repositories, which will suppress this warning,
Test on deno 20.x (macos-latest)	Checkout code	2026-09-16T08:32:24.2392770Z hint: call:
Test on deno 20.x (macos-latest)	Checkout code	2026-09-16T08:32:24.2394380Z hint:
Test on deno 20.x (macos-latest)	Checkout code	2026-09-16T08:32:24.2396460Z hint: 	git config --global init.defaultBranch <name>
Test on deno 20.x (macos-latest)	Checkout code	2026-09-16T08:32:24.2398450Z hint:
Test on deno 20.x (macos-latest)	Checkout code	2026-09-16T08:32:24.2466320Z hint: Names commonly chosen instead of 'master' are 'main', 'trunk' and
Test on deno 20.x (macos-latest)	Checkout code	2026-09-16T08:32:24.2468680Z hint: 'development'. The just-created branch can be renamed via this command:
Test on deno 20.x (macos-latest)	Checkout code	2026-09-16T08:32:24.2469970Z hint:
Test on deno 20.x (macos-latest)	Checkout code	2026-09-16T08:32:24.2471200Z hint: 	git branch -m <name>
Test on deno 20.x (macos-latest)	Checkout code	2026-09-16T08:32:24.2472410Z hint:
Test on deno 20.x (macos-latest)	Checkout code	2026-09-16T08:32:24.2473690Z hint: Disable this message with "git config set advice.defaultBranchName false"
Test on deno 20.x (macos-latest)	Checkout code	2026-09-16T08:32:24.2476580Z Initialized empty Git repository in /Users/runner/work/use-m/use-m/.git/
Test on deno 20.x (macos-latest)	Checkout code	2026-09-16T08:32:24.2479890Z [command]/opt/homebrew/bin/git remote add origin https://github.com/link-foundation/use-m
Test on deno 20.x (macos-latest)	Checkout code	2026-09-16T08:32:24.2542390Z ##[endgroup]
Test on deno 20.x (macos-latest)	Checkout code	2026-09-16T08:32:24.2543920Z ##[group]Disabling automatic garbage collection
Test on deno 20.x (macos-latest)	Checkout code	2026-09-16T08:32:24.2545080Z [command]/opt/homebrew/bin/git config --local gc.auto 0
Test on deno 20.x (macos-latest)	Checkout code	2026-09-16T08:32:24.2632350Z ##[endgroup]
Test on deno 20.x (macos-latest)	Checkout code	2026-09-16T08:32:24.2635000Z ##[group]Setting up auth
Test on deno 20.x (macos-latest)	Checkout code	2026-09-16T08:32:24.2637020Z Removing SSH command configuration
Test on deno 20.x (macos-latest)	Checkout code	2026-09-16T08:32:24.2655940Z [command]/opt/homebrew/bin/git config --local --name-only --get-regexp core\.sshCommand
Test on deno 20.x (macos-latest)	Checkout code	2026-09-16T08:32:24.2770860Z [command]/opt/homebrew/bin/git submodule foreach --recursive sh -c "git config --local --name-only --get-regexp 'core\.sshCommand' && git config --local --unset-all 'core.sshCommand' || :"
Test on deno 20.x (macos-latest)	Checkout code	2026-09-16T08:32:24.4163950Z Removing HTTP extra header
Test on deno 20.x (macos-latest)	Checkout code	2026-09-16T08:32:24.4173980Z [command]/opt/homebrew/bin/git config --local --name-only --get-regexp http\.https\:\/\/github\.com\/\.extraheader
Test on deno 20.x (macos-latest)	Checkout code	2026-09-16T08:32:24.4252280Z [command]/opt/homebrew/bin/git submodule foreach --recursive sh -c "git config --local --name-only --get-regexp 'http\.https\:\/\/github\.com\/\.extraheader' && git config --local --unset-all 'http.https://github.com/.extraheader' || :"
Test on deno 20.x (macos-latest)	Checkout code	2026-09-16T08:32:24.5628300Z Removing includeIf entries pointing to credentials config files
Test on deno 20.x (macos-latest)	Checkout code	2026-09-16T08:32:24.5632730Z [command]/opt/homebrew/bin/git config --local --name-only --get-regexp ^includeIf\.gitdir:
Test on deno 20.x (macos-latest)	Checkout code	2026-09-16T08:32:24.5742420Z [command]/opt/homebrew/bin/git submodule foreach --recursive git config --local --show-origin --name-only --get-regexp remote.origin.url
Test on deno 20.x (macos-latest)	Checkout code	2026-09-16T08:32:24.7091350Z [command]/opt/homebrew/bin/git config --file /Users/runner/work/_temp/git-credentials-1a008df0-f061-4547-b560-ecc0d1370700.config http.https://github.com/.extraheader AUTHORIZATION: basic ***
Test on deno 20.x (macos-latest)	Checkout code	2026-09-16T08:32:24.7182900Z [command]/opt/homebrew/bin/git config --local includeIf.gitdir:/Users/runner/work/use-m/use-m/.git.path /Users/runner/work/_temp/git-credentials-1a008df0-f061-4547-b560-ecc0d1370700.config
Test on deno 20.x (macos-latest)	Checkout code	2026-09-16T08:32:24.7273560Z [command]/opt/homebrew/bin/git config --local includeIf.gitdir:/Users/runner/work/use-m/use-m/.git/worktrees/*.path /Users/runner/work/_temp/git-credentials-1a008df0-f061-4547-b560-ecc0d1370700.config
Test on deno 20.x (macos-latest)	Checkout code	2026-09-16T08:32:24.7377480Z [command]/opt/homebrew/bin/git config --local includeIf.gitdir:/github/workspace/.git.path /github/runner_temp/git-credentials-1a008df0-f061-4547-b560-ecc0d1370700.config
Test on deno 20.x (macos-latest)	Checkout code	2026-09-16T08:32:24.7469190Z [command]/opt/homebrew/bin/git config --local includeIf.gitdir:/github/workspace/.git/worktrees/*.path /github/runner_temp/git-credentials-1a008df0-f061-4547-b560-ecc0d1370700.config
Test on deno 20.x (macos-latest)	Checkout code	2026-09-16T08:32:24.7561110Z ##[endgroup]
Test on deno 20.x (macos-latest)	Checkout code	2026-09-16T08:32:24.7563590Z ##[group]Fetching the repository
Test on deno 20.x (macos-latest)	Checkout code	2026-09-16T08:32:24.7569770Z [command]/opt/homebrew/bin/git -c protocol.version=2 fetch --no-tags --prune --no-recurse-submodules --depth=1 origin +cf37a7ea6b52c4c42810335e94425a7a2381cf13:refs/remotes/pull/51/merge
Test on deno 20.x (macos-latest)	Checkout code	2026-09-16T08:32:25.6386210Z From https://github.com/link-foundation/use-m
Test on deno 20.x (macos-latest)	Checkout code	2026-09-16T08:32:25.6390870Z  * [new ref]         cf37a7ea6b52c4c42810335e94425a7a2381cf13 -> pull/51/merge
Test on deno 20.x (macos-latest)	Checkout code	2026-09-16T08:32:25.6395490Z ##[endgroup]
Test on deno 20.x (macos-latest)	Checkout code	2026-09-16T08:32:25.6396920Z ##[group]Determining the checkout info
Test on deno 20.x (macos-latest)	Checkout code	2026-09-16T08:32:25.6398280Z ##[endgroup]
Test on deno 20.x (macos-latest)	Checkout code	2026-09-16T08:32:25.6399050Z [command]/opt/homebrew/bin/git sparse-checkout disable
Test on deno 20.x (macos-latest)	Checkout code	2026-09-16T08:32:25.6554450Z [command]/opt/homebrew/bin/git config --local --unset-all extensions.worktreeConfig
Test on deno 20.x (macos-latest)	Checkout code	2026-09-16T08:32:25.6685030Z ##[group]Checking out the ref
Test on deno 20.x (macos-latest)	Checkout code	2026-09-16T08:32:25.6687450Z [command]/opt/homebrew/bin/git checkout --progress --force refs/remotes/pull/51/merge
Test on deno 20.x (macos-latest)	Checkout code	2026-09-16T08:32:25.7478650Z HEAD is now at cf37a7e Merge a09e0e662b832c8e029f25fa3f31715ebf733eff into 5378cba033e9105307a25e3f1a176ff689b716f0
Test on deno 20.x (macos-latest)	Checkout code	2026-09-16T08:32:25.7487870Z ##[endgroup]
Test on deno 20.x (macos-latest)	Checkout code	2026-09-16T08:32:25.7626090Z [command]/opt/homebrew/bin/git log -1 --format=%H
Test on deno 20.x (macos-latest)	Checkout code	2026-09-16T08:32:25.7764840Z cf37a7ea6b52c4c42810335e94425a7a2381cf13
Test on deno 20.x (macos-latest)	Setup Node.js	﻿2026-09-16T08:32:25.8289210Z ##[group]Run actions/setup-node@v6
Test on deno 20.x (macos-latest)	Setup Node.js	2026-09-16T08:32:25.8289560Z with:
Test on deno 20.x (macos-latest)	Setup Node.js	2026-09-16T08:32:25.8289760Z   node-version: 20.x
Test on deno 20.x (macos-latest)	Setup Node.js	2026-09-16T08:32:25.8289960Z   cache: npm
Test on deno 20.x (macos-latest)	Setup Node.js	2026-09-16T08:32:25.8290160Z   check-latest: false
Test on deno 20.x (macos-latest)	Setup Node.js	2026-09-16T08:32:25.8293370Z   token: ***
Test on deno 20.x (macos-latest)	Setup Node.js	2026-09-16T08:32:25.8294400Z   package-manager-cache: true
Test on deno 20.x (macos-latest)	Setup Node.js	2026-09-16T08:32:25.8295120Z ##[endgroup]
Test on deno 20.x (macos-latest)	Setup Node.js	2026-09-16T08:32:26.0422990Z Attempting to download 20.x...
Test on deno 20.x (macos-latest)	Setup Node.js	2026-09-16T08:32:26.7779250Z Acquiring 20.20.2 - arm64 from https://github.com/actions/node-versions/releases/download/20.20.2-23521894959/node-20.20.2-darwin-arm64.tar.gz
Test on deno 20.x (macos-latest)	Setup Node.js	2026-09-16T08:32:27.4316260Z Extracting ...
Test on deno 20.x (macos-latest)	Setup Node.js	2026-09-16T08:32:27.4610590Z [command]/usr/bin/tar xz --strip 1 -C /Users/runner/work/_temp/1aa85924-7634-4046-b4ea-a25984a58c5a -f /Users/runner/work/_temp/6319a474-66a6-4765-b849-227334ff5755
Test on deno 20.x (macos-latest)	Setup Node.js	2026-09-16T08:32:28.8526560Z Adding to the cache ...
Test on deno 20.x (macos-latest)	Setup Node.js	2026-09-16T08:32:32.6812970Z ##[group]Environment details
Test on deno 20.x (macos-latest)	Setup Node.js	2026-09-16T08:32:33.2022590Z node: v20.20.2
Test on deno 20.x (macos-latest)	Setup Node.js	2026-09-16T08:32:33.2023680Z npm: 10.8.2
Test on deno 20.x (macos-latest)	Setup Node.js	2026-09-16T08:32:33.2025620Z yarn: 1.22.22
Test on deno 20.x (macos-latest)	Setup Node.js	2026-09-16T08:32:33.2027570Z ##[endgroup]
Test on deno 20.x (macos-latest)	Setup Node.js	2026-09-16T08:32:33.2055950Z [command]/Users/runner/hostedtoolcache/node/20.20.2/arm64/bin/npm config get cache
Test on deno 20.x (macos-latest)	Setup Node.js	2026-09-16T08:32:33.4141830Z /Users/runner/.npm
Test on deno 20.x (macos-latest)	Setup Node.js	2026-09-16T08:32:33.7182590Z Cache hit for: node-cache-macOS-arm64-npm-12813ae39a61b5fed7681502803cfede24735d033f8430fc26d535be6b212b6a
Test on deno 20.x (macos-latest)	Setup Node.js	2026-09-16T08:32:35.0516400Z Received 0 of 14454372 (0.0%), 0.0 MBs/sec
Test on deno 20.x (macos-latest)	Setup Node.js	2026-09-16T08:32:35.6025520Z Received 14454372 of 14454372 (100.0%), 8.9 MBs/sec
Test on deno 20.x (macos-latest)	Setup Node.js	2026-09-16T08:32:35.6052750Z Cache Size: ~14 MB (14454372 B)
Test on deno 20.x (macos-latest)	Setup Node.js	2026-09-16T08:32:35.6133550Z [command]/opt/homebrew/bin/gtar -xf /Users/runner/work/_temp/4de33546-0d4d-4450-96d9-3ba6f13bc741/cache.tzst -P -C /Users/runner/work/use-m/use-m --delay-directory-restore --use-compress-program unzstd
Test on deno 20.x (macos-latest)	Setup Node.js	2026-09-16T08:32:36.0127400Z Cache restored successfully
Test on deno 20.x (macos-latest)	Setup Node.js	2026-09-16T08:32:36.0139620Z Cache restored from key: node-cache-macOS-arm64-npm-12813ae39a61b5fed7681502803cfede24735d033f8430fc26d535be6b212b6a
Test on deno 20.x (macos-latest)	Setup Deno	﻿2026-09-16T08:32:36.0492600Z ##[group]Run denoland/setup-deno@v2
Test on deno 20.x (macos-latest)	Setup Deno	2026-09-16T08:32:36.0493480Z with:
Test on deno 20.x (macos-latest)	Setup Deno	2026-09-16T08:32:36.0493960Z   deno-version: v2.x
Test on deno 20.x (macos-latest)	Setup Deno	2026-09-16T08:32:36.0494630Z   deno-binary-name: deno
Test on deno 20.x (macos-latest)	Setup Deno	2026-09-16T08:32:36.0495320Z   cache: false
Test on deno 20.x (macos-latest)	Setup Deno	2026-09-16T08:32:36.0495850Z ##[endgroup]
Test on deno 20.x (macos-latest)	Setup Deno	2026-09-16T08:32:36.4220580Z Going to install stable version 2.9.6.
Test on deno 20.x (macos-latest)	Setup Deno	2026-09-16T08:32:36.4227350Z Downloading Deno from https://github.com/denoland/deno/releases/download/v2.9.6/deno-aarch64-apple-darwin.zip.
Test on deno 20.x (macos-latest)	Setup Deno	2026-09-16T08:32:36.9611040Z [command]/usr/bin/unzip -o -q /Users/runner/work/_temp/9c2178a7-864c-401f-bd2d-f72b458a2c6d
Test on deno 20.x (macos-latest)	Setup Deno	2026-09-16T08:32:37.9703520Z Cached Deno to /Users/runner/hostedtoolcache/deno/2.9.6/arm64.
Test on deno 20.x (macos-latest)	Setup Deno	2026-09-16T08:32:37.9740150Z Installation complete.
Test on deno 20.x (macos-latest)	Install dependencies	﻿2026-09-16T08:32:37.9960140Z ##[group]Run npm ci --no-audit --no-fund
Test on deno 20.x (macos-latest)	Install dependencies	2026-09-16T08:32:37.9963180Z ^[[36;1mnpm ci --no-audit --no-fund^[[0m
Test on deno 20.x (macos-latest)	Install dependencies	2026-09-16T08:32:38.0061330Z shell: /bin/bash -e {0}
Test on deno 20.x (macos-latest)	Install dependencies	2026-09-16T08:32:38.0061690Z ##[endgroup]
Test on deno 20.x (macos-latest)	Install dependencies	2026-09-16T08:32:49.1102100Z 
Test on deno 20.x (macos-latest)	Install dependencies	2026-09-16T08:32:49.1123280Z added 477 packages in 11s
Test on deno 20.x (macos-latest)	Run Deno tests	﻿2026-09-16T08:32:49.1886910Z ##[group]Run for attempt in 1 2 3; do
Test on deno 20.x (macos-latest)	Run Deno tests	2026-09-16T08:32:49.1887530Z ^[[36;1mfor attempt in 1 2 3; do^[[0m
Test on deno 20.x (macos-latest)	Run Deno tests	2026-09-16T08:32:49.1888120Z ^[[36;1m  deno test --allow-net --allow-env --allow-run --allow-read --allow-write --allow-sys && exit 0^[[0m
Test on deno 20.x (macos-latest)	Run Deno tests	2026-09-16T08:32:49.1888720Z ^[[36;1m  status=$?^[[0m
Test on deno 20.x (macos-latest)	Run Deno tests	2026-09-16T08:32:49.1888900Z ^[[36;1m^[[0m
Test on deno 20.x (macos-latest)	Run Deno tests	2026-09-16T08:32:49.1931380Z ^[[36;1m  if [ "$attempt" = "3" ]; then^[[0m
Test on deno 20.x (macos-latest)	Run Deno tests	2026-09-16T08:32:49.1931770Z ^[[36;1m    exit "$status"^[[0m
Test on deno 20.x (macos-latest)	Run Deno tests	2026-09-16T08:32:49.1931990Z ^[[36;1m  fi^[[0m
Test on deno 20.x (macos-latest)	Run Deno tests	2026-09-16T08:32:49.1932350Z ^[[36;1m^[[0m
Test on deno 20.x (macos-latest)	Run Deno tests	2026-09-16T08:32:49.1932850Z ^[[36;1m  echo "Deno tests failed on attempt ${attempt}/3; retrying after a short delay."^[[0m
Test on deno 20.x (macos-latest)	Run Deno tests	2026-09-16T08:32:49.1933190Z ^[[36;1m  sleep $((attempt * 15))^[[0m
Test on deno 20.x (macos-latest)	Run Deno tests	2026-09-16T08:32:49.1933380Z ^[[36;1mdone^[[0m
Test on deno 20.x (macos-latest)	Run Deno tests	2026-09-16T08:32:49.2056380Z shell: /bin/bash -e {0}
Test on deno 20.x (macos-latest)	Run Deno tests	2026-09-16T08:32:49.2057080Z ##[endgroup]
Test on deno 20.x (macos-latest)	Run Deno tests	2026-09-16T08:32:49.5618680Z ^[[0m^[[32mDownload^[[0m https://deno.land/std@0.224.0/testing/bdd.ts
Test on deno 20.x (macos-latest)	Run Deno tests	2026-09-16T08:32:49.5715510Z ^[[0m^[[32mDownload^[[0m https://deno.land/std@0.224.0/expect/mod.ts
Test on deno 20.x (macos-latest)	Run Deno tests	2026-09-16T08:32:49.9597800Z ^[[0m^[[32mDownload^[[0m https://deno.land/std@0.224.0/testing/_test_suite.ts
Test on deno 20.x (macos-latest)	Run Deno tests	2026-09-16T08:32:49.9599390Z ^[[0m^[[32mDownload^[[0m https://deno.land/std@0.224.0/expect/expect.ts
Test on deno 20.x (macos-latest)	Run Deno tests	2026-09-16T08:32:49.9600750Z ^[[0m^[[32mDownload^[[0m https://deno.land/std@0.224.0/expect/fn.ts
Test on deno 20.x (macos-latest)	Run Deno tests	2026-09-16T08:32:50.0162630Z ^[[0m^[[32mDownload^[[0m https://deno.land/std@0.224.0/expect/_types.ts
Test on deno 20.x (macos-latest)	Run Deno tests	2026-09-16T08:32:50.0164840Z ^[[0m^[[32mDownload^[[0m https://deno.land/std@0.224.0/assert/assertion_error.ts
Test on deno 20.x (macos-latest)	Run Deno tests	2026-09-16T08:32:50.0167070Z ^[[0m^[[32mDownload^[[0m https://deno.land/std@0.224.0/expect/_custom_equality_tester.ts
Test on deno 20.x (macos-latest)	Run Deno tests	2026-09-16T08:32:50.0168730Z ^[[0m^[[32mDownload^[[0m https://deno.land/std@0.224.0/expect/_equal.ts
Test on deno 20.x (macos-latest)	Run Deno tests	2026-09-16T08:32:50.0170790Z ^[[0m^[[32mDownload^[[0m https://deno.land/std@0.224.0/expect/_extend.ts
Test on deno 20.x (macos-latest)	Run Deno tests	2026-09-16T08:32:50.0172770Z ^[[0m^[[32mDownload^[[0m https://deno.land/std@0.224.0/expect/_matchers.ts
Test on deno 20.x (macos-latest)	Run Deno tests	2026-09-16T08:32:50.0174590Z ^[[0m^[[32mDownload^[[0m https://deno.land/std@0.224.0/expect/_snapshot_serializer.ts
Test on deno 20.x (macos-latest)	Run Deno tests	2026-09-16T08:32:50.0176310Z ^[[0m^[[32mDownload^[[0m https://deno.land/std@0.224.0/expect/_utils.ts
Test on deno 20.x (macos-latest)	Run Deno tests	2026-09-16T08:32:50.0178100Z ^[[0m^[[32mDownload^[[0m https://deno.land/std@0.224.0/expect/_asymmetric_matchers.ts
Test on deno 20.x (macos-latest)	Run Deno tests	2026-09-16T08:32:50.0179700Z ^[[0m^[[32mDownload^[[0m https://deno.land/std@0.224.0/expect/_mock_util.ts
Test on deno 20.x (macos-latest)	Run Deno tests	2026-09-16T08:32:50.1244690Z ^[[0m^[[32mDownload^[[0m https://deno.land/std@0.224.0/assert/assert_not_strict_equals.ts
Test on deno 20.x (macos-latest)	Run Deno tests	2026-09-16T08:32:50.1246860Z ^[[0m^[[32mDownload^[[0m https://deno.land/std@0.224.0/assert/assert_strict_equals.ts
Test on deno 20.x (macos-latest)	Run Deno tests	2026-09-16T08:32:50.1248680Z ^[[0m^[[32mDownload^[[0m https://deno.land/std@0.224.0/assert/assert_instance_of.ts
Test on deno 20.x (macos-latest)	Run Deno tests	2026-09-16T08:32:50.1250460Z ^[[0m^[[32mDownload^[[0m https://deno.land/std@0.224.0/assert/assert_is_error.ts
Test on deno 20.x (macos-latest)	Run Deno tests	2026-09-16T08:32:50.1251320Z ^[[0m^[[32mDownload^[[0m https://deno.land/std@0.224.0/assert/assert_not_instance_of.ts
Test on deno 20.x (macos-latest)	Run Deno tests	2026-09-16T08:32:50.1251990Z ^[[0m^[[32mDownload^[[0m https://deno.land/std@0.224.0/assert/assert_match.ts
Test on deno 20.x (macos-latest)	Run Deno tests	2026-09-16T08:32:50.1252750Z ^[[0m^[[32mDownload^[[0m https://deno.land/std@0.224.0/assert/assert_object_match.ts
Test on deno 20.x (macos-latest)	Run Deno tests	2026-09-16T08:32:50.1253570Z ^[[0m^[[32mDownload^[[0m https://deno.land/std@0.224.0/assert/assert_not_match.ts
Test on deno 20.x (macos-latest)	Run Deno tests	2026-09-16T08:32:50.1254210Z ^[[0m^[[32mDownload^[[0m https://deno.land/std@0.224.0/expect/_assert_equals.ts
Test on deno 20.x (macos-latest)	Run Deno tests	2026-09-16T08:32:50.1254950Z ^[[0m^[[32mDownload^[[0m https://deno.land/std@0.224.0/expect/_assert_not_equals.ts
Test on deno 20.x (macos-latest)	Run Deno tests	2026-09-16T08:32:50.1255740Z ^[[0m^[[32mDownload^[[0m https://deno.land/std@0.224.0/internal/format.ts
Test on deno 20.x (macos-latest)	Run Deno tests	2026-09-16T08:32:50.1266040Z ^[[0m^[[32mDownload^[[0m https://deno.land/std@0.224.0/expect/_inspect_args.ts
Test on deno 20.x (macos-latest)	Run Deno tests	2026-09-16T08:32:50.1846600Z ^[[0m^[[32mDownload^[[0m https://deno.land/std@0.224.0/internal/mod.ts
Test on deno 20.x (macos-latest)	Run Deno tests	2026-09-16T08:32:50.1850050Z ^[[0m^[[32mDownload^[[0m https://deno.land/std@0.224.0/assert/_constants.ts
Test on deno 20.x (macos-latest)	Run Deno tests	2026-09-16T08:32:50.1850780Z ^[[0m^[[32mDownload^[[0m https://deno.land/std@0.224.0/fmt/colors.ts
Test on deno 20.x (macos-latest)	Run Deno tests	2026-09-16T08:32:50.1851350Z ^[[0m^[[32mDownload^[[0m https://deno.land/std@0.224.0/assert/assert_false.ts
Test on deno 20.x (macos-latest)	Run Deno tests	2026-09-16T08:32:50.1853150Z ^[[0m^[[32mDownload^[[0m https://deno.land/std@0.224.0/assert/assert_equals.ts
Test on deno 20.x (macos-latest)	Run Deno tests	2026-09-16T08:32:50.1853770Z ^[[0m^[[32mDownload^[[0m https://deno.land/std@0.224.0/expect/_build_message.ts
Test on deno 20.x (macos-latest)	Run Deno tests	2026-09-16T08:32:50.2421210Z ^[[0m^[[32mDownload^[[0m https://deno.land/std@0.224.0/internal/diff.ts
Test on deno 20.x (macos-latest)	Run Deno tests	2026-09-16T08:32:50.2421960Z ^[[0m^[[32mDownload^[[0m https://deno.land/std@0.224.0/assert/equal.ts
Test on deno 20.x (macos-latest)	Run Deno tests	2026-09-16T08:32:50.2422950Z ^[[0m^[[32mDownload^[[0m https://deno.land/std@0.224.0/expect/_constants.ts
Test on deno 20.x (macos-latest)	Run Deno tests	2026-09-16T08:32:50.3504200Z ^[[0m^[[32mCheck^[[0m tests/builtin-backward-compatibility.test.mjs
Test on deno 20.x (macos-latest)	Run Deno tests	2026-09-16T08:32:50.3504860Z ^[[0m^[[32mCheck^[[0m tests/builtin-browser.test.mjs
Test on deno 20.x (macos-latest)	Run Deno tests	2026-09-16T08:32:50.3505580Z ^[[0m^[[32mCheck^[[0m tests/builtin-errors.test.mjs
Test on deno 20.x (macos-latest)	Run Deno tests	2026-09-16T08:32:50.3505960Z ^[[0m^[[32mCheck^[[0m tests/builtin-nodejs.test.mjs
Test on deno 20.x (macos-latest)	Run Deno tests	2026-09-16T08:32:50.3506570Z ^[[0m^[[32mCheck^[[0m tests/builtin-universal.test.mjs
Test on deno 20.x (macos-latest)	Run Deno tests	2026-09-16T08:32:50.3507000Z ^[[0m^[[32mCheck^[[0m tests/command-stream.test.mjs
Test on deno 20.x (macos-latest)	Run Deno tests	2026-09-16T08:32:50.3507460Z ^[[0m^[[32mCheck^[[0m tests/deno-support.test.mjs
Test on deno 20.x (macos-latest)	Run Deno tests	2026-09-16T08:32:50.3507930Z ^[[0m^[[32mCheck^[[0m tests/dynamic-builtins.test.mjs
Test on deno 20.x (macos-latest)	Run Deno tests	2026-09-16T08:32:50.3508560Z ^[[0m^[[32mCheck^[[0m tests/esm-sh-polyfill-browser.test.mjs
Test on deno 20.x (macos-latest)	Run Deno tests	2026-09-16T08:32:50.3509380Z ^[[0m^[[32mCheck^[[0m tests/fallback.test.mjs
Test on deno 20.x (macos-latest)	Run Deno tests	2026-09-16T08:32:50.3509870Z ^[[0m^[[32mCheck^[[0m tests/filename.test.mjs
Test on deno 20.x (macos-latest)	Run Deno tests	2026-09-16T08:32:50.3510410Z ^[[0m^[[32mCheck^[[0m tests/fs-promises.test.mjs
Test on deno 20.x (macos-latest)	Run Deno tests	2026-09-16T08:32:50.3510890Z ^[[0m^[[32mCheck^[[0m tests/get-script-url.test.mjs
Test on deno 20.x (macos-latest)	Run Deno tests	2026-09-16T08:32:50.3511320Z ^[[0m^[[32mCheck^[[0m tests/import.test.mjs
Test on deno 20.x (macos-latest)	Run Deno tests	2026-09-16T08:32:50.3511730Z ^[[0m^[[32mCheck^[[0m tests/load.test.mjs
Test on deno 20.x (macos-latest)	Run Deno tests	2026-09-16T08:32:50.3512060Z ^[[0m^[[32mCheck^[[0m tests/loader.test.mjs
Test on deno 20.x (macos-latest)	Run Deno tests	2026-09-16T08:32:50.3512380Z ^[[0m^[[32mCheck^[[0m tests/lodash.test.mjs
Test on deno 20.x (macos-latest)	Run Deno tests	2026-09-16T08:32:50.3512770Z ^[[0m^[[32mCheck^[[0m tests/module-specifier.test.mjs
Test on deno 20.x (macos-latest)	Run Deno tests	2026-09-16T08:32:50.3513170Z ^[[0m^[[32mCheck^[[0m tests/network-imports.test.mjs
Test on deno 20.x (macos-latest)	Run Deno tests	2026-09-16T08:32:50.3513550Z ^[[0m^[[32mCheck^[[0m tests/npm-global-prefix.test.mjs
Test on deno 20.x (macos-latest)	Run Deno tests	2026-09-16T08:32:50.3514120Z ^[[0m^[[32mCheck^[[0m tests/relative-paths-browser.test.mjs
Test on deno 20.x (macos-latest)	Run Deno tests	2026-09-16T08:32:50.3515340Z ^[[0m^[[32mCheck^[[0m tests/relative-paths.integration.test.mjs
Test on deno 20.x (macos-latest)	Run Deno tests	2026-09-16T08:32:50.3515900Z ^[[0m^[[32mCheck^[[0m tests/relative-paths.test.mjs
Test on deno 20.x (macos-latest)	Run Deno tests	2026-09-16T08:32:50.3516520Z ^[[0m^[[32mCheck^[[0m tests/release-workflow-policy.test.mjs
Test on deno 20.x (macos-latest)	Run Deno tests	2026-09-16T08:32:50.3516980Z ^[[0m^[[32mCheck^[[0m tests/resolvers.test.mjs
Test on deno 20.x (macos-latest)	Run Deno tests	2026-09-16T08:32:50.3517450Z ^[[0m^[[32mCheck^[[0m tests/root-entries.test.mjs
Test on deno 20.x (macos-latest)	Run Deno tests	2026-09-16T08:32:50.3517830Z ^[[0m^[[32mCheck^[[0m tests/script-sync.test.mjs
Test on deno 20.x (macos-latest)	Run Deno tests	2026-09-16T08:32:50.3518210Z ^[[0m^[[32mCheck^[[0m tests/typescript.test.mjs
Test on deno 20.x (macos-latest)	Run Deno tests	2026-09-16T08:32:50.3518700Z ^[[0m^[[32mCheck^[[0m tests/use.test.mjs
Test on deno 20.x (macos-latest)	Run Deno tests	2026-09-16T08:32:52.2725370Z ^[[0m^[[38;5;245mrunning 1 test from ./tests/builtin-backward-compatibility.test.mjs^[[0m
Test on deno 20.x (macos-latest)	Run Deno tests	2026-09-16T08:32:52.2734290Z [mjs module] Backward compatibility of previously hardcoded built-ins ...
Test on deno 20.x (macos-latest)	Run Deno tests	2026-09-16T08:32:52.3224010Z   [mjs module] 'console' still resolves with its documented exports ... ^[[0m^[[32mok^[[0m ^[[0m^[[38;5;245m(49ms)^[[0m
Test on deno 20.x (macos-latest)	Run Deno tests	2026-09-16T08:32:52.3314180Z   [mjs module] 'crypto' still resolves with its documented exports ... ^[[0m^[[32mok^[[0m ^[[0m^[[38;5;245m(9ms)^[[0m
Test on deno 20.x (macos-latest)	Run Deno tests	2026-09-16T08:32:52.3348050Z   [mjs module] 'url' still resolves with its documented exports ... ^[[0m^[[32mok^[[0m ^[[0m^[[38;5;245m(3ms)^[[0m
Test on deno 20.x (macos-latest)	Run Deno tests	2026-09-16T08:32:52.3370920Z   [mjs module] 'performance' still resolves with its documented exports ... ^[[0m^[[32mok^[[0m ^[[0m^[[38;5;245m(2ms)^[[0m
Test on deno 20.x (macos-latest)	Run Deno tests	2026-09-16T08:32:52.3489570Z   [mjs module] 'fs' still resolves with its documented exports ... ^[[0m^[[32mok^[[0m ^[[0m^[[38;5;245m(11ms)^[[0m
Test on deno 20.x (macos-latest)	Run Deno tests	2026-09-16T08:32:52.3506760Z   [mjs module] 'fs/promises' still resolves with its documented exports ... ^[[0m^[[32mok^[[0m ^[[0m^[[38;5;245m(2ms)^[[0m
Test on deno 20.x (macos-latest)	Run Deno tests	2026-09-16T08:32:52.3537910Z   [mjs module] 'dns/promises' still resolves with its documented exports ... ^[[0m^[[32mok^[[0m ^[[0m^[[38;5;245m(3ms)^[[0m
Test on deno 20.x (macos-latest)	Run Deno tests	2026-09-16T08:32:52.3544890Z   [mjs module] 'stream/promises' still resolves with its documented exports ... ^[[0m^[[32mok^[[0m ^[[0m^[[38;5;245m(1ms)^[[0m
Test on deno 20.x (macos-latest)	Run Deno tests	2026-09-16T08:32:52.3577270Z   [mjs module] 'readline/promises' still resolves with its documented exports ... ^[[0m^[[32mok^[[0m ^[[0m^[[38;5;245m(2ms)^[[0m
Test on deno 20.x (macos-latest)	Run Deno tests	2026-09-16T08:32:52.3587380Z   [mjs module] 'timers/promises' still resolves with its documented exports ... ^[[0m^[[32mok^[[0m ^[[0m^[[38;5;245m(1ms)^[[0m
Test on deno 20.x (macos-latest)	Run Deno tests	2026-09-16T08:32:52.3590410Z   [mjs module] 'path' still resolves with its documented exports ... ^[[0m^[[32mok^[[0m ^[[0m^[[38;5;245m(0ms)^[[0m
Test on deno 20.x (macos-latest)	Run Deno tests	2026-09-16T08:32:52.3601980Z   [mjs module] 'os' still resolves with its documented exports ... ^[[0m^[[32mok^[[0m ^[[0m^[[38;5;245m(0ms)^[[0m
Test on deno 20.x (macos-latest)	Run Deno tests	2026-09-16T08:32:52.3605320Z   [mjs module] 'util' still resolves with its documented exports ... ^[[0m^[[32mok^[[0m ^[[0m^[[38;5;245m(0ms)^[[0m
Test on deno 20.x (macos-latest)	Run Deno tests	2026-09-16T08:32:52.3610670Z   [mjs module] 'events' still resolves with its documented exports ... ^[[0m^[[32mok^[[0m ^[[0m^[[38;5;245m(0ms)^[[0m
Test on deno 20.x (macos-latest)	Run Deno tests	2026-09-16T08:32:52.3616740Z   [mjs module] 'stream' still resolves with its documented exports ... ^[[0m^[[32mok^[[0m ^[[0m^[[38;5;245m(0ms)^[[0m
Test on deno 20.x (macos-latest)	Run Deno tests	2026-09-16T08:32:52.3622550Z   [mjs module] 'buffer' still resolves with its documented exports ... ^[[0m^[[32mok^[[0m ^[[0m^[[38;5;245m(1ms)^[[0m
Test on deno 20.x (macos-latest)	Run Deno tests	2026-09-16T08:32:52.3632230Z   [mjs module] 'process' still resolves with its documented exports ... ^[[0m^[[32mok^[[0m ^[[0m^[[38;5;245m(0ms)^[[0m
Test on deno 20.x (macos-latest)	Run Deno tests	2026-09-16T08:32:52.3674060Z   [mjs module] 'child_process' still resolves with its documented exports ... ^[[0m^[[32mok^[[0m ^[[0m^[[38;5;245m(3ms)^[[0m
Test on deno 20.x (macos-latest)	Run Deno tests	2026-09-16T08:32:52.3742380Z   [mjs module] 'http' still resolves with its documented exports ... ^[[0m^[[32mok^[[0m ^[[0m^[[38;5;245m(6ms)^[[0m
Test on deno 20.x (macos-latest)	Run Deno tests	2026-09-16T08:32:52.3773900Z   [mjs module] 'https' still resolves with its documented exports ... ^[[0m^[[32mok^[[0m ^[[0m^[[38;5;245m(3ms)^[[0m
Test on deno 20.x (macos-latest)	Run Deno tests	2026-09-16T08:32:52.3782500Z   [mjs module] 'net' still resolves with its documented exports ... ^[[0m^[[32mok^[[0m ^[[0m^[[38;5;245m(1ms)^[[0m
Test on deno 20.x (macos-latest)	Run Deno tests	2026-09-16T08:32:52.3787260Z   [mjs module] 'dns' still resolves with its documented exports ... ^[[0m^[[32mok^[[0m ^[[0m^[[38;5;245m(0ms)^[[0m
Test on deno 20.x (macos-latest)	Run Deno tests	2026-09-16T08:32:52.3842970Z   [mjs module] 'zlib' still resolves with its documented exports ... ^[[0m^[[32mok^[[0m ^[[0m^[[38;5;245m(5ms)^[[0m
Test on deno 20.x (macos-latest)	Run Deno tests	2026-09-16T08:32:52.3850090Z   [mjs module] 'querystring' still resolves with its documented exports ... ^[[0m^[[32mok^[[0m ^[[0m^[[38;5;245m(0ms)^[[0m
Test on deno 20.x (macos-latest)	Run Deno tests	2026-09-16T08:32:52.3879900Z   [mjs module] 'assert' still resolves with its documented exports ... ^[[0m^[[32mok^[[0m ^[[0m^[[38;5;245m(1ms)^[[0m
Test on deno 20.x (macos-latest)	Run Deno tests	2026-09-16T08:32:52.3887070Z   [mjs module] every previously hardcoded built-in is still claimed by the builtin resolver ... ^[[0m^[[32mok^[[0m ^[[0m^[[38;5;245m(2ms)^[[0m
Test on deno 20.x (macos-latest)	Run Deno tests	2026-09-16T08:32:52.3996670Z   [mjs module] resolved built-ins expose every named export of the runtime's own module ... ^[[0m^[[32mok^[[0m ^[[0m^[[38;5;245m(11ms)^[[0m
Test on deno 20.x (macos-latest)	Run Deno tests	2026-09-16T08:32:52.4082820Z   [mjs module] resolved built-ins keep the runtime's own default export ... ^[[0m^[[32mok^[[0m ^[[0m^[[38;5;245m(8ms)^[[0m
Test on deno 20.x (macos-latest)	Run Deno tests	2026-09-16T08:32:52.4091390Z   [mjs module] 'events' and 'stream' keep their historical default exports ... ^[[0m^[[32mok^[[0m ^[[0m^[[38;5;245m(0ms)^[[0m
Test on deno 20.x (macos-latest)	Run Deno tests	2026-09-16T08:32:52.4140250Z   [mjs module] 'assert' stays callable through its default export ... ^[[0m^[[32mok^[[0m ^[[0m^[[38;5;245m(4ms)^[[0m
Test on deno 20.x (macos-latest)	Run Deno tests	2026-09-16T08:32:52.4142900Z   [mjs module] 'process' keeps the properties the Deno-specific branch used to copy ... ^[[0m^[[32mok^[[0m ^[[0m^[[38;5;245m(0ms)^[[0m
Test on deno 20.x (macos-latest)	Run Deno tests	2026-09-16T08:32:52.4147560Z   [mjs module] 'performance' still maps onto the performance object ... ^[[0m^[[32mok^[[0m ^[[0m^[[38;5;245m(0ms)^[[0m
Test on deno 20.x (macos-latest)	Run Deno tests	2026-09-16T08:32:52.4167070Z   [mjs module] rebuilt built-ins keep the full surface of the runtime's module ... ^[[0m^[[32mok^[[0m ^[[0m^[[38;5;245m(2ms)^[[0m
Test on deno 20.x (macos-latest)	Run Deno tests	2026-09-16T08:32:52.4336230Z   [mjs module] built-ins resolve identically with and without the node: prefix ... ^[[0m^[[32mok^[[0m ^[[0m^[[38;5;245m(16ms)^[[0m
Test on deno 20.x (macos-latest)	Run Deno tests	2026-09-16T08:32:52.4360240Z [mjs module] Backward compatibility of previously hardcoded built-ins ... ^[[0m^[[32mok^[[0m ^[[0m^[[38;5;245m(163ms)^[[0m
Test on deno 20.x (macos-latest)	Run Deno tests	2026-09-16T08:32:52.5499560Z ^[[0m^[[38;5;245mrunning 1 test from ./tests/builtin-browser.test.mjs^[[0m
Test on deno 20.x (macos-latest)	Run Deno tests	2026-09-16T08:32:52.5503390Z [mjs module] Universal built-in modules in browser ...
Test on deno 20.x (macos-latest)	Run Deno tests	2026-09-16T08:32:52.5505740Z   Browser tests are skipped in Deno environment ... ^[[0m^[[33mignored^[[0m ^[[0m^[[38;5;245m(0ms)^[[0m
Test on deno 20.x (macos-latest)	Run Deno tests	2026-09-16T08:32:52.5508570Z [mjs module] Universal built-in modules in browser ... ^[[0m^[[32mok^[[0m ^[[0m^[[38;5;245m(927µs)^[[0m
Test on deno 20.x (macos-latest)	Run Deno tests	2026-09-16T08:32:52.6172050Z ^[[0m^[[38;5;245mrunning 1 test from ./tests/builtin-errors.test.mjs^[[0m
Test on deno 20.x (macos-latest)	Run Deno tests	2026-09-16T08:32:52.6189450Z [mjs module] Built-in module error handling ...
Test on deno 20.x (macos-latest)	Run Deno tests	2026-09-16T08:32:52.6463220Z   [mjs module] should return null for non-builtin modules from builtin resolver ... ^[[0m^[[32mok^[[0m ^[[0m^[[38;5;245m(27ms)^[[0m
Test on deno 20.x (macos-latest)	Run Deno tests	2026-09-16T08:32:52.6471080Z   [mjs module] should throw error for unsupported builtin modules ... ^[[0m^[[32mok^[[0m ^[[0m^[[38;5;245m(0ms)^[[0m
Test on deno 20.x (macos-latest)	Run Deno tests	2026-09-16T08:32:52.6496160Z   [mjs module] should handle modules not available in browser environment ... ^[[0m^[[32mok^[[0m ^[[0m^[[38;5;245m(2ms)^[[0m
Test on deno 20.x (macos-latest)	Run Deno tests	2026-09-16T08:32:52.6508460Z ^[[0m^[[32mDownload^[[0m https://esm.sh/URL@latest
Test on deno 20.x (macos-latest)	Run Deno tests	2026-09-16T08:32:52.7681220Z   [mjs module] should only work with exact lowercase module names ... ^[[0m^[[32mok^[[0m ^[[0m^[[38;5;245m(118ms)^[[0m
Test on deno 20.x (macos-latest)	Run Deno tests	2026-09-16T08:32:52.7752640Z   [mjs module] should handle node: prefix removal correctly ... ^[[0m^[[32mok^[[0m ^[[0m^[[38;5;245m(7ms)^[[0m
Test on deno 20.x (macos-latest)	Run Deno tests	2026-09-16T08:32:52.7754160Z   [mjs module] should throw meaningful errors for import failures ... ^[[0m^[[32mok^[[0m ^[[0m^[[38;5;245m(1ms)^[[0m
Test on deno 20.x (macos-latest)	Run Deno tests	2026-09-16T08:32:52.7762390Z   [mjs module] builtin resolver should handle empty/invalid module specifiers gracefully ... ^[[0m^[[32mok^[[0m ^[[0m^[[38;5;245m(1ms)^[[0m
Test on deno 20.x (macos-latest)	Run Deno tests	2026-09-16T08:32:52.7765410Z   [mjs module] should handle modules with special characters in names ... ^[[0m^[[32mok^[[0m ^[[0m^[[38;5;245m(0ms)^[[0m
Test on deno 20.x (macos-latest)	Run Deno tests	2026-09-16T08:32:52.7860910Z [mjs module] Built-in module error handling ... ^[[0m^[[32mok^[[0m ^[[0m^[[38;5;245m(168ms)^[[0m
Test on deno 20.x (macos-latest)	Run Deno tests	2026-09-16T08:32:52.8346790Z ^[[0m^[[38;5;245mrunning 1 test from ./tests/builtin-nodejs.test.mjs^[[0m
Test on deno 20.x (macos-latest)	Run Deno tests	2026-09-16T08:32:52.8355570Z [mjs module] Node.js/Bun-only built-in modules ...
Test on deno 20.x (macos-latest)	Run Deno tests	2026-09-16T08:32:52.8764110Z   [mjs module] fs module should work ... ^[[0m^[[32mok^[[0m ^[[0m^[[38;5;245m(40ms)^[[0m
Test on deno 20.x (macos-latest)	Run Deno tests	2026-09-16T08:32:52.8777510Z   [mjs module] path module should work ... ^[[0m^[[32mok^[[0m ^[[0m^[[38;5;245m(1ms)^[[0m
Test on deno 20.x (macos-latest)	Run Deno tests	2026-09-16T08:32:52.8799890Z   [mjs module] os module should work ... ^[[0m^[[32mok^[[0m ^[[0m^[[38;5;245m(2ms)^[[0m
Test on deno 20.x (macos-latest)	Run Deno tests	2026-09-16T08:32:52.8847680Z   [mjs module] util module should work ... ^[[0m^[[32mok^[[0m ^[[0m^[[38;5;245m(5ms)^[[0m
Test on deno 20.x (macos-latest)	Run Deno tests	2026-09-16T08:32:52.8858500Z   [mjs module] events module should work ... ^[[0m^[[32mok^[[0m ^[[0m^[[38;5;245m(1ms)^[[0m
Test on deno 20.x (macos-latest)	Run Deno tests	2026-09-16T08:32:52.8868200Z   [mjs module] stream module should work ... ^[[0m^[[32mok^[[0m ^[[0m^[[38;5;245m(1ms)^[[0m
Test on deno 20.x (macos-latest)	Run Deno tests	2026-09-16T08:32:52.8878340Z   [mjs module] buffer module should work ... ^[[0m^[[32mok^[[0m ^[[0m^[[38;5;245m(1ms)^[[0m
Test on deno 20.x (macos-latest)	Run Deno tests	2026-09-16T08:32:52.8883330Z   [mjs module] process module should work ... ^[[0m^[[32mok^[[0m ^[[0m^[[38;5;245m(1ms)^[[0m
Test on deno 20.x (macos-latest)	Run Deno tests	2026-09-16T08:32:52.8919660Z   [mjs module] child_process module should work ... ^[[0m^[[32mok^[[0m ^[[0m^[[38;5;245m(3ms)^[[0m
Test on deno 20.x (macos-latest)	Run Deno tests	2026-09-16T08:32:52.9002950Z   [mjs module] http module should work ... ^[[0m^[[32mok^[[0m ^[[0m^[[38;5;245m(8ms)^[[0m
Test on deno 20.x (macos-latest)	Run Deno tests	2026-09-16T08:32:52.9047740Z   [mjs module] https module should work ... ^[[0m^[[32mok^[[0m ^[[0m^[[38;5;245m(4ms)^[[0m
Test on deno 20.x (macos-latest)	Run Deno tests	2026-09-16T08:32:52.9058340Z   [mjs module] net module should work ... ^[[0m^[[32mok^[[0m ^[[0m^[[38;5;245m(1ms)^[[0m
Test on deno 20.x (macos-latest)	Run Deno tests	2026-09-16T08:32:52.9069030Z   [mjs module] dns module should work ... ^[[0m^[[32mok^[[0m ^[[0m^[[38;5;245m(1ms)^[[0m
Test on deno 20.x (macos-latest)	Run Deno tests	2026-09-16T08:32:52.9094320Z   [mjs module] zlib module should work ... ^[[0m^[[32mok^[[0m ^[[0m^[[38;5;245m(3ms)^[[0m
Test on deno 20.x (macos-latest)	Run Deno tests	2026-09-16T08:32:52.9102710Z   [mjs module] querystring module should work ... ^[[0m^[[32mok^[[0m ^[[0m^[[38;5;245m(1ms)^[[0m
Test on deno 20.x (macos-latest)	Run Deno tests	2026-09-16T08:32:52.9119850Z   [mjs module] assert module should work ... ^[[0m^[[32mok^[[0m ^[[0m^[[38;5;245m(1ms)^[[0m
Test on deno 20.x (macos-latest)	Run Deno tests	2026-09-16T08:32:52.9130750Z   [mjs module] all modules should work with node: prefix ... ^[[0m^[[32mok^[[0m ^[[0m^[[38;5;245m(1ms)^[[0m
Test on deno 20.x (macos-latest)	Run Deno tests	2026-09-16T08:32:52.9142210Z [mjs module] Node.js/Bun-only built-in modules ... ^[[0m^[[32mok^[[0m ^[[0m^[[38;5;245m(79ms)^[[0m
Test on deno 20.x (macos-latest)	Run Deno tests	2026-09-16T08:32:52.9563780Z ^[[0m^[[38;5;245mrunning 1 test from ./tests/builtin-universal.test.mjs^[[0m
Test on deno 20.x (macos-latest)	Run Deno tests	2026-09-16T08:32:52.9573910Z [mjs module] Universal built-in modules (work in all environments) ...
Test on deno 20.x (macos-latest)	Run Deno tests	2026-09-16T08:32:52.9892690Z   [mjs module] console module should work ... ^[[0m^[[32mok^[[0m ^[[0m^[[38;5;245m(31ms)^[[0m
Test on deno 20.x (macos-latest)	Run Deno tests	2026-09-16T08:32:52.9991400Z   [mjs module] crypto module should work ... ^[[0m^[[32mok^[[0m ^[[0m^[[38;5;245m(9ms)^[[0m
Test on deno 20.x (macos-latest)	Run Deno tests	2026-09-16T08:32:53.0010100Z   [mjs module] url module should work ... ^[[0m^[[32mok^[[0m ^[[0m^[[38;5;245m(1ms)^[[0m
Test on deno 20.x (macos-latest)	Run Deno tests	2026-09-16T08:32:53.0022530Z   [mjs module] performance module should work ... ^[[0m^[[32mok^[[0m ^[[0m^[[38;5;245m(1ms)^[[0m
Test on deno 20.x (macos-latest)	Run Deno tests	2026-09-16T08:32:53.0031110Z   [mjs module] modules should work with node: prefix ... ^[[0m^[[32mok^[[0m ^[[0m^[[38;5;245m(0ms)^[[0m
Test on deno 20.x (macos-latest)	Run Deno tests	2026-09-16T08:32:53.0126720Z [mjs module] Universal built-in modules (work in all environments) ... ^[[0m^[[32mok^[[0m ^[[0m^[[38;5;245m(56ms)^[[0m
Test on deno 20.x (macos-latest)	Run Deno tests	2026-09-16T08:32:53.0591840Z ^[[0m^[[38;5;245mrunning 1 test from ./tests/command-stream.test.mjs^[[0m
Test on deno 20.x (macos-latest)	Run Deno tests	2026-09-16T08:32:53.0601710Z [mjs module] command-stream module import ...
Test on deno 20.x (macos-latest)	Run Deno tests	2026-09-16T08:32:53.0892930Z ^[[0m^[[32mDownload^[[0m https://esm.sh/command-stream@0.0.5
Test on deno 20.x (macos-latest)	Run Deno tests	2026-09-16T08:32:53.1776210Z ^[[0m^[[32mDownload^[[0m https://esm.sh/command-stream@0.0.5/denonext/command-stream.mjs
Test on deno 20.x (macos-latest)	Run Deno tests	2026-09-16T08:32:53.2120990Z   [mjs module] Direct ESM Import ... ^[[0m^[[32mok^[[0m ^[[0m^[[38;5;245m(151ms)^[[0m
Test on deno 20.x (macos-latest)	Run Deno tests	2026-09-16T08:32:53.2229230Z   [mjs module] Dynamic ESM Import of CJS ... ^[[0m^[[32mok^[[0m ^[[0m^[[38;5;245m(11ms)^[[0m
Test on deno 20.x (macos-latest)	Run Deno tests	2026-09-16T08:32:53.2235630Z   [mjs module] Dynamic ESM Import of MJS ... ^[[0m^[[32mok^[[0m ^[[0m^[[38;5;245m(1ms)^[[0m
Test on deno 20.x (macos-latest)	Run Deno tests	2026-09-16T08:32:53.2368130Z [mjs module] command-stream module import ... ^[[0m^[[32mok^[[0m ^[[0m^[[38;5;245m(177ms)^[[0m
Test on deno 20.x (macos-latest)	Run Deno tests	2026-09-16T08:32:53.2823850Z ^[[0m^[[38;5;245mrunning 1 test from ./tests/deno-support.test.mjs^[[0m
Test on deno 20.x (macos-latest)	Run Deno tests	2026-09-16T08:32:53.2830920Z [mjs module] Deno support ...
Test on deno 20.x (macos-latest)	Run Deno tests	2026-09-16T08:32:53.2836400Z   [mjs module] Deno resolver should resolve npm packages to esm.sh ... ^[[0m^[[32mok^[[0m ^[[0m^[[38;5;245m(0ms)^[[0m
Test on deno 20.x (macos-latest)	Run Deno tests	2026-09-16T08:32:53.2841290Z   [mjs module] Deno resolver should handle scoped packages ... ^[[0m^[[32mok^[[0m ^[[0m^[[38;5;245m(0ms)^[[0m
Test on deno 20.x (macos-latest)	Run Deno tests	2026-09-16T08:32:53.2843140Z   [mjs module] Deno resolver should handle module paths ... ^[[0m^[[32mok^[[0m ^[[0m^[[38;5;245m(0ms)^[[0m
Test on deno 20.x (macos-latest)	Run Deno tests	2026-09-16T08:32:53.2844750Z   [mjs module] Deno resolver should handle latest version ... ^[[0m^[[32mok^[[0m ^[[0m^[[38;5;245m(0ms)^[[0m
Test on deno 20.x (macos-latest)	Run Deno tests	2026-09-16T08:32:53.3049660Z   [mjs module] makeUse should detect Deno runtime when Deno global is present ... ^[[0m^[[32mok^[[0m ^[[0m^[[38;5;245m(20ms)^[[0m
Test on deno 20.x (macos-latest)	Run Deno tests	2026-09-16T08:32:53.3053440Z   [mjs module] Deno resolver should work with complex package names ... ^[[0m^[[32mok^[[0m ^[[0m^[[38;5;245m(0ms)^[[0m
Test on deno 20.x (macos-latest)	Run Deno tests	2026-09-16T08:32:53.3054700Z   [mjs module] Deno resolver should handle packages without versions ... ^[[0m^[[32mok^[[0m ^[[0m^[[38;5;245m(0ms)^[[0m
Test on deno 20.x (macos-latest)	Run Deno tests	2026-09-16T08:32:53.3055540Z   [mjs module] makeUse with explicit deno resolver ... ^[[0m^[[32mok^[[0m ^[[0m^[[38;5;245m(0ms)^[[0m
Test on deno 20.x (macos-latest)	Run Deno tests	2026-09-16T08:32:53.3212570Z [mjs module] Deno support ... ^[[0m^[[32mok^[[0m ^[[0m^[[38;5;245m(38ms)^[[0m
Test on deno 20.x (macos-latest)	Run Deno tests	2026-09-16T08:32:53.4017200Z ^[[0m^[[38;5;245mrunning 1 test from ./tests/dynamic-builtins.test.mjs^[[0m
Test on deno 20.x (macos-latest)	Run Deno tests	2026-09-16T08:32:53.4022660Z [mjs module] Dynamic built-in module detection ...
Test on deno 20.x (macos-latest)	Run Deno tests	2026-09-16T08:32:53.4162620Z   [mjs module] tty module should work (dynamically detected) ... ^[[0m^[[32mok^[[0m ^[[0m^[[38;5;245m(13ms)^[[0m
Test on deno 20.x (macos-latest)	Run Deno tests	2026-09-16T08:32:53.4182780Z   [mjs module] cluster module should work (dynamically detected) ... ^[[0m^[[32mok^[[0m ^[[0m^[[38;5;245m(1ms)^[[0m
Test on deno 20.x (macos-latest)	Run Deno tests	2026-09-16T08:32:53.4204920Z   [mjs module] readline module should work (dynamically detected) ... ^[[0m^[[32mok^[[0m ^[[0m^[[38;5;245m(2ms)^[[0m
Test on deno 20.x (macos-latest)	Run Deno tests	2026-09-16T08:32:53.4213580Z   [mjs module] string_decoder module should work (dynamically detected) ... ^[[0m^[[32mok^[[0m ^[[0m^[[38;5;245m(1ms)^[[0m
Test on deno 20.x (macos-latest)	Run Deno tests	2026-09-16T08:32:53.4220350Z   [mjs module] timers module should work (dynamically detected) ... ^[[0m^[[32mok^[[0m ^[[0m^[[38;5;245m(0ms)^[[0m
Test on deno 20.x (macos-latest)	Run Deno tests	2026-09-16T08:32:53.4224810Z   [mjs module] worker_threads module should work (dynamically detected) ... ^[[0m^[[32mok^[[0m ^[[0m^[[38;5;245m(1ms)^[[0m
Test on deno 20.x (macos-latest)	Run Deno tests	2026-09-16T08:32:53.4232210Z   [mjs module] vm module should work (dynamically detected) ... ^[[0m^[[32mok^[[0m ^[[0m^[[38;5;245m(1ms)^[[0m
Test on deno 20.x (macos-latest)	Run Deno tests	2026-09-16T08:32:53.4248150Z   [mjs module] node:tty should work with prefix ... ^[[0m^[[32mok^[[0m ^[[0m^[[38;5;245m(1ms)^[[0m
Test on deno 20.x (macos-latest)	Run Deno tests	2026-09-16T08:32:53.4285580Z   [mjs module] subpath built-ins should work (dns/promises, stream/promises) ... ^[[0m^[[32mok^[[0m ^[[0m^[[38;5;245m(3ms)^[[0m
Test on deno 20.x (macos-latest)	Run Deno tests	2026-09-16T08:32:53.4729860Z   [mjs module] every built-in reported by node:module should be claimed by the builtin resolver ... ^[[0m^[[32mok^[[0m ^[[0m^[[38;5;245m(44ms)^[[0m
Test on deno 20.x (macos-latest)	Run Deno tests	2026-09-16T08:32:53.4732320Z   [mjs module] prefix-only built-ins should not shadow npm packages of the same name ... ^[[0m^[[32mok^[[0m ^[[0m^[[38;5;245m(0ms)^[[0m
Test on deno 20.x (macos-latest)	Run Deno tests	2026-09-16T08:32:53.4734350Z   [mjs module] unknown module names should not be claimed as built-ins ... ^[[0m^[[32mok^[[0m ^[[0m^[[38;5;245m(0ms)^[[0m
Test on deno 20.x (macos-latest)	Run Deno tests	2026-09-16T08:32:53.4736350Z [mjs module] Dynamic built-in module detection ... ^[[0m^[[32mok^[[0m ^[[0m^[[38;5;245m(71ms)^[[0m
Test on deno 20.x (macos-latest)	Run Deno tests	2026-09-16T08:32:53.5473000Z ^[[0m^[[38;5;245mrunning 1 test from ./tests/esm-sh-polyfill-browser.test.mjs^[[0m
Test on deno 20.x (macos-latest)	Run Deno tests	2026-09-16T08:32:53.5480430Z [mjs module] esm.sh browser polyfill handling ...
Test on deno 20.x (macos-latest)	Run Deno tests	2026-09-16T08:32:53.5481950Z   Browser tests are skipped in Deno environment ... ^[[0m^[[33mignored^[[0m ^[[0m^[[38;5;245m(0ms)^[[0m
Test on deno 20.x (macos-latest)	Run Deno tests	2026-09-16T08:32:53.5484920Z [mjs module] esm.sh browser polyfill handling ... ^[[0m^[[32mok^[[0m ^[[0m^[[38;5;245m(1ms)^[[0m
Test on deno 20.x (macos-latest)	Run Deno tests	2026-09-16T08:32:53.5982690Z ^[[0m^[[38;5;245mrunning 2 tests from ./tests/fallback.test.mjs^[[0m
Test on deno 20.x (macos-latest)	Run Deno tests	2026-09-16T08:32:53.5992670Z [mjs module] loadWithFallback (shared engine) ...
Test on deno 20.x (macos-latest)	Run Deno tests	2026-09-16T08:32:53.6018160Z   [mjs module] returns the first source's result without trying later ones ... ^[[0m^[[32mok^[[0m ^[[0m^[[38;5;245m(2ms)^[[0m
Test on deno 20.x (macos-latest)	Run Deno tests	2026-09-16T08:32:53.6026070Z   [mjs module] falls back to a later source when earlier ones fail ... ^[[0m^[[32mok^[[0m ^[[0m^[[38;5;245m(1ms)^[[0m
Test on deno 20.x (macos-latest)	Run Deno tests	2026-09-16T08:32:53.6027320Z   [mjs module] retries a flaky source before succeeding ... ^[[0m^[[32mok^[[0m ^[[0m^[[38;5;245m(0ms)^[[0m
Test on deno 20.x (macos-latest)	Run Deno tests	2026-09-16T08:32:53.6031920Z   [mjs module] throws ONE aggregated error listing every attempt ... ^[[0m^[[32mok^[[0m ^[[0m^[[38;5;245m(1ms)^[[0m
Test on deno 20.x (macos-latest)	Run Deno tests	2026-09-16T08:32:53.6038440Z   [mjs module] rejects empty or non-array sources ... ^[[0m^[[32mok^[[0m ^[[0m^[[38;5;245m(0ms)^[[0m
Test on deno 20.x (macos-latest)	Run Deno tests	2026-09-16T08:32:53.6039240Z   [mjs module] rejects a missing load function ... ^[[0m^[[32mok^[[0m ^[[0m^[[38;5;245m(0ms)^[[0m
Test on deno 20.x (macos-latest)	Run Deno tests	2026-09-16T08:32:53.6044620Z [mjs module] loadWithFallback (shared engine) ... ^[[0m^[[32mok^[[0m ^[[0m^[[38;5;245m(6ms)^[[0m
Test on deno 20.x (macos-latest)	Run Deno tests	2026-09-16T08:32:53.6046070Z [mjs module] makeUse per-package CDN fallback ...
Test on deno 20.x (macos-latest)	Run Deno tests	2026-09-16T08:32:53.6422280Z   [mjs module] falls back to the next mirror when one import fails ... ^[[0m^[[32mok^[[0m ^[[0m^[[38;5;245m(37ms)^[[0m
Test on deno 20.x (macos-latest)	Run Deno tests	2026-09-16T08:32:53.6431970Z   [mjs module] throws a clear aggregated error when every mirror fails ... ^[[0m^[[32mok^[[0m ^[[0m^[[38;5;245m(1ms)^[[0m
Test on deno 20.x (macos-latest)	Run Deno tests	2026-09-16T08:32:53.6438360Z   [mjs module] a single explicit resolver imports directly with its raw error (no aggregation) ... ^[[0m^[[32mok^[[0m ^[[0m^[[38;5;245m(0ms)^[[0m
Test on deno 20.x (macos-latest)	Run Deno tests	2026-09-16T08:32:53.6443970Z   [mjs module] a single-entry specifierResolvers chain also imports directly ... ^[[0m^[[32mok^[[0m ^[[0m^[[38;5;245m(1ms)^[[0m
Test on deno 20.x (macos-latest)	Run Deno tests	2026-09-16T08:32:53.6447940Z   [mjs module] exposes the default mirror chains ... ^[[0m^[[32mok^[[0m ^[[0m^[[38;5;245m(0ms)^[[0m
Test on deno 20.x (macos-latest)	Run Deno tests	2026-09-16T08:32:53.6593890Z [mjs module] makeUse per-package CDN fallback ... ^[[0m^[[32mok^[[0m ^[[0m^[[38;5;245m(54ms)^[[0m
Test on deno 20.x (macos-latest)	Run Deno tests	2026-09-16T08:32:53.7150700Z ^[[0m^[[38;5;245mrunning 3 tests from ./tests/filename.test.mjs^[[0m
Test on deno 20.x (macos-latest)	Run Deno tests	2026-09-16T08:32:53.7166610Z [mjs module] scriptPath detection in ESM (functional) ...
Test on deno 20.x (macos-latest)	Run Deno tests	2026-09-16T08:32:53.7297220Z   [mjs module] default pathResolver resolves modules relative to use.mjs ... ^[[0m^[[32mok^[[0m ^[[0m^[[38;5;245m(13ms)^[[0m
Test on deno 20.x (macos-latest)	Run Deno tests	2026-09-16T08:32:53.7307760Z   [mjs module] override scriptPath resolves relative to provided path ... ^[[0m^[[32mok^[[0m ^[[0m^[[38;5;245m(1ms)^[[0m
Test on deno 20.x (macos-latest)	Run Deno tests	2026-09-16T08:32:53.7436300Z [mjs module] scriptPath detection in ESM (functional) ... ^[[0m^[[32mok^[[0m ^[[0m^[[38;5;245m(28ms)^[[0m
Test on deno 20.x (macos-latest)	Run Deno tests	2026-09-16T08:32:53.7437690Z [mjs module] scriptPath detection in ESM (createRequire fallback) ...
Test on deno 20.x (macos-latest)	Run Deno tests	2026-09-16T08:32:53.7442860Z   [mjs module] fallback default resolves modules relative to use.mjs ... ^[[0m^[[32mok^[[0m ^[[0m^[[38;5;245m(1ms)^[[0m
Test on deno 20.x (macos-latest)	Run Deno tests	2026-09-16T08:32:53.7457450Z   [mjs module] fallback explicit scriptPath resolves relative to provided path ... ^[[0m^[[32mok^[[0m ^[[0m^[[38;5;245m(1ms)^[[0m
Test on deno 20.x (macos-latest)	Run Deno tests	2026-09-16T08:32:53.7465590Z   [mjs module] fallback meta override changes pathResolver behavior in ESM ... ^[[0m^[[32mok^[[0m ^[[0m^[[38;5;245m(1ms)^[[0m
Test on deno 20.x (macos-latest)	Run Deno tests	2026-09-16T08:32:53.7468640Z [mjs module] scriptPath detection in ESM (createRequire fallback) ... ^[[0m^[[32mok^[[0m ^[[0m^[[38;5;245m(3ms)^[[0m
Test on deno 20.x (macos-latest)	Run Deno tests	2026-09-16T08:32:53.7471820Z [mjs module] scriptPath detection in ESM (meta URL) ...
Test on deno 20.x (macos-latest)	Run Deno tests	2026-09-16T08:32:53.7475690Z   [mjs module] meta override resolves modules relative to provided meta URL (use.js) ... ^[[0m^[[32mok^[[0m ^[[0m^[[38;5;245m(0ms)^[[0m
Test on deno 20.x (macos-latest)	Run Deno tests	2026-09-16T08:32:53.7478590Z [mjs module] scriptPath detection in ESM (meta URL) ... ^[[0m^[[32mok^[[0m ^[[0m^[[38;5;245m(827µs)^[[0m
Test on deno 20.x (macos-latest)	Run Deno tests	2026-09-16T08:32:53.8120790Z ^[[0m^[[38;5;245mrunning 1 test from ./tests/fs-promises.test.mjs^[[0m
Test on deno 20.x (macos-latest)	Run Deno tests	2026-09-16T08:32:53.8138920Z mjs module fs/promises support ...
Test on deno 20.x (macos-latest)	Run Deno tests	2026-09-16T08:32:53.8601230Z   mjs module fs/promises should return promise-based functions ... ^[[0m^[[32mok^[[0m ^[[0m^[[38;5;245m(46ms)^[[0m
Test on deno 20.x (macos-latest)	Run Deno tests	2026-09-16T08:32:53.8734490Z   mjs module fs/promises should work functionally ... ^[[0m^[[32mok^[[0m ^[[0m^[[38;5;245m(13ms)^[[0m
Test on deno 20.x (macos-latest)	Run Deno tests	2026-09-16T08:32:53.8743330Z   mjs module fs/promises should expose every function the runtime ships ... ^[[0m^[[32mok^[[0m ^[[0m^[[38;5;245m(1ms)^[[0m
Test on deno 20.x (macos-latest)	Run Deno tests	2026-09-16T08:32:53.8809760Z   mjs module fs/promises should forward arguments beyond the declared arity ... ^[[0m^[[32mok^[[0m ^[[0m^[[38;5;245m(6ms)^[[0m
Test on deno 20.x (macos-latest)	Run Deno tests	2026-09-16T08:32:53.8816720Z   mjs module fs/promises should differ from regular fs ... ^[[0m^[[32mok^[[0m ^[[0m^[[38;5;245m(1ms)^[[0m
Test on deno 20.x (macos-latest)	Run Deno tests	2026-09-16T08:32:53.8822060Z   mjs module fs/promises should report the same arity on every runtime ... ^[[0m^[[32mok^[[0m ^[[0m^[[38;5;245m(1ms)^[[0m
Test on deno 20.x (macos-latest)	Run Deno tests	2026-09-16T08:32:53.8827910Z   mjs module every rebuilt fs/promises function should be a named async function ... ^[[0m^[[32mok^[[0m ^[[0m^[[38;5;245m(0ms)^[[0m
Test on deno 20.x (macos-latest)	Run Deno tests	2026-09-16T08:32:53.8833910Z   mjs module fs/promises watch should be the runtime's promise watcher, not fs.watch ... ^[[0m^[[32mok^[[0m ^[[0m^[[38;5;245m(1ms)^[[0m
Test on deno 20.x (macos-latest)	Run Deno tests	2026-09-16T08:32:53.8958190Z   mjs module rebuilt fs/promises functions should work end to end ... ^[[0m^[[32mok^[[0m ^[[0m^[[38;5;245m(12ms)^[[0m
Test on deno 20.x (macos-latest)	Run Deno tests	2026-09-16T08:32:53.9045740Z mjs module fs/promises support ... ^[[0m^[[32mok^[[0m ^[[0m^[[38;5;245m(92ms)^[[0m
Test on deno 20.x (macos-latest)	Run Deno tests	2026-09-16T08:32:53.9510060Z ^[[0m^[[38;5;245mrunning 1 test from ./tests/get-script-url.test.mjs^[[0m
Test on deno 20.x (macos-latest)	Run Deno tests	2026-09-16T08:32:53.9518590Z [mjs module] import.meta.url workaround ...
Test on deno 20.x (macos-latest)	Run Deno tests	2026-09-16T08:32:53.9720040Z   [mjs module] scriptUrl matches import.meta.url ... ^[[0m^[[32mok^[[0m ^[[0m^[[38;5;245m(20ms)^[[0m
Test on deno 20.x (macos-latest)	Run Deno tests	2026-09-16T08:32:53.9735210Z   [mjs module] scriptUrl matches import.meta.url in eval ... ^[[0m^[[32mok^[[0m ^[[0m^[[38;5;245m(2ms)^[[0m
Test on deno 20.x (macos-latest)	Run Deno tests	2026-09-16T08:32:53.9736620Z [mjs module] import.meta.url workaround ... ^[[0m^[[32mok^[[0m ^[[0m^[[38;5;245m(22ms)^[[0m
Test on deno 20.x (macos-latest)	Run Deno tests	2026-09-16T08:32:54.0384180Z ^[[0m^[[38;5;245mrunning 1 test from ./tests/import.test.mjs^[[0m
Test on deno 20.x (macos-latest)	Run Deno tests	2026-09-16T08:32:54.0406280Z [mjs module] dynamic import support ...
Test on deno 20.x (macos-latest)	Run Deno tests	2026-09-16T08:32:54.0442660Z   [mjs module] supportsDynamicImport returns true in .mjs file ... ^[[0m^[[32mok^[[0m ^[[0m^[[38;5;245m(3ms)^[[0m
Test on deno 20.x (macos-latest)	Run Deno tests	2026-09-16T08:32:54.0443810Z [mjs module] dynamic import support ... ^[[0m^[[32mok^[[0m ^[[0m^[[38;5;245m(5ms)^[[0m
Test on deno 20.x (macos-latest)	Run Deno tests	2026-09-16T08:32:54.1395750Z ^[[0m^[[38;5;245mrunning 3 tests from ./tests/load.test.mjs^[[0m
Test on deno 20.x (macos-latest)	Run Deno tests	2026-09-16T08:32:54.1401050Z [mjs module] looksLikeUseModule ...
Test on deno 20.x (macos-latest)	Run Deno tests	2026-09-16T08:32:54.1483250Z   [mjs module] accepts the real shipped use.js ... ^[[0m^[[32mok^[[0m ^[[0m^[[38;5;245m(7ms)^[[0m
Test on deno 20.x (macos-latest)	Run Deno tests	2026-09-16T08:32:54.1500060Z   [mjs module] accepts a long module-like body ... ^[[0m^[[32mok^[[0m ^[[0m^[[38;5;245m(1ms)^[[0m
Test on deno 20.x (macos-latest)	Run Deno tests	2026-09-16T08:32:54.1504140Z   [mjs module] rejects common CDN plain-text error bodies ... ^[[0m^[[32mok^[[0m ^[[0m^[[38;5;245m(1ms)^[[0m
Test on deno 20.x (macos-latest)	Run Deno tests	2026-09-16T08:32:54.1508520Z   [mjs module] rejects HTML error pages ... ^[[0m^[[32mok^[[0m ^[[0m^[[38;5;245m(0ms)^[[0m
Test on deno 20.x (macos-latest)	Run Deno tests	2026-09-16T08:32:54.1513520Z   [mjs module] rejects empty, whitespace, short, and non-string input ... ^[[0m^[[32mok^[[0m ^[[0m^[[38;5;245m(1ms)^[[0m
Test on deno 20.x (macos-latest)	Run Deno tests	2026-09-16T08:32:54.1516740Z [mjs module] looksLikeUseModule ... ^[[0m^[[32mok^[[0m ^[[0m^[[38;5;245m(12ms)^[[0m
Test on deno 20.x (macos-latest)	Run Deno tests	2026-09-16T08:32:54.1518240Z [mjs module] DEFAULT_SOURCES ...
Test on deno 20.x (macos-latest)	Run Deno tests	2026-09-16T08:32:54.1533900Z   [mjs module] lists unpkg, jsDelivr and esm.sh in priority order ... ^[[0m^[[32mok^[[0m ^[[0m^[[38;5;245m(1ms)^[[0m
Test on deno 20.x (macos-latest)	Run Deno tests	2026-09-16T08:32:54.1536130Z [mjs module] DEFAULT_SOURCES ... ^[[0m^[[32mok^[[0m ^[[0m^[[38;5;245m(1ms)^[[0m
Test on deno 20.x (macos-latest)	Run Deno tests	2026-09-16T08:32:54.1538060Z [mjs module] loadUseM ...
Test on deno 20.x (macos-latest)	Run Deno tests	2026-09-16T08:32:54.1552420Z   [mjs module] resolves the use object from the first working source ... ^[[0m^[[32mok^[[0m ^[[0m^[[38;5;245m(1ms)^[[0m
Test on deno 20.x (macos-latest)	Run Deno tests	2026-09-16T08:32:54.1590440Z   [mjs module] evaluates the real shipped use.js into a working module ... ^[[0m^[[32mok^[[0m ^[[0m^[[38;5;245m(3ms)^[[0m
Test on deno 20.x (macos-latest)	Run Deno tests	2026-09-16T08:32:54.1605460Z   [mjs module] falls back to a later mirror when earlier ones fail ... ^[[0m^[[32mok^[[0m ^[[0m^[[38;5;245m(2ms)^[[0m
Test on deno 20.x (macos-latest)	Run Deno tests	2026-09-16T08:32:54.1613530Z   [mjs module] retries a flaky source before succeeding ... ^[[0m^[[32mok^[[0m ^[[0m^[[38;5;245m(1ms)^[[0m
Test on deno 20.x (macos-latest)	Run Deno tests	2026-09-16T08:32:54.1617640Z   [mjs module] throws a clear aggregated error (not SyntaxError) when every source fails ... ^[[0m^[[32mok^[[0m ^[[0m^[[38;5;245m(0ms)^[[0m
Test on deno 20.x (macos-latest)	Run Deno tests	2026-09-16T08:32:54.1623530Z   [mjs module] surfaces the HTTP status for non-ok responses ... ^[[0m^[[32mok^[[0m ^[[0m^[[38;5;245m(1ms)^[[0m
Test on deno 20.x (macos-latest)	Run Deno tests	2026-09-16T08:32:54.1626190Z   [mjs module] rejects when the evaluated module lacks a use function ... ^[[0m^[[32mok^[[0m ^[[0m^[[38;5;245m(0ms)^[[0m
Test on deno 20.x (macos-latest)	Run Deno tests	2026-09-16T08:32:54.1628990Z   [mjs module] does not let eval errors from a malformed body escape ... ^[[0m^[[32mok^[[0m ^[[0m^[[38;5;245m(0ms)^[[0m
Test on deno 20.x (macos-latest)	Run Deno tests	2026-09-16T08:32:54.1634050Z   [mjs module] reports a clear error when fetch is unavailable ... ^[[0m^[[32mok^[[0m ^[[0m^[[38;5;245m(1ms)^[[0m
Test on deno 20.x (macos-latest)	Run Deno tests	2026-09-16T08:32:54.1635260Z   [mjs module] honors a custom evaluate hook ... ^[[0m^[[32mok^[[0m ^[[0m^[[38;5;245m(0ms)^[[0m
Test on deno 20.x (macos-latest)	Run Deno tests	2026-09-16T08:32:54.2189490Z   [mjs module] times out a hanging request and reports it ... ^[[0m^[[32mok^[[0m ^[[0m^[[38;5;245m(55ms)^[[0m
Test on deno 20.x (macos-latest)	Run Deno tests	2026-09-16T08:32:54.2196080Z [mjs module] loadUseM ... ^[[0m^[[32mok^[[0m ^[[0m^[[38;5;245m(66ms)^[[0m
Test on deno 20.x (macos-latest)	Run Deno tests	2026-09-16T08:32:54.3042770Z ^[[0m^[[38;5;245mrunning 1 test from ./tests/loader.test.mjs^[[0m
Test on deno 20.x (macos-latest)	Run Deno tests	2026-09-16T08:32:54.3051660Z [mjs module] loader resolve hook ...
Test on deno 20.x (macos-latest)	Run Deno tests	2026-09-16T08:32:54.3088320Z   [mjs module] returns the default resolver's result when it succeeds ... ^[[0m^[[32mok^[[0m ^[[0m^[[38;5;245m(2ms)^[[0m
Test on deno 20.x (macos-latest)	Run Deno tests	2026-09-16T08:32:55.9388710Z   [mjs module] falls back to the npm resolver when the default resolver throws ... ^[[0m^[[32mok^[[0m ^[[0m^[[38;5;245m(1s)^[[0m
Test on deno 20.x (macos-latest)	Run Deno tests	2026-09-16T08:32:56.4605890Z   [mjs module] surfaces a clear aggregated error when BOTH resolvers fail ... ^[[0m^[[32mok^[[0m ^[[0m^[[38;5;245m(520ms)^[[0m
Test on deno 20.x (macos-latest)	Run Deno tests	2026-09-16T08:32:56.4759300Z [mjs module] loader resolve hook ... ^[[0m^[[32mok^[[0m ^[[0m^[[38;5;245m(2s)^[[0m
Test on deno 20.x (macos-latest)	Run Deno tests	2026-09-16T08:32:56.5439910Z ^[[0m^[[38;5;245mrunning 1 test from ./tests/lodash.test.mjs^[[0m
Test on deno 20.x (macos-latest)	Run Deno tests	2026-09-16T08:32:56.5458150Z [mjs module] 'lodash' imports tests ...
Test on deno 20.x (macos-latest)	Run Deno tests	2026-09-16T08:32:56.5881050Z ^[[0m^[[32mDownload^[[0m https://esm.sh/lodash@latest
Test on deno 20.x (macos-latest)	Run Deno tests	2026-09-16T08:32:56.6882730Z ^[[0m^[[32mDownload^[[0m https://esm.sh/lodash@4.18.1
Test on deno 20.x (macos-latest)	Run Deno tests	2026-09-16T08:32:56.7643710Z ^[[0m^[[32mDownload^[[0m https://esm.sh/lodash@4.18.1/denonext/lodash.mjs
Test on deno 20.x (macos-latest)	Run Deno tests	2026-09-16T08:32:56.8401190Z   [mjs module] npm: lodash ... ^[[0m^[[32mok^[[0m ^[[0m^[[38;5;245m(294ms)^[[0m
Test on deno 20.x (macos-latest)	Run Deno tests	2026-09-16T08:32:56.8414560Z   [mjs module] npm: lodash@latest ... ^[[0m^[[32mok^[[0m ^[[0m^[[38;5;245m(2ms)^[[0m
Test on deno 20.x (macos-latest)	Run Deno tests	2026-09-16T08:32:56.8420210Z   [mjs module] npm: lodash@ ... ^[[0m^[[32mok^[[0m ^[[0m^[[38;5;245m(0ms)^[[0m
Test on deno 20.x (macos-latest)	Run Deno tests	2026-09-16T08:32:56.8432930Z ^[[0m^[[32mDownload^[[0m https://esm.sh/lodash@4.17.21
Test on deno 20.x (macos-latest)	Run Deno tests	2026-09-16T08:32:56.9192240Z ^[[0m^[[32mDownload^[[0m https://esm.sh/lodash@4.17.21/denonext/lodash.mjs
Test on deno 20.x (macos-latest)	Run Deno tests	2026-09-16T08:32:56.9609540Z   [mjs module] npm: lodash@4.17.21 ... ^[[0m^[[32mok^[[0m ^[[0m^[[38;5;245m(118ms)^[[0m
Test on deno 20.x (macos-latest)	Run Deno tests	2026-09-16T08:32:56.9614780Z ^[[0m^[[32mDownload^[[0m https://esm.sh/lodash@4.17.21/add
Test on deno 20.x (macos-latest)	Run Deno tests	2026-09-16T08:32:57.0381970Z ^[[0m^[[32mDownload^[[0m https://esm.sh/lodash@4.17.21/denonext/add.mjs
Test on deno 20.x (macos-latest)	Run Deno tests	2026-09-16T08:32:57.0586360Z   [mjs module] npm: lodash@4.17.21/add ... ^[[0m^[[32mok^[[0m ^[[0m^[[38;5;245m(98ms)^[[0m
Test on deno 20.x (macos-latest)	Run Deno tests	2026-09-16T08:32:57.0593750Z ^[[0m^[[32mDownload^[[0m https://esm.sh/lodash@4.17.21/add.js
Test on deno 20.x (macos-latest)	Run Deno tests	2026-09-16T08:32:57.0760670Z   [mjs module] npm: lodash@4.17.21/add.js ... ^[[0m^[[32mok^[[0m ^[[0m^[[38;5;245m(17ms)^[[0m
Test on deno 20.x (macos-latest)	Run Deno tests	2026-09-16T08:32:57.0768200Z ^[[0m^[[32mDownload^[[0m https://esm.sh/lodash@4.17.21/not-found.js
Test on deno 20.x (macos-latest)	Run Deno tests	2026-09-16T08:32:57.0962130Z   [mjs module] npm: lodash@4.17.21/not-found.js ... ^[[0m^[[32mok^[[0m ^[[0m^[[38;5;245m(19ms)^[[0m
Test on deno 20.x (macos-latest)	Run Deno tests	2026-09-16T08:32:57.1160730Z [mjs module] 'lodash' imports tests ... ^[[0m^[[32mok^[[0m ^[[0m^[[38;5;245m(571ms)^[[0m
Test on deno 20.x (macos-latest)	Run Deno tests	2026-09-16T08:32:57.2095410Z ^[[0m^[[38;5;245mrunning 1 test from ./tests/module-specifier.test.mjs^[[0m
Test on deno 20.x (macos-latest)	Run Deno tests	2026-09-16T08:32:57.2103900Z [mjs module] parseModuleSpecifier ...
Test on deno 20.x (macos-latest)	Run Deno tests	2026-09-16T08:32:57.2116450Z   [mjs module] parses package with name and version ... ^[[0m^[[32mok^[[0m ^[[0m^[[38;5;245m(1ms)^[[0m
Test on deno 20.x (macos-latest)	Run Deno tests	2026-09-16T08:32:57.2129520Z   [mjs module] parses scoped package with name and version ... ^[[0m^[[32mok^[[0m ^[[0m^[[38;5;245m(0ms)^[[0m
Test on deno 20.x (macos-latest)	Run Deno tests	2026-09-16T08:32:57.2133630Z   [mjs module] parses package with name, version, and inner path ... ^[[0m^[[32mok^[[0m ^[[0m^[[38;5;245m(0ms)^[[0m
Test on deno 20.x (macos-latest)	Run Deno tests	2026-09-16T08:32:57.2137550Z   [mjs module] parses package with name, version, and inner path with latest ... ^[[0m^[[32mok^[[0m ^[[0m^[[38;5;245m(0ms)^[[0m
Test on deno 20.x (macos-latest)	Run Deno tests	2026-09-16T08:32:57.2142780Z   [mjs module] parses scoped package with name, version, and inner path ... ^[[0m^[[32mok^[[0m ^[[0m^[[38;5;245m(0ms)^[[0m
Test on deno 20.x (macos-latest)	Run Deno tests	2026-09-16T08:32:57.2145750Z   [mjs module] parses package with name only ... ^[[0m^[[32mok^[[0m ^[[0m^[[38;5;245m(0ms)^[[0m
Test on deno 20.x (macos-latest)	Run Deno tests	2026-09-16T08:32:57.2152770Z   [mjs module] parses scoped package with name only ... ^[[0m^[[32mok^[[0m ^[[0m^[[38;5;245m(0ms)^[[0m
Test on deno 20.x (macos-latest)	Run Deno tests	2026-09-16T08:32:57.2158080Z   [mjs module] parses yargs@17.7.2/helpers ... ^[[0m^[[32mok^[[0m ^[[0m^[[38;5;245m(0ms)^[[0m
Test on deno 20.x (macos-latest)	Run Deno tests	2026-09-16T08:32:57.2168540Z   [mjs module] parses yargs@latest/helpers ... ^[[0m^[[32mok^[[0m ^[[0m^[[38;5;245m(0ms)^[[0m
Test on deno 20.x (macos-latest)	Run Deno tests	2026-09-16T08:32:57.2170640Z   [mjs module] parses yargs/helpers ... ^[[0m^[[32mok^[[0m ^[[0m^[[38;5;245m(0ms)^[[0m
Test on deno 20.x (macos-latest)	Run Deno tests	2026-09-16T08:32:57.2185710Z   [mjs module] throws error for invalid package identifier ... ^[[0m^[[32mok^[[0m ^[[0m^[[38;5;245m(1ms)^[[0m
Test on deno 20.x (macos-latest)	Run Deno tests	2026-09-16T08:32:57.2197020Z [mjs module] parseModuleSpecifier ... ^[[0m^[[32mok^[[0m ^[[0m^[[38;5;245m(10ms)^[[0m
Test on deno 20.x (macos-latest)	Run Deno tests	2026-09-16T08:32:57.3059730Z ^[[0m^[[38;5;245mrunning 1 test from ./tests/network-imports.test.mjs^[[0m
Test on deno 20.x (macos-latest)	Run Deno tests	2026-09-16T08:32:57.3076530Z [mjs module] imports using --experimental-network-imports ...
Test on deno 20.x (macos-latest)	Run Deno tests	2026-09-16T08:32:57.8071520Z   [mjs module] Import using --experimental-network-imports for CJS file ... ^[[0m^[[32mok^[[0m ^[[0m^[[38;5;245m(499ms)^[[0m
Test on deno 20.x (macos-latest)	Run Deno tests	2026-09-16T08:32:58.1043510Z   [mjs module] Import using --experimental-network-imports for MJS file ... ^[[0m^[[32mok^[[0m ^[[0m^[[38;5;245m(296ms)^[[0m
Test on deno 20.x (macos-latest)	Run Deno tests	2026-09-16T08:32:58.1045260Z [mjs module] imports using --experimental-network-imports ... ^[[0m^[[32mok^[[0m ^[[0m^[[38;5;245m(798ms)^[[0m
Test on deno 20.x (macos-latest)	Run Deno tests	2026-09-16T08:32:58.2553960Z ^[[0m^[[38;5;245mrunning 1 test from ./tests/npm-global-prefix.test.mjs^[[0m
Test on deno 20.x (macos-latest)	Run Deno tests	2026-09-16T08:32:58.2570960Z global ...
Test on deno 20.x (macos-latest)	Run Deno tests	2026-09-16T08:32:58.2581860Z   [mjs module] npm global prefix handling ...
Test on deno 20.x (macos-latest)	Run Deno tests	2026-09-16T08:32:58.2585530Z     [mjs module] keeps latest and pinned aliases loadable when they share a package binary ... ^[[0m^[[32mok^[[0m ^[[0m^[[38;5;245m(0ms)^[[0m
Test on deno 20.x (macos-latest)	Run Deno tests	2026-09-16T08:32:58.2589780Z     [mjs module] never force-installs over an unrelated global executable ... ^[[0m^[[32mok^[[0m ^[[0m^[[38;5;245m(0ms)^[[0m
Test on deno 20.x (macos-latest)	Run Deno tests	2026-09-16T08:32:58.2595330Z     [mjs module] redirects installs to use-m cache when npm global root is not writable ... ^[[0m^[[32mok^[[0m ^[[0m^[[38;5;245m(0ms)^[[0m
Test on deno 20.x (macos-latest)	Run Deno tests	2026-09-16T08:32:58.2600670Z     [mjs module] keeps the configured npm root when it is writable ... ^[[0m^[[32mok^[[0m ^[[0m^[[38;5;245m(0ms)^[[0m
Test on deno 20.x (macos-latest)	Run Deno tests	2026-09-16T08:32:58.2602930Z     [mjs module] respects an explicit npm_config_prefix override ... ^[[0m^[[32mok^[[0m ^[[0m^[[38;5;245m(1ms)^[[0m
Test on deno 20.x (macos-latest)	Run Deno tests	2026-09-16T08:32:58.2605790Z     [mjs module] retries transient npm install failures and removes partial aliases ... ^[[0m^[[32mok^[[0m ^[[0m^[[38;5;245m(0ms)^[[0m
Test on deno 20.x (macos-latest)	Run Deno tests	2026-09-16T08:32:58.2610370Z     [mjs module] reports captured npm output and cleans up after exhausted retries ... ^[[0m^[[32mok^[[0m ^[[0m^[[38;5;245m(0ms)^[[0m
Test on deno 20.x (macos-latest)	Run Deno tests	2026-09-16T08:32:58.2615660Z     [mjs module] gives corrupt-alias cleanup a recursive rm retry budget ... ^[[0m^[[32mok^[[0m ^[[0m^[[38;5;245m(0ms)^[[0m
Test on deno 20.x (macos-latest)	Run Deno tests	2026-09-16T08:32:58.2619930Z     [mjs module] repairs a truncated entry point and bypasses the cached syntax failure ... ^[[0m^[[32mok^[[0m ^[[0m^[[38;5;245m(0ms)^[[0m
Test on deno 20.x (macos-latest)	Run Deno tests	2026-09-16T08:32:58.2622740Z     [mjs module] repairs an alias missing an internal ESM dependency ... ^[[0m^[[32mok^[[0m ^[[0m^[[38;5;245m(1ms)^[[0m
Test on deno 20.x (macos-latest)	Run Deno tests	2026-09-16T08:32:58.2624800Z     [mjs module] repairs an alias with invalid package metadata ... ^[[0m^[[32mok^[[0m ^[[0m^[[38;5;245m(0ms)^[[0m
Test on deno 20.x (macos-latest)	Run Deno tests	2026-09-16T08:32:58.2627180Z     [mjs module] repairs an alias whose declared entry point is missing ... ^[[0m^[[32mok^[[0m ^[[0m^[[38;5;245m(0ms)^[[0m
Test on deno 20.x (macos-latest)	Run Deno tests	2026-09-16T08:32:58.2629400Z     [mjs module] does not reinstall for an unrelated unwrapped missing-module error ... ^[[0m^[[32mok^[[0m ^[[0m^[[38;5;245m(0ms)^[[0m
Test on deno 20.x (macos-latest)	Run Deno tests	2026-09-16T08:32:58.2632380Z     [mjs module] collapses concurrent requests for one package into a single install ... ^[[0m^[[32mok^[[0m ^[[0m^[[38;5;245m(1ms)^[[0m
Test on deno 20.x (macos-latest)	Run Deno tests	2026-09-16T08:32:58.2635590Z     [mjs module] keeps a shared failed install retryable ... ^[[0m^[[32mok^[[0m ^[[0m^[[38;5;245m(0ms)^[[0m
Test on deno 20.x (macos-latest)	Run Deno tests	2026-09-16T08:32:58.2638480Z     [mjs module] never lets separate processes install one alias at the same time ... ^[[0m^[[32mok^[[0m ^[[0m^[[38;5;245m(0ms)^[[0m
Test on deno 20.x (macos-latest)	Run Deno tests	2026-09-16T08:32:58.2663040Z   [mjs module] npm global prefix handling ... ^[[0m^[[32mok^[[0m ^[[0m^[[38;5;245m(8ms)^[[0m
Test on deno 20.x (macos-latest)	Run Deno tests	2026-09-16T08:32:58.2814350Z global ... ^[[0m^[[32mok^[[0m ^[[0m^[[38;5;245m(25ms)^[[0m
Test on deno 20.x (macos-latest)	Run Deno tests	2026-09-16T08:32:58.3497390Z ^[[0m^[[38;5;245mrunning 1 test from ./tests/relative-paths-browser.test.mjs^[[0m
Test on deno 20.x (macos-latest)	Run Deno tests	2026-09-16T08:32:58.3512820Z [mjs module] Relative path resolution in browser ...
Test on deno 20.x (macos-latest)	Run Deno tests	2026-09-16T08:32:58.3514660Z   Browser tests are skipped in Deno environment ... ^[[0m^[[33mignored^[[0m ^[[0m^[[38;5;245m(0ms)^[[0m
Test on deno 20.x (macos-latest)	Run Deno tests	2026-09-16T08:32:58.3518740Z [mjs module] Relative path resolution in browser ... ^[[0m^[[32mok^[[0m ^[[0m^[[38;5;245m(1ms)^[[0m
Test on deno 20.x (macos-latest)	Run Deno tests	2026-09-16T08:32:58.4433880Z ^[[0m^[[38;5;245mrunning 1 test from ./tests/relative-paths.integration.test.mjs^[[0m
Test on deno 20.x (macos-latest)	Run Deno tests	2026-09-16T08:32:58.4444490Z [mjs module] Relative Path Resolution (Integration) ...
Test on deno 20.x (macos-latest)	Run Deno tests	2026-09-16T08:32:58.4449130Z   [mjs module] relative paths should work when run directly with Node.js ...
Test on deno 20.x (macos-latest)	Run Deno tests	2026-09-16T08:32:58.4452290Z ^[[0m^[[38;5;245m------- post-test output -------^[[0m
Test on deno 20.x (macos-latest)	Run Deno tests	2026-09-16T08:32:58.4452710Z /Users/runner/work/use-m/use-m/tests
Test on deno 20.x (macos-latest)	Run Deno tests	2026-09-16T08:32:58.5999330Z Testing relative paths from tests directory...
Test on deno 20.x (macos-latest)	Run Deno tests	2026-09-16T08:32:58.6000250Z 
Test on deno 20.x (macos-latest)	Run Deno tests	2026-09-16T08:32:58.6000830Z 1. Testing ./browser-server/test-helper.js
Test on deno 20.x (macos-latest)	Run Deno tests	2026-09-16T08:32:58.6002340Z    ✓ Message: Helper module loaded
Test on deno 20.x (macos-latest)	Run Deno tests	2026-09-16T08:32:58.6002890Z 
Test on deno 20.x (macos-latest)	Run Deno tests	2026-09-16T08:32:58.6003300Z 2. Testing ./browser-server/test-data.json
Test on deno 20.x (macos-latest)	Run Deno tests	2026-09-16T08:32:58.6004220Z    ✓ Value: 123
Test on deno 20.x (macos-latest)	Run Deno tests	2026-09-16T08:32:58.6004880Z    ✓ Test: data
Test on deno 20.x (macos-latest)	Run Deno tests	2026-09-16T08:32:58.6005250Z 
Test on deno 20.x (macos-latest)	Run Deno tests	2026-09-16T08:32:58.6005490Z 3. Testing ../src/use.mjs
Test on deno 20.x (macos-latest)	Run Deno tests	2026-09-16T08:32:58.6006330Z    ✓ use function exists: true
Test on deno 20.x (macos-latest)	Run Deno tests	2026-09-16T08:32:58.6006840Z 
Test on deno 20.x (macos-latest)	Run Deno tests	2026-09-16T08:32:58.6007370Z 4. Testing ./browser-server/subfolder/nested.js
Test on deno 20.x (macos-latest)	Run Deno tests	2026-09-16T08:32:58.6008320Z    ✓ Nested: true Level: subfolder
Test on deno 20.x (macos-latest)	Run Deno tests	2026-09-16T08:32:58.6008770Z 
Test on deno 20.x (macos-latest)	Run Deno tests	2026-09-16T08:32:58.6009390Z 5. Testing ./browser-server/subfolder/nested-data.json
Test on deno 20.x (macos-latest)	Run Deno tests	2026-09-16T08:32:58.6012050Z    ✓ Level: nested Depth: 1
Test on deno 20.x (macos-latest)	Run Deno tests	2026-09-16T08:32:58.6012460Z 
Test on deno 20.x (macos-latest)	Run Deno tests	2026-09-16T08:32:58.6012720Z 6. Testing ../package.json
Test on deno 20.x (macos-latest)	Run Deno tests	2026-09-16T08:32:58.6013500Z    ✓ Package name: use-m
Test on deno 20.x (macos-latest)	Run Deno tests	2026-09-16T08:32:58.6013930Z 
Test on deno 20.x (macos-latest)	Run Deno tests	2026-09-16T08:32:58.6015400Z ✅ All direct tests passed!
Test on deno 20.x (macos-latest)	Run Deno tests	2026-09-16T08:32:58.6015820Z 
Test on deno 20.x (macos-latest)	Run Deno tests	2026-09-16T08:32:58.6016410Z ^[[0m^[[38;5;245m----- post-test output end -----^[[0m
Test on deno 20.x (macos-latest)	Run Deno tests	2026-09-16T08:32:58.6019160Z   [mjs module] relative paths should work when run directly with Node.js ... ^[[0m^[[32mok^[[0m ^[[0m^[[38;5;245m(155ms)^[[0m
Test on deno 20.x (macos-latest)	Run Deno tests	2026-09-16T08:32:58.6111140Z [mjs module] Relative Path Resolution (Integration) ... ^[[0m^[[32mok^[[0m ^[[0m^[[38;5;245m(167ms)^[[0m
Test on deno 20.x (macos-latest)	Run Deno tests	2026-09-16T08:32:58.6841410Z ^[[0m^[[38;5;245mrunning 1 test from ./tests/relative-paths.test.mjs^[[0m
Test on deno 20.x (macos-latest)	Run Deno tests	2026-09-16T08:32:58.6846760Z Relative Path Resolution ...
Test on deno 20.x (macos-latest)	Run Deno tests	2026-09-16T08:32:58.7073230Z   should import JS file from same directory using ./ ... ^[[0m^[[32mok^[[0m ^[[0m^[[38;5;245m(22ms)^[[0m
Test on deno 20.x (macos-latest)	Run Deno tests	2026-09-16T08:32:58.7084960Z   should import JSON file from same directory using ./ ... ^[[0m^[[32mok^[[0m ^[[0m^[[38;5;245m(2ms)^[[0m
Test on deno 20.x (macos-latest)	Run Deno tests	2026-09-16T08:32:58.7093910Z   should import JS file from parent directory using ../ ... ^[[0m^[[32mok^[[0m ^[[0m^[[38;5;245m(1ms)^[[0m
Test on deno 20.x (macos-latest)	Run Deno tests	2026-09-16T08:32:58.7104850Z   should import from subdirectory using ./subfolder/ ... ^[[0m^[[32mok^[[0m ^[[0m^[[38;5;245m(1ms)^[[0m
Test on deno 20.x (macos-latest)	Run Deno tests	2026-09-16T08:32:58.7126090Z   should import JSON from subdirectory ... ^[[0m^[[32mok^[[0m ^[[0m^[[38;5;245m(2ms)^[[0m
Test on deno 20.x (macos-latest)	Run Deno tests	2026-09-16T08:32:58.7151560Z   should handle complex relative paths (../) ... ^[[0m^[[32mok^[[0m ^[[0m^[[38;5;245m(2ms)^[[0m
Test on deno 20.x (macos-latest)	Run Deno tests	2026-09-16T08:32:58.7527870Z   should work with mixed relative and npm imports ... ^[[0m^[[32mok^[[0m ^[[0m^[[38;5;245m(37ms)^[[0m
Test on deno 20.x (macos-latest)	Run Deno tests	2026-09-16T08:32:58.7552700Z   should maintain correct context for nested relative imports ... ^[[0m^[[32mok^[[0m ^[[0m^[[38;5;245m(2ms)^[[0m
Test on deno 20.x (macos-latest)	Run Deno tests	2026-09-16T08:32:58.7826450Z Relative Path Resolution ... ^[[0m^[[32mok^[[0m ^[[0m^[[38;5;245m(98ms)^[[0m
Test on deno 20.x (macos-latest)	Run Deno tests	2026-09-16T08:32:58.8929970Z ^[[0m^[[38;5;245mrunning 1 test from ./tests/release-workflow-policy.test.mjs^[[0m
Test on deno 20.x (macos-latest)	Run Deno tests	2026-09-16T08:32:58.8947060Z release workflow policy ...
Test on deno 20.x (macos-latest)	Run Deno tests	2026-09-16T08:32:58.8968910Z   uses npm package metadata that matches registry and trusted publishing expectations ... ^[[0m^[[32mok^[[0m ^[[0m^[[38;5;245m(2ms)^[[0m
Test on deno 20.x (macos-latest)	Run Deno tests	2026-09-16T08:32:58.8999530Z   keeps CI and publishing in the trusted-publisher release workflow ... ^[[0m^[[32mok^[[0m ^[[0m^[[38;5;245m(2ms)^[[0m
Test on deno 20.x (macos-latest)	Run Deno tests	2026-09-16T08:32:58.9014500Z   publishes with npm trusted publishing instead of token auth ... ^[[0m^[[32mok^[[0m ^[[0m^[[38;5;245m(1ms)^[[0m
Test on deno 20.x (macos-latest)	Run Deno tests	2026-09-16T08:32:58.9025110Z   runs tests before publishing and preserves main-branch release runs ... ^[[0m^[[32mok^[[0m ^[[0m^[[38;5;245m(1ms)^[[0m
Test on deno 20.x (macos-latest)	Run Deno tests	2026-09-16T08:32:58.9035920Z   fails release runs when the package, tag, and GitHub release already exist ... ^[[0m^[[32mok^[[0m ^[[0m^[[38;5;245m(1ms)^[[0m
Test on deno 20.x (macos-latest)	Run Deno tests	2026-09-16T08:32:58.9049230Z   runs the Node.js test job on every Node.js line the library supports ... ^[[0m^[[32mok^[[0m ^[[0m^[[38;5;245m(1ms)^[[0m
Test on deno 20.x (macos-latest)	Run Deno tests	2026-09-16T08:32:58.9056830Z   keeps dependency install logs quiet while auditing shipped dependencies ... ^[[0m^[[32mok^[[0m ^[[0m^[[38;5;245m(1ms)^[[0m
Test on deno 20.x (macos-latest)	Run Deno tests	2026-09-16T08:32:58.9066080Z   uses current action versions and explicit job timeouts ... ^[[0m^[[32mok^[[0m ^[[0m^[[38;5;245m(1ms)^[[0m
Test on deno 20.x (macos-latest)	Run Deno tests	2026-09-16T08:32:58.9097140Z   retries Deno network-import tests without hiding persistent failures ... ^[[0m^[[32mok^[[0m ^[[0m^[[38;5;245m(1ms)^[[0m
Test on deno 20.x (macos-latest)	Run Deno tests	2026-09-16T08:32:58.9098700Z release workflow policy ... ^[[0m^[[32mok^[[0m ^[[0m^[[38;5;245m(15ms)^[[0m
Test on deno 20.x (macos-latest)	Run Deno tests	2026-09-16T08:32:58.9857190Z ^[[0m^[[38;5;245mrunning 1 test from ./tests/resolvers.test.mjs^[[0m
Test on deno 20.x (macos-latest)	Run Deno tests	2026-09-16T08:32:58.9879390Z [mjs module] resolvers tests ...
Test on deno 20.x (macos-latest)	Run Deno tests	2026-09-16T08:32:59.2148340Z   [mjs module] npm resolver resolves package path ... ^[[0m^[[32mok^[[0m ^[[0m^[[38;5;245m(227ms)^[[0m
Test on deno 20.x (macos-latest)	Run Deno tests	2026-09-16T08:33:00.6170340Z   [mjs module] npm resolver resolves scoped package path for @octokit/core@6.1.5 ... ^[[0m^[[32mok^[[0m ^[[0m^[[38;5;245m(1s)^[[0m
Test on deno 20.x (macos-latest)	Run Deno tests	2026-09-16T08:33:04.5849920Z   [mjs module] npm resolver resolves package path with version ... ^[[0m^[[32mok^[[0m ^[[0m^[[38;5;245m(3s)^[[0m
Test on deno 20.x (macos-latest)	Run Deno tests	2026-09-16T08:33:05.4320610Z   [mjs module] npm resolver resolves yargs/helpers ... ^[[0m^[[32mok^[[0m ^[[0m^[[38;5;245m(847ms)^[[0m
Test on deno 20.x (macos-latest)	Run Deno tests	2026-09-16T08:33:06.1599430Z   [mjs module] npm resolver resolves yargs@18.0.0/helpers ... ^[[0m^[[32mok^[[0m ^[[0m^[[38;5;245m(728ms)^[[0m
Test on deno 20.x (macos-latest)	Run Deno tests	2026-09-16T08:33:06.7917840Z   [mjs module] npm resolver resolves yargs@latest/helpers ... ^[[0m^[[32mok^[[0m ^[[0m^[[38;5;245m(631ms)^[[0m
Test on deno 20.x (macos-latest)	Run Deno tests	2026-09-16T08:33:06.7925060Z   [mjs module] skypack resolver resolves URL ... ^[[0m^[[32mok^[[0m ^[[0m^[[38;5;245m(0ms)^[[0m
Test on deno 20.x (macos-latest)	Run Deno tests	2026-09-16T08:33:06.7942240Z   [mjs module] skypack resolver resolves subpath ... ^[[0m^[[32mok^[[0m ^[[0m^[[38;5;245m(0ms)^[[0m
Test on deno 20.x (macos-latest)	Run Deno tests	2026-09-16T08:33:06.7943000Z   [mjs module] jsdelivr resolver resolves URL ... ^[[0m^[[32mok^[[0m ^[[0m^[[38;5;245m(0ms)^[[0m
Test on deno 20.x (macos-latest)	Run Deno tests	2026-09-16T08:33:06.7947230Z   [mjs module] jsdelivr resolver resolves subpath ... ^[[0m^[[32mok^[[0m ^[[0m^[[38;5;245m(0ms)^[[0m
Test on deno 20.x (macos-latest)	Run Deno tests	2026-09-16T08:33:06.7949580Z   [mjs module] unpkg resolver resolves URL ... ^[[0m^[[32mok^[[0m ^[[0m^[[38;5;245m(0ms)^[[0m
Test on deno 20.x (macos-latest)	Run Deno tests	2026-09-16T08:33:06.7951420Z   [mjs module] unpkg resolver resolves subpath ... ^[[0m^[[32mok^[[0m ^[[0m^[[38;5;245m(1ms)^[[0m
Test on deno 20.x (macos-latest)	Run Deno tests	2026-09-16T08:33:06.7953740Z   [mjs module] esm resolver resolves URL ... ^[[0m^[[32mok^[[0m ^[[0m^[[38;5;245m(0ms)^[[0m
Test on deno 20.x (macos-latest)	Run Deno tests	2026-09-16T08:33:06.7955500Z   [mjs module] esm resolver resolves subpath ... ^[[0m^[[32mok^[[0m ^[[0m^[[38;5;245m(0ms)^[[0m
Test on deno 20.x (macos-latest)	Run Deno tests	2026-09-16T08:33:06.7958740Z   [mjs module] jspm resolver resolves URL ... ^[[0m^[[32mok^[[0m ^[[0m^[[38;5;245m(0ms)^[[0m
Test on deno 20.x (macos-latest)	Run Deno tests	2026-09-16T08:33:06.7960070Z   [mjs module] jspm resolver resolves subpath ... ^[[0m^[[32mok^[[0m ^[[0m^[[38;5;245m(0ms)^[[0m
Test on deno 20.x (macos-latest)	Run Deno tests	2026-09-16T08:33:06.7962350Z   [mjs module] bun resolver resolves package path ... ^[[0m^[[32mok^[[0m ^[[0m^[[38;5;245m(0ms)^[[0m
Test on deno 20.x (macos-latest)	Run Deno tests	2026-09-16T08:33:06.7963830Z   [mjs module] bun resolver resolves scoped package path for @octokit/core@6.1.5 ... ^[[0m^[[32mok^[[0m ^[[0m^[[38;5;245m(0ms)^[[0m
Test on deno 20.x (macos-latest)	Run Deno tests	2026-09-16T08:33:06.7965550Z   [mjs module] bun resolver resolves yargs/helpers ... ^[[0m^[[32mok^[[0m ^[[0m^[[38;5;245m(0ms)^[[0m
Test on deno 20.x (macos-latest)	Run Deno tests	2026-09-16T08:33:06.7967520Z   [mjs module] bun resolver resolves yargs@latest/helpers ... ^[[0m^[[32mok^[[0m ^[[0m^[[38;5;245m(0ms)^[[0m
Test on deno 20.x (macos-latest)	Run Deno tests	2026-09-16T08:33:06.8051960Z [mjs module] resolvers tests ... ^[[0m^[[32mok^[[0m ^[[0m^[[38;5;245m(7s)^[[0m
Test on deno 20.x (macos-latest)	Run Deno tests	2026-09-16T08:33:06.8991510Z ^[[0m^[[38;5;245mrunning 1 test from ./tests/root-entries.test.mjs^[[0m
Test on deno 20.x (macos-latest)	Run Deno tests	2026-09-16T08:33:06.8999560Z [mjs module] root entry mirrors ...
Test on deno 20.x (macos-latest)	Run Deno tests	2026-09-16T08:33:06.9009260Z   [mjs module] mirrors exactly src/use.js, src/use.cjs and src/use.mjs ... ^[[0m^[[32mok^[[0m ^[[0m^[[38;5;245m(1ms)^[[0m
Test on deno 20.x (macos-latest)	Run Deno tests	2026-09-16T08:33:06.9018760Z   [mjs module] use.js exists at the package root ... ^[[0m^[[32mok^[[0m ^[[0m^[[38;5;245m(0ms)^[[0m
Test on deno 20.x (macos-latest)	Run Deno tests	2026-09-16T08:33:06.9039260Z   [mjs module] root use.js is in sync with src/use.js ... ^[[0m^[[32mok^[[0m ^[[0m^[[38;5;245m(2ms)^[[0m
Test on deno 20.x (macos-latest)	Run Deno tests	2026-09-16T08:33:06.9052420Z   [mjs module] root use.js contains the full src/use.js body ... ^[[0m^[[32mok^[[0m ^[[0m^[[38;5;245m(1ms)^[[0m
Test on deno 20.x (macos-latest)	Run Deno tests	2026-09-16T08:33:06.9057840Z   [mjs module] use.cjs exists at the package root ... ^[[0m^[[32mok^[[0m ^[[0m^[[38;5;245m(0ms)^[[0m
Test on deno 20.x (macos-latest)	Run Deno tests	2026-09-16T08:33:06.9081320Z   [mjs module] root use.cjs is in sync with src/use.cjs ... ^[[0m^[[32mok^[[0m ^[[0m^[[38;5;245m(2ms)^[[0m
Test on deno 20.x (macos-latest)	Run Deno tests	2026-09-16T08:33:06.9089350Z   [mjs module] root use.cjs contains the full src/use.cjs body ... ^[[0m^[[32mok^[[0m ^[[0m^[[38;5;245m(1ms)^[[0m
Test on deno 20.x (macos-latest)	Run Deno tests	2026-09-16T08:33:06.9091370Z   [mjs module] use.mjs exists at the package root ... ^[[0m^[[32mok^[[0m ^[[0m^[[38;5;245m(0ms)^[[0m
Test on deno 20.x (macos-latest)	Run Deno tests	2026-09-16T08:33:06.9113620Z   [mjs module] root use.mjs is in sync with src/use.mjs ... ^[[0m^[[32mok^[[0m ^[[0m^[[38;5;245m(2ms)^[[0m
Test on deno 20.x (macos-latest)	Run Deno tests	2026-09-16T08:33:06.9121440Z   [mjs module] root use.mjs contains the full src/use.mjs body ... ^[[0m^[[32mok^[[0m ^[[0m^[[38;5;245m(0ms)^[[0m
Test on deno 20.x (macos-latest)	Run Deno tests	2026-09-16T08:33:06.9139890Z   [mjs module] root use.js eval()s to a working use function ... ^[[0m^[[32mok^[[0m ^[[0m^[[38;5;245m(1ms)^[[0m
Test on deno 20.x (macos-latest)	Run Deno tests	2026-09-16T08:33:06.9154050Z   [mjs module] the 404 "Not found" body is not a valid module body ... ^[[0m^[[32mok^[[0m ^[[0m^[[38;5;245m(2ms)^[[0m
Test on deno 20.x (macos-latest)	Run Deno tests	2026-09-16T08:33:06.9209210Z   [mjs module] root use.mjs imports to a working use function ... ^[[0m^[[32mok^[[0m ^[[0m^[[38;5;245m(5ms)^[[0m
Test on deno 20.x (macos-latest)	Run Deno tests	2026-09-16T08:33:06.9218080Z   [mjs module] package.json ships the root mirrors and keeps src canonical ... ^[[0m^[[32mok^[[0m ^[[0m^[[38;5;245m(1ms)^[[0m
Test on deno 20.x (macos-latest)	Run Deno tests	2026-09-16T08:33:06.9224050Z [mjs module] root entry mirrors ... ^[[0m^[[32mok^[[0m ^[[0m^[[38;5;245m(23ms)^[[0m
Test on deno 20.x (macos-latest)	Run Deno tests	2026-09-16T08:33:06.9947800Z ^[[0m^[[38;5;245mrunning 1 test from ./tests/script-sync.test.mjs^[[0m
Test on deno 20.x (macos-latest)	Run Deno tests	2026-09-16T08:33:06.9956580Z [mjs module] distributed script synchronization ...
Test on deno 20.x (macos-latest)	Run Deno tests	2026-09-16T08:33:06.9987110Z   [mjs module] npm recovery stays synchronized across mjs, cjs, and universal builds ... ^[[0m^[[32mok^[[0m ^[[0m^[[38;5;245m(3ms)^[[0m
Test on deno 20.x (macos-latest)	Run Deno tests	2026-09-16T08:33:06.9990370Z [mjs module] distributed script synchronization ... ^[[0m^[[32mok^[[0m ^[[0m^[[38;5;245m(3ms)^[[0m
Test on deno 20.x (macos-latest)	Run Deno tests	2026-09-16T08:33:07.0788680Z ^[[0m^[[38;5;245mrunning 1 test from ./tests/typescript.test.mjs^[[0m
Test on deno 20.x (macos-latest)	Run Deno tests	2026-09-16T08:33:07.0802400Z [mjs module] typescript ...
Test on deno 20.x (macos-latest)	Run Deno tests	2026-09-16T08:33:07.1197410Z ^[[0m^[[32mDownload^[[0m https://esm.sh/typescript@5.9.3
Test on deno 20.x (macos-latest)	Run Deno tests	2026-09-16T08:33:07.2081610Z ^[[0m^[[32mDownload^[[0m https://esm.sh/source-map-support?target=denonext
Test on deno 20.x (macos-latest)	Run Deno tests	2026-09-16T08:33:07.2082640Z ^[[0m^[[32mDownload^[[0m https://esm.sh/typescript@5.9.3/denonext/typescript.mjs
Test on deno 20.x (macos-latest)	Run Deno tests	2026-09-16T08:33:07.2239350Z ^[[0m^[[32mDownload^[[0m https://esm.sh/source-map-support@0.5.21?target=denonext
Test on deno 20.x (macos-latest)	Run Deno tests	2026-09-16T08:33:07.6002870Z ^[[0m^[[32mDownload^[[0m https://esm.sh/buffer-from@^1.0.0?target=denonext
Test on deno 20.x (macos-latest)	Run Deno tests	2026-09-16T08:33:07.6005080Z ^[[0m^[[32mDownload^[[0m https://esm.sh/source-map@^0.6.0?target=denonext
Test on deno 20.x (macos-latest)	Run Deno tests	2026-09-16T08:33:07.6006180Z ^[[0m^[[32mDownload^[[0m https://esm.sh/source-map-support@0.5.21/denonext/source-map-support.mjs
Test on deno 20.x (macos-latest)	Run Deno tests	2026-09-16T08:33:07.6105180Z ^[[0m^[[32mDownload^[[0m https://esm.sh/buffer-from@1.1.2?target=denonext
Test on deno 20.x (macos-latest)	Run Deno tests	2026-09-16T08:33:07.6106490Z ^[[0m^[[32mDownload^[[0m https://esm.sh/source-map@0.6.1?target=denonext
Test on deno 20.x (macos-latest)	Run Deno tests	2026-09-16T08:33:07.6243640Z ^[[0m^[[32mDownload^[[0m https://esm.sh/buffer-from@1.1.2/denonext/buffer-from.mjs
Test on deno 20.x (macos-latest)	Run Deno tests	2026-09-16T08:33:07.6244650Z ^[[0m^[[32mDownload^[[0m https://esm.sh/source-map@0.6.1/denonext/source-map.mjs
Test on deno 20.x (macos-latest)	Run Deno tests	2026-09-16T08:33:08.0045270Z   [mjs module] use typescript ... ^[[0m^[[32mok^[[0m ^[[0m^[[38;5;245m(923ms)^[[0m
Test on deno 20.x (macos-latest)	Run Deno tests	2026-09-16T08:33:08.0119970Z [mjs module] typescript ... ^[[0m^[[32mok^[[0m ^[[0m^[[38;5;245m(932ms)^[[0m
Test on deno 20.x (macos-latest)	Run Deno tests	2026-09-16T08:33:08.0606450Z ^[[0m^[[38;5;245mrunning 1 test from ./tests/use.test.mjs^[[0m
Test on deno 20.x (macos-latest)	Run Deno tests	2026-09-16T08:33:08.0612660Z [mjs module] 'use' import strategies ...
Test on deno 20.x (macos-latest)	Run Deno tests	2026-09-16T08:33:08.1013320Z   [mjs module] Direct ESM Import lodash@4.17.21 ... ^[[0m^[[32mok^[[0m ^[[0m^[[38;5;245m(39ms)^[[0m
Test on deno 20.x (macos-latest)	Run Deno tests	2026-09-16T08:33:08.1070440Z   [mjs module] Dynamic ESM Import of CSJ ... ^[[0m^[[32mok^[[0m ^[[0m^[[38;5;245m(6ms)^[[0m
Test on deno 20.x (macos-latest)	Run Deno tests	2026-09-16T08:33:08.1075190Z   [mjs module] Dynamic ESM Import of MJS ... ^[[0m^[[32mok^[[0m ^[[0m^[[38;5;245m(1ms)^[[0m
Test on deno 20.x (macos-latest)	Run Deno tests	2026-09-16T08:33:08.1080750Z   [mjs module] Universal (then style) ... ^[[0m^[[32mok^[[0m ^[[0m^[[38;5;245m(0ms)^[[0m
Test on deno 20.x (macos-latest)	Run Deno tests	2026-09-16T08:33:08.1081800Z   [mjs module] Universal (then style, use inside) ... ^[[0m^[[32mok^[[0m ^[[0m^[[38;5;245m(0ms)^[[0m
Test on deno 20.x (macos-latest)	Run Deno tests	2026-09-16T08:33:08.1082590Z   [mjs module] Universal (eval style) ... ^[[0m^[[32mok^[[0m ^[[0m^[[38;5;245m(1ms)^[[0m
Test on deno 20.x (macos-latest)	Run Deno tests	2026-09-16T08:33:08.1085220Z   [mjs module] Universal (single then style) ... ^[[0m^[[32mok^[[0m ^[[0m^[[38;5;245m(0ms)^[[0m
Test on deno 20.x (macos-latest)	Run Deno tests	2026-09-16T08:33:08.1097130Z ^[[0m^[[32mDownload^[[0m https://esm.sh/lodash@3
Test on deno 20.x (macos-latest)	Run Deno tests	2026-09-16T08:33:08.1943890Z ^[[0m^[[32mDownload^[[0m https://esm.sh/lodash@3.10.1
Test on deno 20.x (macos-latest)	Run Deno tests	2026-09-16T08:33:08.2691100Z ^[[0m^[[32mDownload^[[0m https://esm.sh/lodash@3.10.1/denonext/lodash.mjs
Test on deno 20.x (macos-latest)	Run Deno tests	2026-09-16T08:33:08.2884700Z ^[[0m^[[32mDownload^[[0m https://esm.sh/lodash@4
Test on deno 20.x (macos-latest)	Run Deno tests	2026-09-16T08:33:08.3875510Z   [mjs module] use.all with require ... ^[[0m^[[32mok^[[0m ^[[0m^[[38;5;245m(278ms)^[[0m
Test on deno 20.x (macos-latest)	Run Deno tests	2026-09-16T08:33:08.3880210Z   [mjs module] use.all ... ^[[0m^[[32mok^[[0m ^[[0m^[[38;5;245m(0ms)^[[0m
Test on deno 20.x (macos-latest)	Run Deno tests	2026-09-16T08:33:08.3881660Z   [mjs module] use.all (script) ... ^[[0m^[[32mok^[[0m ^[[0m^[[38;5;245m(1ms)^[[0m
Test on deno 20.x (macos-latest)	Run Deno tests	2026-09-16T08:33:08.3882870Z   [mjs module] Universal (script) @octokit/core@6.1.5 ... ^[[0m^[[32mok^[[0m ^[[0m^[[38;5;245m(0ms)^[[0m
Test on deno 20.x (macos-latest)	Run Deno tests	2026-09-16T08:33:08.3899330Z   [mjs module] Universal (script) @octokit/core@5 ... ^[[0m^[[32mok^[[0m ^[[0m^[[38;5;245m(0ms)^[[0m
Test on deno 20.x (macos-latest)	Run Deno tests	2026-09-16T08:33:08.3901380Z   [mjs module] Universal (script) @octokit/core (latest) ... ^[[0m^[[32mok^[[0m ^[[0m^[[38;5;245m(0ms)^[[0m
Test on deno 20.x (macos-latest)	Run Deno tests	2026-09-16T08:33:08.3908300Z ^[[0m^[[32mDownload^[[0m https://esm.sh/@octokit/core@latest
Test on deno 20.x (macos-latest)	Run Deno tests	2026-09-16T08:33:08.4629330Z ^[[0m^[[32mDownload^[[0m https://esm.sh/@octokit/core@7.0.8
Test on deno 20.x (macos-latest)	Run Deno tests	2026-09-16T08:33:08.5383990Z ^[[0m^[[32mDownload^[[0m https://esm.sh/@octokit/auth-token@^6.0.0?target=denonext
Test on deno 20.x (macos-latest)	Run Deno tests	2026-09-16T08:33:08.5388420Z ^[[0m^[[32mDownload^[[0m https://esm.sh/@octokit/graphql@^9.0.5?target=denonext
Test on deno 20.x (macos-latest)	Run Deno tests	2026-09-16T08:33:08.5390340Z ^[[0m^[[32mDownload^[[0m https://esm.sh/@octokit/request@^10.0.16?target=denonext
Test on deno 20.x (macos-latest)	Run Deno tests	2026-09-16T08:33:08.5392090Z ^[[0m^[[32mDownload^[[0m https://esm.sh/before-after-hook@^4.0.0?target=denonext
Test on deno 20.x (macos-latest)	Run Deno tests	2026-09-16T08:33:08.5393900Z ^[[0m^[[32mDownload^[[0m https://esm.sh/universal-user-agent@^7.0.0?target=denonext
Test on deno 20.x (macos-latest)	Run Deno tests	2026-09-16T08:33:08.5395670Z ^[[0m^[[32mDownload^[[0m https://esm.sh/@octokit/core@7.0.8/denonext/core.mjs
Test on deno 20.x (macos-latest)	Run Deno tests	2026-09-16T08:33:08.5517150Z ^[[0m^[[32mDownload^[[0m https://esm.sh/@octokit/auth-token@6.0.0?target=denonext
Test on deno 20.x (macos-latest)	Run Deno tests	2026-09-16T08:33:08.5531640Z ^[[0m^[[32mDownload^[[0m https://esm.sh/@octokit/graphql@9.0.5?target=denonext
Test on deno 20.x (macos-latest)	Run Deno tests	2026-09-16T08:33:08.5533590Z ^[[0m^[[32mDownload^[[0m https://esm.sh/@octokit/request@10.0.16?target=denonext
Test on deno 20.x (macos-latest)	Run Deno tests	2026-09-16T08:33:08.5542960Z ^[[0m^[[32mDownload^[[0m https://esm.sh/before-after-hook@4.0.0?target=denonext
Test on deno 20.x (macos-latest)	Run Deno tests	2026-09-16T08:33:08.5595840Z ^[[0m^[[32mDownload^[[0m https://esm.sh/universal-user-agent@7.0.3?target=denonext
Test on deno 20.x (macos-latest)	Run Deno tests	2026-09-16T08:33:08.5638180Z ^[[0m^[[32mDownload^[[0m https://esm.sh/@octokit/auth-token@6.0.0/denonext/auth-token.mjs
Test on deno 20.x (macos-latest)	Run Deno tests	2026-09-16T08:33:08.5740140Z ^[[0m^[[32mDownload^[[0m https://esm.sh/@octokit/graphql@9.0.5/denonext/graphql.mjs
Test on deno 20.x (macos-latest)	Run Deno tests	2026-09-16T08:33:08.5742770Z ^[[0m^[[32mDownload^[[0m https://esm.sh/@octokit/endpoint@^11.0.5?target=denonext
Test on deno 20.x (macos-latest)	Run Deno tests	2026-09-16T08:33:08.5746460Z ^[[0m^[[32mDownload^[[0m https://esm.sh/@octokit/request-error@^7.1.2?target=denonext
Test on deno 20.x (macos-latest)	Run Deno tests	2026-09-16T08:33:08.5749410Z ^[[0m^[[32mDownload^[[0m https://esm.sh/content-type@^3.0.0?target=denonext
Test on deno 20.x (macos-latest)	Run Deno tests	2026-09-16T08:33:08.5752160Z ^[[0m^[[32mDownload^[[0m https://esm.sh/json-with-bigint@^3.5.12?target=denonext
Test on deno 20.x (macos-latest)	Run Deno tests	2026-09-16T08:33:08.5754380Z ^[[0m^[[32mDownload^[[0m https://esm.sh/universal-user-agent@^7.0.2?target=denonext
Test on deno 20.x (macos-latest)	Run Deno tests	2026-09-16T08:33:08.5757150Z ^[[0m^[[32mDownload^[[0m https://esm.sh/@octokit/request@10.0.16/denonext/request.mjs
Test on deno 20.x (macos-latest)	Run Deno tests	2026-09-16T08:33:08.5761120Z ^[[0m^[[32mDownload^[[0m https://esm.sh/before-after-hook@4.0.0/denonext/before-after-hook.mjs
Test on deno 20.x (macos-latest)	Run Deno tests	2026-09-16T08:33:08.5793460Z ^[[0m^[[32mDownload^[[0m https://esm.sh/universal-user-agent@7.0.3/denonext/universal-user-agent.mjs
Test on deno 20.x (macos-latest)	Run Deno tests	2026-09-16T08:33:08.5908920Z ^[[0m^[[32mDownload^[[0m https://esm.sh/@octokit/endpoint@11.0.5?target=denonext
Test on deno 20.x (macos-latest)	Run Deno tests	2026-09-16T08:33:08.5911060Z ^[[0m^[[32mDownload^[[0m https://esm.sh/@octokit/request-error@7.1.2?target=denonext
Test on deno 20.x (macos-latest)	Run Deno tests	2026-09-16T08:33:08.5913630Z ^[[0m^[[32mDownload^[[0m https://esm.sh/content-type@3.1.0?target=denonext
Test on deno 20.x (macos-latest)	Run Deno tests	2026-09-16T08:33:08.5915730Z ^[[0m^[[32mDownload^[[0m https://esm.sh/json-with-bigint@3.5.12?target=denonext
Test on deno 20.x (macos-latest)	Run Deno tests	2026-09-16T08:33:08.6011900Z ^[[0m^[[32mDownload^[[0m https://esm.sh/@octokit/endpoint@11.0.5/denonext/endpoint.mjs
Test on deno 20.x (macos-latest)	Run Deno tests	2026-09-16T08:33:08.6038730Z ^[[0m^[[32mDownload^[[0m https://esm.sh/@octokit/request-error@7.1.2/denonext/request-error.mjs
Test on deno 20.x (macos-latest)	Run Deno tests	2026-09-16T08:33:08.6041230Z ^[[0m^[[32mDownload^[[0m https://esm.sh/content-type@3.1.0/denonext/content-type.mjs
Test on deno 20.x (macos-latest)	Run Deno tests	2026-09-16T08:33:08.6056760Z ^[[0m^[[32mDownload^[[0m https://esm.sh/json-with-bigint@3.5.12/denonext/json-with-bigint.mjs
Test on deno 20.x (macos-latest)	Run Deno tests	2026-09-16T08:33:08.6342850Z   [mjs module] @octokit/core (latest) ... ^[[0m^[[32mok^[[0m ^[[0m^[[38;5;245m(244ms)^[[0m
Test on deno 20.x (macos-latest)	Run Deno tests	2026-09-16T08:33:08.6492020Z [mjs module] 'use' import strategies ... ^[[0m^[[32mok^[[0m ^[[0m^[[38;5;245m(588ms)^[[0m
Test on deno 20.x (macos-latest)	Run Deno tests	2026-09-16T08:33:08.6529950Z 
Test on deno 20.x (macos-latest)	Run Deno tests	2026-09-16T08:33:08.6532230Z ^[[0m^[[32mok^[[0m | 34 passed (241 steps) | 0 failed | 0 ignored (3 steps) ^[[0m^[[38;5;245m(16s)^[[0m
Test on deno 20.x (macos-latest)	Run Deno tests	2026-09-16T08:33:08.6533180Z 
Test on deno 20.x (macos-latest)	Post Setup Deno	﻿2026-09-16T08:33:08.7281440Z Post job cleanup.
Test on deno 20.x (macos-latest)	Post Setup Deno	2026-09-16T08:33:08.9736910Z Caching is not enabled. Caching is skipped.
Test on deno 20.x (macos-latest)	Post Setup Node.js	﻿2026-09-16T08:33:08.9843050Z Post job cleanup.
Test on deno 20.x (macos-latest)	Post Setup Node.js	2026-09-16T08:33:09.1237820Z Cache hit occurred on the primary key node-cache-macOS-arm64-npm-12813ae39a61b5fed7681502803cfede24735d033f8430fc26d535be6b212b6a, not saving cache.
Test on deno 20.x (macos-latest)	Post Checkout code	﻿2026-09-16T08:33:09.1359510Z Post job cleanup.
Test on deno 20.x (macos-latest)	Post Checkout code	2026-09-16T08:33:09.2490560Z [command]/opt/homebrew/bin/git version
Test on deno 20.x (macos-latest)	Post Checkout code	2026-09-16T08:33:09.2994820Z git version 2.55.0
Test on deno 20.x (macos-latest)	Post Checkout code	2026-09-16T08:33:09.3027460Z Copying '/Users/runner/.gitconfig' to '/Users/runner/work/_temp/ceb900a2-da69-428d-a6c2-f3c7d17023ae/.gitconfig'
Test on deno 20.x (macos-latest)	Post Checkout code	2026-09-16T08:33:09.3052200Z Temporarily overriding HOME='/Users/runner/work/_temp/ceb900a2-da69-428d-a6c2-f3c7d17023ae' before making global git config changes
Test on deno 20.x (macos-latest)	Post Checkout code	2026-09-16T08:33:09.3055350Z Adding repository directory to the temporary git global config as a safe directory
Test on deno 20.x (macos-latest)	Post Checkout code	2026-09-16T08:33:09.3073340Z [command]/opt/homebrew/bin/git config --global --add safe.directory /Users/runner/work/use-m/use-m
Test on deno 20.x (macos-latest)	Post Checkout code	2026-09-16T08:33:09.3238780Z Removing SSH command configuration
Test on deno 20.x (macos-latest)	Post Checkout code	2026-09-16T08:33:09.3245600Z [command]/opt/homebrew/bin/git config --local --name-only --get-regexp core\.sshCommand
Test on deno 20.x (macos-latest)	Post Checkout code	2026-09-16T08:33:09.3342430Z [command]/opt/homebrew/bin/git submodule foreach --recursive sh -c "git config --local --name-only --get-regexp 'core\.sshCommand' && git config --local --unset-all 'core.sshCommand' || :"
Test on deno 20.x (macos-latest)	Post Checkout code	2026-09-16T08:33:09.4972100Z Removing HTTP extra header
Test on deno 20.x (macos-latest)	Post Checkout code	2026-09-16T08:33:09.4975480Z [command]/opt/homebrew/bin/git config --local --name-only --get-regexp http\.https\:\/\/github\.com\/\.extraheader
Test on deno 20.x (macos-latest)	Post Checkout code	2026-09-16T08:33:09.5088480Z [command]/opt/homebrew/bin/git submodule foreach --recursive sh -c "git config --local --name-only --get-regexp 'http\.https\:\/\/github\.com\/\.extraheader' && git config --local --unset-all 'http.https://github.com/.extraheader' || :"
Test on deno 20.x (macos-latest)	Post Checkout code	2026-09-16T08:33:09.6393440Z Removing includeIf entries pointing to credentials config files
Test on deno 20.x (macos-latest)	Post Checkout code	2026-09-16T08:33:09.6400320Z [command]/opt/homebrew/bin/git config --local --name-only --get-regexp ^includeIf\.gitdir:
Test on deno 20.x (macos-latest)	Post Checkout code	2026-09-16T08:33:09.6490480Z includeif.gitdir:/Users/runner/work/use-m/use-m/.git.path
Test on deno 20.x (macos-latest)	Post Checkout code	2026-09-16T08:33:09.6491120Z includeif.gitdir:/Users/runner/work/use-m/use-m/.git/worktrees/*.path
Test on deno 20.x (macos-latest)	Post Checkout code	2026-09-16T08:33:09.6491560Z includeif.gitdir:/github/workspace/.git.path
Test on deno 20.x (macos-latest)	Post Checkout code	2026-09-16T08:33:09.6492000Z includeif.gitdir:/github/workspace/.git/worktrees/*.path
Test on deno 20.x (macos-latest)	Post Checkout code	2026-09-16T08:33:09.6507380Z [command]/opt/homebrew/bin/git config --local --get-all includeif.gitdir:/Users/runner/work/use-m/use-m/.git.path
Test on deno 20.x (macos-latest)	Post Checkout code	2026-09-16T08:33:09.6600150Z /Users/runner/work/_temp/git-credentials-1a008df0-f061-4547-b560-ecc0d1370700.config
Test on deno 20.x (macos-latest)	Post Checkout code	2026-09-16T08:33:09.6608300Z [command]/opt/homebrew/bin/git config --local --unset includeif.gitdir:/Users/runner/work/use-m/use-m/.git.path /Users/runner/work/_temp/git-credentials-1a008df0-f061-4547-b560-ecc0d1370700.config
Test on deno 20.x (macos-latest)	Post Checkout code	2026-09-16T08:33:09.6709120Z [command]/opt/homebrew/bin/git config --local --get-all includeif.gitdir:/Users/runner/work/use-m/use-m/.git/worktrees/*.path
Test on deno 20.x (macos-latest)	Post Checkout code	2026-09-16T08:33:09.6807780Z /Users/runner/work/_temp/git-credentials-1a008df0-f061-4547-b560-ecc0d1370700.config
Test on deno 20.x (macos-latest)	Post Checkout code	2026-09-16T08:33:09.6815380Z [command]/opt/homebrew/bin/git config --local --unset includeif.gitdir:/Users/runner/work/use-m/use-m/.git/worktrees/*.path /Users/runner/work/_temp/git-credentials-1a008df0-f061-4547-b560-ecc0d1370700.config
Test on deno 20.x (macos-latest)	Post Checkout code	2026-09-16T08:33:09.6911450Z [command]/opt/homebrew/bin/git config --local --get-all includeif.gitdir:/github/workspace/.git.path
Test on deno 20.x (macos-latest)	Post Checkout code	2026-09-16T08:33:09.7020340Z /github/runner_temp/git-credentials-1a008df0-f061-4547-b560-ecc0d1370700.config
Test on deno 20.x (macos-latest)	Post Checkout code	2026-09-16T08:33:09.7027320Z [command]/opt/homebrew/bin/git config --local --unset includeif.gitdir:/github/workspace/.git.path /github/runner_temp/git-credentials-1a008df0-f061-4547-b560-ecc0d1370700.config
Test on deno 20.x (macos-latest)	Post Checkout code	2026-09-16T08:33:09.7117950Z [command]/opt/homebrew/bin/git config --local --get-all includeif.gitdir:/github/workspace/.git/worktrees/*.path
Test on deno 20.x (macos-latest)	Post Checkout code	2026-09-16T08:33:09.7195010Z /github/runner_temp/git-credentials-1a008df0-f061-4547-b560-ecc0d1370700.config
Test on deno 20.x (macos-latest)	Post Checkout code	2026-09-16T08:33:09.7211920Z [command]/opt/homebrew/bin/git config --local --unset includeif.gitdir:/github/workspace/.git/worktrees/*.path /github/runner_temp/git-credentials-1a008df0-f061-4547-b560-ecc0d1370700.config
Test on deno 20.x (macos-latest)	Post Checkout code	2026-09-16T08:33:09.7304180Z [command]/opt/homebrew/bin/git submodule foreach --recursive git config --local --show-origin --name-only --get-regexp remote.origin.url
Test on deno 20.x (macos-latest)	Post Checkout code	2026-09-16T08:33:09.8632860Z Removing credentials config '/Users/runner/work/_temp/git-credentials-1a008df0-f061-4547-b560-ecc0d1370700.config'
Test on deno 20.x (macos-latest)	Complete job	﻿2026-09-16T08:33:09.8808030Z Cleaning up orphan processes
Test on node 24.x (macos-latest)	Set up job	﻿2026-09-16T08:32:19.8913260Z Current runner version: '2.337.0'
Test on node 24.x (macos-latest)	Set up job	2026-09-16T08:32:19.8931200Z ##[group]Runner Image Provisioner
Test on node 24.x (macos-latest)	Set up job	2026-09-16T08:32:19.8932010Z Hosted Compute Agent
Test on node 24.x (macos-latest)	Set up job	2026-09-16T08:32:19.8932670Z Version: 20260828.587
Test on node 24.x (macos-latest)	Set up job	2026-09-16T08:32:19.8933250Z Commit: abac92662cab4cc7352de4f9f9d2e2419aad9c29
Test on node 24.x (macos-latest)	Set up job	2026-09-16T08:32:19.8933970Z Build Date: 2026-08-28T16:44:25Z
Test on node 24.x (macos-latest)	Set up job	2026-09-16T08:32:19.8934600Z Worker ID: {383c6f60-cc4a-4373-9b4f-f2fdf40b0091}
Test on node 24.x (macos-latest)	Set up job	2026-09-16T08:32:19.8935250Z Azure Region: westus
Test on node 24.x (macos-latest)	Set up job	2026-09-16T08:32:19.8935910Z ##[endgroup]
Test on node 24.x (macos-latest)	Set up job	2026-09-16T08:32:19.8936960Z ##[group]Operating System
Test on node 24.x (macos-latest)	Set up job	2026-09-16T08:32:19.8937520Z macOS
Test on node 24.x (macos-latest)	Set up job	2026-09-16T08:32:19.8937960Z 26.6.2
Test on node 24.x (macos-latest)	Set up job	2026-09-16T08:32:19.8938510Z 25G83
Test on node 24.x (macos-latest)	Set up job	2026-09-16T08:32:19.8938960Z ##[endgroup]
Test on node 24.x (macos-latest)	Set up job	2026-09-16T08:32:19.8939720Z ##[group]Runner Image
Test on node 24.x (macos-latest)	Set up job	2026-09-16T08:32:19.8940300Z Image: macos-26-arm64
Test on node 24.x (macos-latest)	Set up job	2026-09-16T08:32:19.8940940Z Version: 20260907.0351.1
Test on node 24.x (macos-latest)	Set up job	2026-09-16T08:32:19.8941990Z Included Software: https://github.com/actions/runner-images/blob/macos-26-arm64/20260907.0351/images/macos/macos-26-arm64-Readme.md
Test on node 24.x (macos-latest)	Set up job	2026-09-16T08:32:19.8943780Z Image Release: https://github.com/actions/runner-images/releases/tag/macos-26-arm64%2F20260907.0351
Test on node 24.x (macos-latest)	Set up job	2026-09-16T08:32:19.8944740Z ##[endgroup]
Test on node 24.x (macos-latest)	Set up job	2026-09-16T08:32:19.8945850Z ##[group]GITHUB_TOKEN Permissions
Test on node 24.x (macos-latest)	Set up job	2026-09-16T08:32:19.8947320Z Contents: read
Test on node 24.x (macos-latest)	Set up job	2026-09-16T08:32:19.8948050Z Metadata: read
Test on node 24.x (macos-latest)	Set up job	2026-09-16T08:32:19.8948600Z ##[endgroup]
Test on node 24.x (macos-latest)	Set up job	2026-09-16T08:32:19.8950160Z Secret source: Actions
Test on node 24.x (macos-latest)	Set up job	2026-09-16T08:32:19.8950960Z Cache mode: write
Test on node 24.x (macos-latest)	Set up job	2026-09-16T08:32:19.8951730Z Prepare workflow directory
Test on node 24.x (macos-latest)	Set up job	2026-09-16T08:32:19.9840240Z Prepare all required actions
Test on node 24.x (macos-latest)	Set up job	2026-09-16T08:32:19.9881710Z Getting action download info
Test on node 24.x (macos-latest)	Set up job	2026-09-16T08:32:20.3089090Z Download action repository 'actions/checkout@v6' (SHA:d23441a48e516b6c34aea4fa41551a30e30af803)
Test on node 24.x (macos-latest)	Set up job	2026-09-16T08:32:20.5722730Z Download action repository 'actions/setup-node@v6' (SHA:249970729cb0ef3589644e2896645e5dc5ba9c38)
Test on node 24.x (macos-latest)	Set up job	2026-09-16T08:32:20.6890180Z Download action repository 'oven-sh/setup-bun@v2' (SHA:0c5077e51419868618aeaa5fe8019c62421857d6)
Test on node 24.x (macos-latest)	Set up job	2026-09-16T08:32:21.4031000Z Download action repository 'denoland/setup-deno@v2' (SHA:22d081ff2d3a40755e97629de92e3bcbfa7cf2ed)
Test on node 24.x (macos-latest)	Set up job	2026-09-16T08:32:22.1892260Z Complete job name: Test on node 24.x (macos-latest)
Test on node 24.x (macos-latest)	Checkout code	﻿2026-09-16T08:32:22.3176190Z ##[group]Run actions/checkout@v6
Test on node 24.x (macos-latest)	Checkout code	2026-09-16T08:32:22.3177490Z with:
Test on node 24.x (macos-latest)	Checkout code	2026-09-16T08:32:22.3178310Z   repository: link-foundation/use-m
Test on node 24.x (macos-latest)	Checkout code	2026-09-16T08:32:22.3193010Z   token: ***
Test on node 24.x (macos-latest)	Checkout code	2026-09-16T08:32:22.3194870Z   ssh-strict: true
Test on node 24.x (macos-latest)	Checkout code	2026-09-16T08:32:22.3196420Z   ssh-user: git
Test on node 24.x (macos-latest)	Checkout code	2026-09-16T08:32:22.3197970Z   persist-credentials: true
Test on node 24.x (macos-latest)	Checkout code	2026-09-16T08:32:22.3200460Z   clean: true
Test on node 24.x (macos-latest)	Checkout code	2026-09-16T08:32:22.3202180Z   sparse-checkout-cone-mode: true
Test on node 24.x (macos-latest)	Checkout code	2026-09-16T08:32:22.3204980Z   fetch-depth: 1
Test on node 24.x (macos-latest)	Checkout code	2026-09-16T08:32:22.3207400Z   fetch-tags: false
Test on node 24.x (macos-latest)	Checkout code	2026-09-16T08:32:22.3208930Z   show-progress: true
Test on node 24.x (macos-latest)	Checkout code	2026-09-16T08:32:22.3209820Z   lfs: false
Test on node 24.x (macos-latest)	Checkout code	2026-09-16T08:32:22.3210610Z   submodules: false
Test on node 24.x (macos-latest)	Checkout code	2026-09-16T08:32:22.3211490Z   set-safe-directory: true
Test on node 24.x (macos-latest)	Checkout code	2026-09-16T08:32:22.3212560Z   allow-unsafe-pr-checkout: false
Test on node 24.x (macos-latest)	Checkout code	2026-09-16T08:32:22.3215190Z ##[endgroup]
Test on node 24.x (macos-latest)	Checkout code	2026-09-16T08:32:22.8244160Z Syncing repository: link-foundation/use-m
Test on node 24.x (macos-latest)	Checkout code	2026-09-16T08:32:22.8245510Z ##[group]Getting Git version info
Test on node 24.x (macos-latest)	Checkout code	2026-09-16T08:32:22.8245840Z Working directory is '/Users/runner/work/use-m/use-m'
Test on node 24.x (macos-latest)	Checkout code	2026-09-16T08:32:22.8246360Z [command]/opt/homebrew/bin/git version
Test on node 24.x (macos-latest)	Checkout code	2026-09-16T08:32:22.8780520Z git version 2.55.0
Test on node 24.x (macos-latest)	Checkout code	2026-09-16T08:32:22.8796310Z ##[endgroup]
Test on node 24.x (macos-latest)	Checkout code	2026-09-16T08:32:22.8803550Z Copying '/Users/runner/.gitconfig' to '/Users/runner/work/_temp/4cd4e80c-9859-4c90-96c0-be784850902e/.gitconfig'
Test on node 24.x (macos-latest)	Checkout code	2026-09-16T08:32:22.8811200Z Temporarily overriding HOME='/Users/runner/work/_temp/4cd4e80c-9859-4c90-96c0-be784850902e' before making global git config changes
Test on node 24.x (macos-latest)	Checkout code	2026-09-16T08:32:22.8812040Z Adding repository directory to the temporary git global config as a safe directory
Test on node 24.x (macos-latest)	Checkout code	2026-09-16T08:32:22.8813730Z [command]/opt/homebrew/bin/git config --global --add safe.directory /Users/runner/work/use-m/use-m
Test on node 24.x (macos-latest)	Checkout code	2026-09-16T08:32:22.8934060Z Deleting the contents of '/Users/runner/work/use-m/use-m'
Test on node 24.x (macos-latest)	Checkout code	2026-09-16T08:32:22.8936620Z ##[group]Determining repository object format
Test on node 24.x (macos-latest)	Checkout code	2026-09-16T08:32:22.8938120Z ##[endgroup]
Test on node 24.x (macos-latest)	Checkout code	2026-09-16T08:32:22.8938550Z ##[group]Initializing the repository
Test on node 24.x (macos-latest)	Checkout code	2026-09-16T08:32:22.8943130Z [command]/opt/homebrew/bin/git init /Users/runner/work/use-m/use-m
Test on node 24.x (macos-latest)	Checkout code	2026-09-16T08:32:22.9206210Z hint: Using 'master' as the name for the initial branch. This default branch name
Test on node 24.x (macos-latest)	Checkout code	2026-09-16T08:32:22.9207780Z hint: will change to "main" in Git 3.0. To configure the initial branch name
Test on node 24.x (macos-latest)	Checkout code	2026-09-16T08:32:22.9208420Z hint: to use in all of your new repositories, which will suppress this warning,
Test on node 24.x (macos-latest)	Checkout code	2026-09-16T08:32:22.9208890Z hint: call:
Test on node 24.x (macos-latest)	Checkout code	2026-09-16T08:32:22.9285590Z hint:
Test on node 24.x (macos-latest)	Checkout code	2026-09-16T08:32:22.9293850Z hint: 	git config --global init.defaultBranch <name>
Test on node 24.x (macos-latest)	Checkout code	2026-09-16T08:32:22.9323980Z hint:
Test on node 24.x (macos-latest)	Checkout code	2026-09-16T08:32:22.9332210Z hint: Names commonly chosen instead of 'master' are 'main', 'trunk' and
Test on node 24.x (macos-latest)	Checkout code	2026-09-16T08:32:22.9333320Z hint: 'development'. The just-created branch can be renamed via this command:
Test on node 24.x (macos-latest)	Checkout code	2026-09-16T08:32:22.9333870Z hint:
Test on node 24.x (macos-latest)	Checkout code	2026-09-16T08:32:22.9334400Z hint: 	git branch -m <name>
Test on node 24.x (macos-latest)	Checkout code	2026-09-16T08:32:22.9337940Z hint:
Test on node 24.x (macos-latest)	Checkout code	2026-09-16T08:32:22.9338480Z hint: Disable this message with "git config set advice.defaultBranchName false"
Test on node 24.x (macos-latest)	Checkout code	2026-09-16T08:32:22.9339530Z Initialized empty Git repository in /Users/runner/work/use-m/use-m/.git/
Test on node 24.x (macos-latest)	Checkout code	2026-09-16T08:32:22.9342630Z [command]/opt/homebrew/bin/git remote add origin https://github.com/link-foundation/use-m
Test on node 24.x (macos-latest)	Checkout code	2026-09-16T08:32:22.9419280Z ##[endgroup]
Test on node 24.x (macos-latest)	Checkout code	2026-09-16T08:32:22.9420750Z ##[group]Disabling automatic garbage collection
Test on node 24.x (macos-latest)	Checkout code	2026-09-16T08:32:22.9421200Z [command]/opt/homebrew/bin/git config --local gc.auto 0
Test on node 24.x (macos-latest)	Checkout code	2026-09-16T08:32:22.9518630Z ##[endgroup]
Test on node 24.x (macos-latest)	Checkout code	2026-09-16T08:32:22.9519590Z ##[group]Setting up auth
Test on node 24.x (macos-latest)	Checkout code	2026-09-16T08:32:22.9520250Z Removing SSH command configuration
Test on node 24.x (macos-latest)	Checkout code	2026-09-16T08:32:22.9529120Z [command]/opt/homebrew/bin/git config --local --name-only --get-regexp core\.sshCommand
Test on node 24.x (macos-latest)	Checkout code	2026-09-16T08:32:22.9601920Z [command]/opt/homebrew/bin/git submodule foreach --recursive sh -c "git config --local --name-only --get-regexp 'core\.sshCommand' && git config --local --unset-all 'core.sshCommand' || :"
Test on node 24.x (macos-latest)	Checkout code	2026-09-16T08:32:23.0778550Z Removing HTTP extra header
Test on node 24.x (macos-latest)	Checkout code	2026-09-16T08:32:23.0783120Z [command]/opt/homebrew/bin/git config --local --name-only --get-regexp http\.https\:\/\/github\.com\/\.extraheader
Test on node 24.x (macos-latest)	Checkout code	2026-09-16T08:32:23.0844270Z [command]/opt/homebrew/bin/git submodule foreach --recursive sh -c "git config --local --name-only --get-regexp 'http\.https\:\/\/github\.com\/\.extraheader' && git config --local --unset-all 'http.https://github.com/.extraheader' || :"
Test on node 24.x (macos-latest)	Checkout code	2026-09-16T08:32:23.1808330Z Removing includeIf entries pointing to credentials config files
Test on node 24.x (macos-latest)	Checkout code	2026-09-16T08:32:23.1812870Z [command]/opt/homebrew/bin/git config --local --name-only --get-regexp ^includeIf\.gitdir:
Test on node 24.x (macos-latest)	Checkout code	2026-09-16T08:32:23.1869190Z [command]/opt/homebrew/bin/git submodule foreach --recursive git config --local --show-origin --name-only --get-regexp remote.origin.url
Test on node 24.x (macos-latest)	Checkout code	2026-09-16T08:32:23.3553860Z [command]/opt/homebrew/bin/git config --file /Users/runner/work/_temp/git-credentials-00bfd061-442a-4a22-b4c0-46c1e276c45b.config http.https://github.com/.extraheader AUTHORIZATION: basic ***
Test on node 24.x (macos-latest)	Checkout code	2026-09-16T08:32:23.3557380Z [command]/opt/homebrew/bin/git config --local includeIf.gitdir:/Users/runner/work/use-m/use-m/.git.path /Users/runner/work/_temp/git-credentials-00bfd061-442a-4a22-b4c0-46c1e276c45b.config
Test on node 24.x (macos-latest)	Checkout code	2026-09-16T08:32:23.3560200Z [command]/opt/homebrew/bin/git config --local includeIf.gitdir:/Users/runner/work/use-m/use-m/.git/worktrees/*.path /Users/runner/work/_temp/git-credentials-00bfd061-442a-4a22-b4c0-46c1e276c45b.config
Test on node 24.x (macos-latest)	Checkout code	2026-09-16T08:32:23.3653700Z [command]/opt/homebrew/bin/git config --local includeIf.gitdir:/github/workspace/.git.path /github/runner_temp/git-credentials-00bfd061-442a-4a22-b4c0-46c1e276c45b.config
Test on node 24.x (macos-latest)	Checkout code	2026-09-16T08:32:23.3728650Z [command]/opt/homebrew/bin/git config --local includeIf.gitdir:/github/workspace/.git/worktrees/*.path /github/runner_temp/git-credentials-00bfd061-442a-4a22-b4c0-46c1e276c45b.config
Test on node 24.x (macos-latest)	Checkout code	2026-09-16T08:32:23.3798660Z ##[endgroup]
Test on node 24.x (macos-latest)	Checkout code	2026-09-16T08:32:23.3799300Z ##[group]Fetching the repository
Test on node 24.x (macos-latest)	Checkout code	2026-09-16T08:32:23.3805070Z [command]/opt/homebrew/bin/git -c protocol.version=2 fetch --no-tags --prune --no-recurse-submodules --depth=1 origin +cf37a7ea6b52c4c42810335e94425a7a2381cf13:refs/remotes/pull/51/merge
Test on node 24.x (macos-latest)	Checkout code	2026-09-16T08:32:24.1007070Z From https://github.com/link-foundation/use-m
Test on node 24.x (macos-latest)	Checkout code	2026-09-16T08:32:24.1109180Z  * [new ref]         cf37a7ea6b52c4c42810335e94425a7a2381cf13 -> pull/51/merge
Test on node 24.x (macos-latest)	Checkout code	2026-09-16T08:32:24.1321560Z ##[endgroup]
Test on node 24.x (macos-latest)	Checkout code	2026-09-16T08:32:24.1390670Z ##[group]Determining the checkout info
Test on node 24.x (macos-latest)	Checkout code	2026-09-16T08:32:24.1479950Z ##[endgroup]
Test on node 24.x (macos-latest)	Checkout code	2026-09-16T08:32:24.1572260Z [command]/opt/homebrew/bin/git sparse-checkout disable
Test on node 24.x (macos-latest)	Checkout code	2026-09-16T08:32:24.1744140Z [command]/opt/homebrew/bin/git config --local --unset-all extensions.worktreeConfig
Test on node 24.x (macos-latest)	Checkout code	2026-09-16T08:32:24.1818720Z ##[group]Checking out the ref
Test on node 24.x (macos-latest)	Checkout code	2026-09-16T08:32:24.1823150Z [command]/opt/homebrew/bin/git checkout --progress --force refs/remotes/pull/51/merge
Test on node 24.x (macos-latest)	Checkout code	2026-09-16T08:32:24.2277320Z HEAD is now at cf37a7e Merge a09e0e662b832c8e029f25fa3f31715ebf733eff into 5378cba033e9105307a25e3f1a176ff689b716f0
Test on node 24.x (macos-latest)	Checkout code	2026-09-16T08:32:24.2284090Z ##[endgroup]
Test on node 24.x (macos-latest)	Checkout code	2026-09-16T08:32:24.2402530Z [command]/opt/homebrew/bin/git log -1 --format=%H
Test on node 24.x (macos-latest)	Checkout code	2026-09-16T08:32:24.2538510Z cf37a7ea6b52c4c42810335e94425a7a2381cf13
Test on node 24.x (macos-latest)	Setup Node.js	﻿2026-09-16T08:32:24.2910000Z ##[group]Run actions/setup-node@v6
Test on node 24.x (macos-latest)	Setup Node.js	2026-09-16T08:32:24.2910380Z with:
Test on node 24.x (macos-latest)	Setup Node.js	2026-09-16T08:32:24.2910620Z   node-version: 24.x
Test on node 24.x (macos-latest)	Setup Node.js	2026-09-16T08:32:24.2910880Z   cache: npm
Test on node 24.x (macos-latest)	Setup Node.js	2026-09-16T08:32:24.2911100Z   check-latest: false
Test on node 24.x (macos-latest)	Setup Node.js	2026-09-16T08:32:24.2913350Z   token: ***
Test on node 24.x (macos-latest)	Setup Node.js	2026-09-16T08:32:24.2913590Z   package-manager-cache: true
Test on node 24.x (macos-latest)	Setup Node.js	2026-09-16T08:32:24.2913820Z ##[endgroup]
Test on node 24.x (macos-latest)	Setup Node.js	2026-09-16T08:32:24.4802360Z Found in cache @ /Users/runner/hostedtoolcache/node/24.20.0/arm64
Test on node 24.x (macos-latest)	Setup Node.js	2026-09-16T08:32:24.4804010Z ##[group]Environment details
Test on node 24.x (macos-latest)	Setup Node.js	2026-09-16T08:32:25.4614640Z node: v24.20.0
Test on node 24.x (macos-latest)	Setup Node.js	2026-09-16T08:32:25.4714640Z npm: 11.19.0
Test on node 24.x (macos-latest)	Setup Node.js	2026-09-16T08:32:25.4758690Z yarn: 1.22.22
Test on node 24.x (macos-latest)	Setup Node.js	2026-09-16T08:32:25.4762380Z ##[endgroup]
Test on node 24.x (macos-latest)	Setup Node.js	2026-09-16T08:32:25.4763970Z [command]/Users/runner/hostedtoolcache/node/24.20.0/arm64/bin/npm config get cache
Test on node 24.x (macos-latest)	Setup Node.js	2026-09-16T08:32:25.7290390Z /Users/runner/.npm
Test on node 24.x (macos-latest)	Setup Node.js	2026-09-16T08:32:25.9517260Z Cache hit for: node-cache-macOS-arm64-npm-12813ae39a61b5fed7681502803cfede24735d033f8430fc26d535be6b212b6a
Test on node 24.x (macos-latest)	Setup Node.js	2026-09-16T08:32:26.9193130Z Received 14454372 of 14454372 (100.0%), 17.7 MBs/sec
Test on node 24.x (macos-latest)	Setup Node.js	2026-09-16T08:32:26.9294440Z Cache Size: ~14 MB (14454372 B)
Test on node 24.x (macos-latest)	Setup Node.js	2026-09-16T08:32:26.9397700Z [command]/opt/homebrew/bin/gtar -xf /Users/runner/work/_temp/087ebac3-4970-4681-a6de-540c0d4c6986/cache.tzst -P -C /Users/runner/work/use-m/use-m --delay-directory-restore --use-compress-program unzstd
Test on node 24.x (macos-latest)	Setup Node.js	2026-09-16T08:32:27.2283180Z Cache restored successfully
Test on node 24.x (macos-latest)	Setup Node.js	2026-09-16T08:32:27.2311430Z Cache restored from key: node-cache-macOS-arm64-npm-12813ae39a61b5fed7681502803cfede24735d033f8430fc26d535be6b212b6a
Test on node 24.x (macos-latest)	Install dependencies	﻿2026-09-16T08:32:27.2502370Z ##[group]Run npm ci --no-audit --no-fund
Test on node 24.x (macos-latest)	Install dependencies	2026-09-16T08:32:27.2503380Z ^[[36;1mnpm ci --no-audit --no-fund^[[0m
Test on node 24.x (macos-latest)	Install dependencies	2026-09-16T08:32:27.2608340Z shell: /bin/bash -e {0}
Test on node 24.x (macos-latest)	Install dependencies	2026-09-16T08:32:27.2608810Z ##[endgroup]
Test on node 24.x (macos-latest)	Install dependencies	2026-09-16T08:32:35.5324880Z 
Test on node 24.x (macos-latest)	Install dependencies	2026-09-16T08:32:35.5341800Z added 477 packages in 8s
Test on node 24.x (macos-latest)	Install dependencies	2026-09-16T08:32:35.5344530Z npm warn install-scripts 1 package has install scripts not yet covered by allowScripts:
Test on node 24.x (macos-latest)	Install dependencies	2026-09-16T08:32:35.5345660Z npm warn install-scripts   puppeteer@24.16.2 (postinstall: node install.mjs)
Test on node 24.x (macos-latest)	Install dependencies	2026-09-16T08:32:35.5346430Z npm warn install-scripts
Test on node 24.x (macos-latest)	Install dependencies	2026-09-16T08:32:35.5350180Z npm warn install-scripts Run `npm install-scripts ls` to review, or `npm install-scripts approve <pkg>` to allow.
Test on node 24.x (macos-latest)	Run Node.js tests	﻿2026-09-16T08:32:35.6736410Z ##[group]Run npm test -- --runInBand
Test on node 24.x (macos-latest)	Run Node.js tests	2026-09-16T08:32:35.6736800Z ^[[36;1mnpm test -- --runInBand^[[0m
Test on node 24.x (macos-latest)	Run Node.js tests	2026-09-16T08:32:35.6780880Z shell: /bin/bash -e {0}
Test on node 24.x (macos-latest)	Run Node.js tests	2026-09-16T08:32:35.6781120Z ##[endgroup]
Test on node 24.x (macos-latest)	Run Node.js tests	2026-09-16T08:32:35.9634190Z 
Test on node 24.x (macos-latest)	Run Node.js tests	2026-09-16T08:32:35.9635120Z > use-m@8.16.0 test
Test on node 24.x (macos-latest)	Run Node.js tests	2026-09-16T08:32:35.9636410Z > NODE_OPTIONS="--experimental-vm-modules" jest --runInBand
Test on node 24.x (macos-latest)	Run Node.js tests	2026-09-16T08:32:35.9645940Z 
Test on node 24.x (macos-latest)	Run Node.js tests	2026-09-16T08:32:36.7553820Z (node:1738) ExperimentalWarning: VM Modules is an experimental feature and might change at any time
Test on node 24.x (macos-latest)	Run Node.js tests	2026-09-16T08:32:36.7555850Z (Use `node --trace-warnings ...` to show where the warning was created)
Test on node 24.x (macos-latest)	Run Node.js tests	2026-09-16T08:32:40.5538760Z PASS tests/npm-global-prefix.test.cjs
Test on node 24.x (macos-latest)	Run Node.js tests	2026-09-16T08:32:44.1018000Z PASS tests/npm-global-prefix.test.mjs
Test on node 24.x (macos-latest)	Run Node.js tests	2026-09-16T08:32:44.2166260Z PASS tests/load.test.mjs
Test on node 24.x (macos-latest)	Run Node.js tests	2026-09-16T08:32:44.3145890Z PASS tests/load.test.cjs
Test on node 24.x (macos-latest)	Run Node.js tests	2026-09-16T08:32:44.3784810Z PASS tests/builtin-nodejs.test.cjs
Test on node 24.x (macos-latest)	Run Node.js tests	2026-09-16T08:32:44.4357680Z PASS tests/builtin-nodejs.test.mjs
Test on node 24.x (macos-latest)	Run Node.js tests	2026-09-16T08:32:44.4901940Z PASS tests/fs-promises.test.mjs
Test on node 24.x (macos-latest)	Run Node.js tests	2026-09-16T08:32:44.5532850Z PASS tests/builtin-backward-compatibility.test.cjs
Test on node 24.x (macos-latest)	Run Node.js tests	2026-09-16T08:32:44.6161550Z PASS tests/builtin-backward-compatibility.test.mjs
Test on node 24.x (macos-latest)	Run Node.js tests	2026-09-16T08:32:44.6564310Z PASS tests/release-workflow-policy.test.mjs
Test on node 24.x (macos-latest)	Run Node.js tests	2026-09-16T08:32:44.6985540Z PASS tests/fallback.test.cjs
Test on node 24.x (macos-latest)	Run Node.js tests	2026-09-16T08:32:44.7445950Z PASS tests/fallback.test.mjs
Test on node 24.x (macos-latest)	Run Node.js tests	2026-09-16T08:32:49.6927880Z PASS tests/resolvers.test.mjs
Test on node 24.x (macos-latest)	Run Node.js tests	2026-09-16T08:32:54.8408940Z PASS tests/builtin-browser.test.mjs (5.145 s)
Test on node 24.x (macos-latest)	Run Node.js tests	2026-09-16T08:32:57.2569060Z PASS tests/relative-paths-browser.test.mjs
Test on node 24.x (macos-latest)	Run Node.js tests	2026-09-16T08:32:59.8900300Z PASS tests/resolvers.test.cjs
Test on node 24.x (macos-latest)	Run Node.js tests	2026-09-16T08:33:03.2918090Z PASS tests/use.test.cjs
Test on node 24.x (macos-latest)	Run Node.js tests	2026-09-16T08:33:03.4159030Z PASS tests/filename.test.mjs
Test on node 24.x (macos-latest)	Run Node.js tests	2026-09-16T08:33:03.6258420Z PASS tests/root-entries.test.mjs
Test on node 24.x (macos-latest)	Run Node.js tests	2026-09-16T08:33:06.5274820Z PASS tests/use.test.mjs
Test on node 24.x (macos-latest)	Run Node.js tests	2026-09-16T08:33:06.6046540Z (node:1738) [DEP0125] DeprecationWarning: The _stream_wrap module is deprecated.
Test on node 24.x (macos-latest)	Run Node.js tests	2026-09-16T08:33:06.6047900Z (node:1738) [DEP0025] DeprecationWarning: sys is deprecated. Use util instead.
Test on node 24.x (macos-latest)	Run Node.js tests	2026-09-16T08:33:06.6049240Z (node:1738) ExperimentalWarning: WASI is an experimental feature and might change at any time
Test on node 24.x (macos-latest)	Run Node.js tests	2026-09-16T08:33:06.6055110Z PASS tests/dynamic-builtins.test.cjs
Test on node 24.x (macos-latest)	Run Node.js tests	2026-09-16T08:33:06.6727220Z PASS tests/dynamic-builtins.test.mjs
Test on node 24.x (macos-latest)	Run Node.js tests	2026-09-16T08:33:06.7209370Z PASS tests/filename.test.cjs
Test on node 24.x (macos-latest)	Run Node.js tests	2026-09-16T08:33:09.6121750Z PASS tests/esm-sh-polyfill-browser.test.mjs
Test on node 24.x (macos-latest)	Run Node.js tests	2026-09-16T08:33:10.1248530Z PASS tests/builtin-errors.test.mjs
Test on node 24.x (macos-latest)	Run Node.js tests	2026-09-16T08:33:10.4931690Z PASS tests/builtin-errors.test.cjs
Test on node 24.x (macos-latest)	Run Node.js tests	2026-09-16T08:33:10.9694660Z PASS tests/relative-paths.test.cjs
Test on node 24.x (macos-latest)	Run Node.js tests	2026-09-16T08:33:11.1425750Z PASS tests/relative-paths.test.mjs
Test on node 24.x (macos-latest)	Run Node.js tests	2026-09-16T08:33:11.2020160Z PASS tests/module-specifier.test.cjs
Test on node 24.x (macos-latest)	Run Node.js tests	2026-09-16T08:33:11.2514710Z PASS tests/module-specifier.test.mjs
Test on node 24.x (macos-latest)	Run Node.js tests	2026-09-16T08:33:11.3006430Z PASS tests/deno-support.test.cjs
Test on node 24.x (macos-latest)	Run Node.js tests	2026-09-16T08:33:11.3452470Z PASS tests/deno-support.test.mjs
Test on node 24.x (macos-latest)	Run Node.js tests	2026-09-16T08:33:11.6775960Z PASS tests/relative-paths.integration.test.mjs
Test on node 24.x (macos-latest)	Run Node.js tests	2026-09-16T08:33:11.6859100Z   ● Console
Test on node 24.x (macos-latest)	Run Node.js tests	2026-09-16T08:33:11.6859410Z 
Test on node 24.x (macos-latest)	Run Node.js tests	2026-09-16T08:33:11.6859580Z     console.log
Test on node 24.x (macos-latest)	Run Node.js tests	2026-09-16T08:33:11.6860010Z       /Users/runner/work/use-m/use-m/tests
Test on node 24.x (macos-latest)	Run Node.js tests	2026-09-16T08:33:11.6860360Z 
Test on node 24.x (macos-latest)	Run Node.js tests	2026-09-16T08:33:11.6861180Z       at Object.<anonymous> (tests/relative-paths.integration.test.mjs:29:15)
Test on node 24.x (macos-latest)	Run Node.js tests	2026-09-16T08:33:11.6861720Z 
Test on node 24.x (macos-latest)	Run Node.js tests	2026-09-16T08:33:11.6861970Z     console.log
Test on node 24.x (macos-latest)	Run Node.js tests	2026-09-16T08:33:11.6862360Z       Testing relative paths from tests directory...
Test on node 24.x (macos-latest)	Run Node.js tests	2026-09-16T08:33:11.6862800Z       
Test on node 24.x (macos-latest)	Run Node.js tests	2026-09-16T08:33:11.6863150Z       1. Testing ./browser-server/test-helper.js
Test on node 24.x (macos-latest)	Run Node.js tests	2026-09-16T08:33:11.6863590Z          ✓ Message: Helper module loaded
Test on node 24.x (macos-latest)	Run Node.js tests	2026-09-16T08:33:11.6863950Z       
Test on node 24.x (macos-latest)	Run Node.js tests	2026-09-16T08:33:11.6864310Z       2. Testing ./browser-server/test-data.json
Test on node 24.x (macos-latest)	Run Node.js tests	2026-09-16T08:33:11.6864710Z          ✓ Value: 123
Test on node 24.x (macos-latest)	Run Node.js tests	2026-09-16T08:33:11.6865040Z          ✓ Test: data
Test on node 24.x (macos-latest)	Run Node.js tests	2026-09-16T08:33:11.6865360Z       
Test on node 24.x (macos-latest)	Run Node.js tests	2026-09-16T08:33:11.6865710Z       3. Testing ../src/use.mjs
Test on node 24.x (macos-latest)	Run Node.js tests	2026-09-16T08:33:11.6866280Z          ✓ use function exists: true
Test on node 24.x (macos-latest)	Run Node.js tests	2026-09-16T08:33:11.6867300Z       
Test on node 24.x (macos-latest)	Run Node.js tests	2026-09-16T08:33:11.6867660Z       4. Testing ./browser-server/subfolder/nested.js
Test on node 24.x (macos-latest)	Run Node.js tests	2026-09-16T08:33:11.6868140Z          ✓ Nested: true Level: subfolder
Test on node 24.x (macos-latest)	Run Node.js tests	2026-09-16T08:33:11.6868480Z       
Test on node 24.x (macos-latest)	Run Node.js tests	2026-09-16T08:33:11.6868900Z       5. Testing ./browser-server/subfolder/nested-data.json
Test on node 24.x (macos-latest)	Run Node.js tests	2026-09-16T08:33:11.6877040Z          ✓ Level: nested Depth: 1
Test on node 24.x (macos-latest)	Run Node.js tests	2026-09-16T08:33:11.6877340Z       
Test on node 24.x (macos-latest)	Run Node.js tests	2026-09-16T08:33:11.6877690Z       6. Testing ../package.json
Test on node 24.x (macos-latest)	Run Node.js tests	2026-09-16T08:33:11.6878110Z          ✓ Package name: use-m
Test on node 24.x (macos-latest)	Run Node.js tests	2026-09-16T08:33:11.6878380Z       
Test on node 24.x (macos-latest)	Run Node.js tests	2026-09-16T08:33:11.6878770Z       ✅ All direct tests passed!
Test on node 24.x (macos-latest)	Run Node.js tests	2026-09-16T08:33:11.6879010Z 
Test on node 24.x (macos-latest)	Run Node.js tests	2026-09-16T08:33:11.6879330Z       at Object.<anonymous> (tests/relative-paths.integration.test.mjs:39:15)
Test on node 24.x (macos-latest)	Run Node.js tests	2026-09-16T08:33:11.6879590Z 
Test on node 24.x (macos-latest)	Run Node.js tests	2026-09-16T08:33:11.7431020Z PASS tests/builtin-universal.test.cjs
Test on node 24.x (macos-latest)	Run Node.js tests	2026-09-16T08:33:11.7968260Z PASS tests/builtin-universal.test.mjs
Test on node 24.x (macos-latest)	Run Node.js tests	2026-09-16T08:33:12.3525460Z PASS tests/loader.test.mjs
Test on node 24.x (macos-latest)	Run Node.js tests	2026-09-16T08:33:12.4677090Z PASS tests/network-imports.test.mjs
Test on node 24.x (macos-latest)	Run Node.js tests	2026-09-16T08:33:12.5666800Z PASS tests/network-imports.test.cjs
Test on node 24.x (macos-latest)	Run Node.js tests	2026-09-16T08:33:12.6218590Z PASS tests/script-sync.test.mjs
Test on node 24.x (macos-latest)	Run Node.js tests	2026-09-16T08:33:14.8325740Z PASS tests/lodash.test.mjs
Test on node 24.x (macos-latest)	Run Node.js tests	2026-09-16T08:33:14.8882760Z PASS tests/get-script-url.test.cjs
Test on node 24.x (macos-latest)	Run Node.js tests	2026-09-16T08:33:16.6494470Z PASS tests/lodash.test.cjs
Test on node 24.x (macos-latest)	Run Node.js tests	2026-09-16T08:33:16.7086910Z PASS tests/get-script-url.test.mjs
Test on node 24.x (macos-latest)	Run Node.js tests	2026-09-16T08:33:17.5429900Z PASS tests/command-stream.test.cjs
Test on node 24.x (macos-latest)	Run Node.js tests	2026-09-16T08:33:17.9428890Z PASS tests/command-stream.test.mjs
Test on node 24.x (macos-latest)	Run Node.js tests	2026-09-16T08:33:17.9993150Z PASS tests/import.test.mjs
Test on node 24.x (macos-latest)	Run Node.js tests	2026-09-16T08:33:18.0483630Z PASS tests/import.test.cjs
Test on node 24.x (macos-latest)	Run Node.js tests	2026-09-16T08:33:20.0602330Z PASS tests/typescript.test.cjs
Test on node 24.x (macos-latest)	Run Node.js tests	2026-09-16T08:33:20.6632260Z PASS tests/typescript.test.mjs
Test on node 24.x (macos-latest)	Run Node.js tests	2026-09-16T08:33:20.6718970Z 
Test on node 24.x (macos-latest)	Run Node.js tests	2026-09-16T08:33:20.6719690Z Test Suites: 49 passed, 49 total
Test on node 24.x (macos-latest)	Run Node.js tests	2026-09-16T08:33:20.6720240Z Tests:       458 passed, 458 total
Test on node 24.x (macos-latest)	Run Node.js tests	2026-09-16T08:33:20.6720820Z Snapshots:   0 total
Test on node 24.x (macos-latest)	Run Node.js tests	2026-09-16T08:33:20.6721350Z Time:        44.098 s
Test on node 24.x (macos-latest)	Run Node.js tests	2026-09-16T08:33:20.6721690Z Ran all test suites.
Test on node 24.x (macos-latest)	Post Setup Node.js	﻿2026-09-16T08:33:20.8259010Z Post job cleanup.
Test on node 24.x (macos-latest)	Post Setup Node.js	2026-09-16T08:33:21.2239120Z Cache hit occurred on the primary key node-cache-macOS-arm64-npm-12813ae39a61b5fed7681502803cfede24735d033f8430fc26d535be6b212b6a, not saving cache.
Test on node 24.x (macos-latest)	Post Checkout code	﻿2026-09-16T08:33:21.2339340Z Post job cleanup.
Test on node 24.x (macos-latest)	Post Checkout code	2026-09-16T08:33:21.3477310Z [command]/opt/homebrew/bin/git version
Test on node 24.x (macos-latest)	Post Checkout code	2026-09-16T08:33:21.3705300Z git version 2.55.0
Test on node 24.x (macos-latest)	Post Checkout code	2026-09-16T08:33:21.3727980Z Copying '/Users/runner/.gitconfig' to '/Users/runner/work/_temp/280ee450-768a-4a29-a563-b57260dc24a2/.gitconfig'
Test on node 24.x (macos-latest)	Post Checkout code	2026-09-16T08:33:21.3736030Z Temporarily overriding HOME='/Users/runner/work/_temp/280ee450-768a-4a29-a563-b57260dc24a2' before making global git config changes
Test on node 24.x (macos-latest)	Post Checkout code	2026-09-16T08:33:21.3736960Z Adding repository directory to the temporary git global config as a safe directory
Test on node 24.x (macos-latest)	Post Checkout code	2026-09-16T08:33:21.3739540Z [command]/opt/homebrew/bin/git config --global --add safe.directory /Users/runner/work/use-m/use-m
Test on node 24.x (macos-latest)	Post Checkout code	2026-09-16T08:33:21.3864230Z Removing SSH command configuration
Test on node 24.x (macos-latest)	Post Checkout code	2026-09-16T08:33:21.3869450Z [command]/opt/homebrew/bin/git config --local --name-only --get-regexp core\.sshCommand
Test on node 24.x (macos-latest)	Post Checkout code	2026-09-16T08:33:21.3938870Z [command]/opt/homebrew/bin/git submodule foreach --recursive sh -c "git config --local --name-only --get-regexp 'core\.sshCommand' && git config --local --unset-all 'core.sshCommand' || :"
Test on node 24.x (macos-latest)	Post Checkout code	2026-09-16T08:33:21.5074460Z Removing HTTP extra header
Test on node 24.x (macos-latest)	Post Checkout code	2026-09-16T08:33:21.5080510Z [command]/opt/homebrew/bin/git config --local --name-only --get-regexp http\.https\:\/\/github\.com\/\.extraheader
Test on node 24.x (macos-latest)	Post Checkout code	2026-09-16T08:33:21.5194960Z [command]/opt/homebrew/bin/git submodule foreach --recursive sh -c "git config --local --name-only --get-regexp 'http\.https\:\/\/github\.com\/\.extraheader' && git config --local --unset-all 'http.https://github.com/.extraheader' || :"
Test on node 24.x (macos-latest)	Post Checkout code	2026-09-16T08:33:21.6028530Z Removing includeIf entries pointing to credentials config files
Test on node 24.x (macos-latest)	Post Checkout code	2026-09-16T08:33:21.6033720Z [command]/opt/homebrew/bin/git config --local --name-only --get-regexp ^includeIf\.gitdir:
Test on node 24.x (macos-latest)	Post Checkout code	2026-09-16T08:33:21.6096740Z includeif.gitdir:/Users/runner/work/use-m/use-m/.git.path
Test on node 24.x (macos-latest)	Post Checkout code	2026-09-16T08:33:21.6197540Z includeif.gitdir:/Users/runner/work/use-m/use-m/.git/worktrees/*.path
Test on node 24.x (macos-latest)	Post Checkout code	2026-09-16T08:33:21.6298130Z includeif.gitdir:/github/workspace/.git.path
Test on node 24.x (macos-latest)	Post Checkout code	2026-09-16T08:33:21.6395620Z includeif.gitdir:/github/workspace/.git/worktrees/*.path
Test on node 24.x (macos-latest)	Post Checkout code	2026-09-16T08:33:21.6398080Z [command]/opt/homebrew/bin/git config --local --get-all includeif.gitdir:/Users/runner/work/use-m/use-m/.git.path
Test on node 24.x (macos-latest)	Post Checkout code	2026-09-16T08:33:21.6449710Z /Users/runner/work/_temp/git-credentials-00bfd061-442a-4a22-b4c0-46c1e276c45b.config
Test on node 24.x (macos-latest)	Post Checkout code	2026-09-16T08:33:21.6529460Z [command]/opt/homebrew/bin/git config --local --unset includeif.gitdir:/Users/runner/work/use-m/use-m/.git.path /Users/runner/work/_temp/git-credentials-00bfd061-442a-4a22-b4c0-46c1e276c45b.config
Test on node 24.x (macos-latest)	Post Checkout code	2026-09-16T08:33:21.6615060Z [command]/opt/homebrew/bin/git config --local --get-all includeif.gitdir:/Users/runner/work/use-m/use-m/.git/worktrees/*.path
Test on node 24.x (macos-latest)	Post Checkout code	2026-09-16T08:33:21.6615880Z /Users/runner/work/_temp/git-credentials-00bfd061-442a-4a22-b4c0-46c1e276c45b.config
Test on node 24.x (macos-latest)	Post Checkout code	2026-09-16T08:33:21.6617320Z [command]/opt/homebrew/bin/git config --local --unset includeif.gitdir:/Users/runner/work/use-m/use-m/.git/worktrees/*.path /Users/runner/work/_temp/git-credentials-00bfd061-442a-4a22-b4c0-46c1e276c45b.config
Test on node 24.x (macos-latest)	Post Checkout code	2026-09-16T08:33:21.6618660Z [command]/opt/homebrew/bin/git config --local --get-all includeif.gitdir:/github/workspace/.git.path
Test on node 24.x (macos-latest)	Post Checkout code	2026-09-16T08:33:21.6619410Z /github/runner_temp/git-credentials-00bfd061-442a-4a22-b4c0-46c1e276c45b.config
Test on node 24.x (macos-latest)	Post Checkout code	2026-09-16T08:33:21.6620710Z [command]/opt/homebrew/bin/git config --local --unset includeif.gitdir:/github/workspace/.git.path /github/runner_temp/git-credentials-00bfd061-442a-4a22-b4c0-46c1e276c45b.config
Test on node 24.x (macos-latest)	Post Checkout code	2026-09-16T08:33:21.6622050Z [command]/opt/homebrew/bin/git config --local --get-all includeif.gitdir:/github/workspace/.git/worktrees/*.path
Test on node 24.x (macos-latest)	Post Checkout code	2026-09-16T08:33:21.6653090Z /github/runner_temp/git-credentials-00bfd061-442a-4a22-b4c0-46c1e276c45b.config
Test on node 24.x (macos-latest)	Post Checkout code	2026-09-16T08:33:21.6659300Z [command]/opt/homebrew/bin/git config --local --unset includeif.gitdir:/github/workspace/.git/worktrees/*.path /github/runner_temp/git-credentials-00bfd061-442a-4a22-b4c0-46c1e276c45b.config
Test on node 24.x (macos-latest)	Post Checkout code	2026-09-16T08:33:21.6738780Z [command]/opt/homebrew/bin/git submodule foreach --recursive git config --local --show-origin --name-only --get-regexp remote.origin.url
Test on node 24.x (macos-latest)	Post Checkout code	2026-09-16T08:33:21.7570810Z Removing credentials config '/Users/runner/work/_temp/git-credentials-00bfd061-442a-4a22-b4c0-46c1e276c45b.config'
Test on node 24.x (macos-latest)	Complete job	﻿2026-09-16T08:33:21.7694800Z Cleaning up orphan processes
Test on bun 20.x (macos-latest)	Set up job	﻿2026-09-16T08:32:20.4516170Z Current runner version: '2.337.0'
Test on bun 20.x (macos-latest)	Set up job	2026-09-16T08:32:20.4534720Z ##[group]Runner Image Provisioner
Test on bun 20.x (macos-latest)	Set up job	2026-09-16T08:32:20.4535360Z Hosted Compute Agent
Test on bun 20.x (macos-latest)	Set up job	2026-09-16T08:32:20.4535810Z Version: 20260828.587
Test on bun 20.x (macos-latest)	Set up job	2026-09-16T08:32:20.4536300Z Commit: abac92662cab4cc7352de4f9f9d2e2419aad9c29
Test on bun 20.x (macos-latest)	Set up job	2026-09-16T08:32:20.4536880Z Build Date: 2026-08-28T16:44:25Z
Test on bun 20.x (macos-latest)	Set up job	2026-09-16T08:32:20.4537340Z Worker ID: {283931d3-45f8-427b-8684-1b316c09de4b}
Test on bun 20.x (macos-latest)	Set up job	2026-09-16T08:32:20.4537870Z Azure Region: westus
Test on bun 20.x (macos-latest)	Set up job	2026-09-16T08:32:20.4555840Z ##[endgroup]
Test on bun 20.x (macos-latest)	Set up job	2026-09-16T08:32:20.4558670Z ##[group]Operating System
Test on bun 20.x (macos-latest)	Set up job	2026-09-16T08:32:20.4559390Z macOS
Test on bun 20.x (macos-latest)	Set up job	2026-09-16T08:32:20.4559910Z 26.6.2
Test on bun 20.x (macos-latest)	Set up job	2026-09-16T08:32:20.4561200Z 25G83
Test on bun 20.x (macos-latest)	Set up job	2026-09-16T08:32:20.4561770Z ##[endgroup]
Test on bun 20.x (macos-latest)	Set up job	2026-09-16T08:32:20.4562400Z ##[group]Runner Image
Test on bun 20.x (macos-latest)	Set up job	2026-09-16T08:32:20.4571660Z Image: macos-26-arm64
Test on bun 20.x (macos-latest)	Set up job	2026-09-16T08:32:20.4573520Z Version: 20260907.0351.1
Test on bun 20.x (macos-latest)	Set up job	2026-09-16T08:32:20.4575880Z Included Software: https://github.com/actions/runner-images/blob/macos-26-arm64/20260907.0351/images/macos/macos-26-arm64-Readme.md
Test on bun 20.x (macos-latest)	Set up job	2026-09-16T08:32:20.4578260Z Image Release: https://github.com/actions/runner-images/releases/tag/macos-26-arm64%2F20260907.0351
Test on bun 20.x (macos-latest)	Set up job	2026-09-16T08:32:20.4580320Z ##[endgroup]
Test on bun 20.x (macos-latest)	Set up job	2026-09-16T08:32:20.4581470Z ##[group]GITHUB_TOKEN Permissions
Test on bun 20.x (macos-latest)	Set up job	2026-09-16T08:32:20.4587030Z Contents: read
Test on bun 20.x (macos-latest)	Set up job	2026-09-16T08:32:20.4588270Z Metadata: read
Test on bun 20.x (macos-latest)	Set up job	2026-09-16T08:32:20.4588970Z ##[endgroup]
Test on bun 20.x (macos-latest)	Set up job	2026-09-16T08:32:20.4594870Z Secret source: Actions
Test on bun 20.x (macos-latest)	Set up job	2026-09-16T08:32:20.4597490Z Cache mode: write
Test on bun 20.x (macos-latest)	Set up job	2026-09-16T08:32:20.4598970Z Prepare workflow directory
Test on bun 20.x (macos-latest)	Set up job	2026-09-16T08:32:20.4907550Z Prepare all required actions
Test on bun 20.x (macos-latest)	Set up job	2026-09-16T08:32:20.4944830Z Getting action download info
Test on bun 20.x (macos-latest)	Set up job	2026-09-16T08:32:20.7923700Z Download action repository 'actions/checkout@v6' (SHA:d23441a48e516b6c34aea4fa41551a30e30af803)
Test on bun 20.x (macos-latest)	Set up job	2026-09-16T08:32:21.0661160Z Download action repository 'actions/setup-node@v6' (SHA:249970729cb0ef3589644e2896645e5dc5ba9c38)
Test on bun 20.x (macos-latest)	Set up job	2026-09-16T08:32:21.2588410Z Download action repository 'oven-sh/setup-bun@v2' (SHA:0c5077e51419868618aeaa5fe8019c62421857d6)
Test on bun 20.x (macos-latest)	Set up job	2026-09-16T08:32:22.0350040Z Download action repository 'denoland/setup-deno@v2' (SHA:22d081ff2d3a40755e97629de92e3bcbfa7cf2ed)
Test on bun 20.x (macos-latest)	Set up job	2026-09-16T08:32:22.7825330Z Complete job name: Test on bun 20.x (macos-latest)
Test on bun 20.x (macos-latest)	Checkout code	﻿2026-09-16T08:32:22.8591650Z ##[group]Run actions/checkout@v6
Test on bun 20.x (macos-latest)	Checkout code	2026-09-16T08:32:22.8592680Z with:
Test on bun 20.x (macos-latest)	Checkout code	2026-09-16T08:32:22.8593500Z   repository: link-foundation/use-m
Test on bun 20.x (macos-latest)	Checkout code	2026-09-16T08:32:22.8602770Z   token: ***
Test on bun 20.x (macos-latest)	Checkout code	2026-09-16T08:32:22.8603880Z   ssh-strict: true
Test on bun 20.x (macos-latest)	Checkout code	2026-09-16T08:32:22.8604610Z   ssh-user: git
Test on bun 20.x (macos-latest)	Checkout code	2026-09-16T08:32:22.8605580Z   persist-credentials: true
Test on bun 20.x (macos-latest)	Checkout code	2026-09-16T08:32:22.8606350Z   clean: true
Test on bun 20.x (macos-latest)	Checkout code	2026-09-16T08:32:22.8606980Z   sparse-checkout-cone-mode: true
Test on bun 20.x (macos-latest)	Checkout code	2026-09-16T08:32:22.8607710Z   fetch-depth: 1
Test on bun 20.x (macos-latest)	Checkout code	2026-09-16T08:32:22.8608410Z   fetch-tags: false
Test on bun 20.x (macos-latest)	Checkout code	2026-09-16T08:32:22.8609030Z   show-progress: true
Test on bun 20.x (macos-latest)	Checkout code	2026-09-16T08:32:22.8610030Z   lfs: false
Test on bun 20.x (macos-latest)	Checkout code	2026-09-16T08:32:22.8610810Z   submodules: false
Test on bun 20.x (macos-latest)	Checkout code	2026-09-16T08:32:22.8611490Z   set-safe-directory: true
Test on bun 20.x (macos-latest)	Checkout code	2026-09-16T08:32:22.8612270Z   allow-unsafe-pr-checkout: false
Test on bun 20.x (macos-latest)	Checkout code	2026-09-16T08:32:22.8613960Z ##[endgroup]
Test on bun 20.x (macos-latest)	Checkout code	2026-09-16T08:32:23.8386830Z Syncing repository: link-foundation/use-m
Test on bun 20.x (macos-latest)	Checkout code	2026-09-16T08:32:23.8391100Z ##[group]Getting Git version info
Test on bun 20.x (macos-latest)	Checkout code	2026-09-16T08:32:23.8391640Z Working directory is '/Users/runner/work/use-m/use-m'
Test on bun 20.x (macos-latest)	Checkout code	2026-09-16T08:32:23.8394190Z [command]/opt/homebrew/bin/git version
Test on bun 20.x (macos-latest)	Checkout code	2026-09-16T08:32:23.9071050Z git version 2.55.0
Test on bun 20.x (macos-latest)	Checkout code	2026-09-16T08:32:23.9103010Z ##[endgroup]
Test on bun 20.x (macos-latest)	Checkout code	2026-09-16T08:32:23.9117870Z Copying '/Users/runner/.gitconfig' to '/Users/runner/work/_temp/9752cd35-d449-4551-b17e-6f6b4370f7b4/.gitconfig'
Test on bun 20.x (macos-latest)	Checkout code	2026-09-16T08:32:23.9120510Z Temporarily overriding HOME='/Users/runner/work/_temp/9752cd35-d449-4551-b17e-6f6b4370f7b4' before making global git config changes
Test on bun 20.x (macos-latest)	Checkout code	2026-09-16T08:32:23.9122030Z Adding repository directory to the temporary git global config as a safe directory
Test on bun 20.x (macos-latest)	Checkout code	2026-09-16T08:32:23.9124900Z [command]/opt/homebrew/bin/git config --global --add safe.directory /Users/runner/work/use-m/use-m
Test on bun 20.x (macos-latest)	Checkout code	2026-09-16T08:32:23.9281880Z Deleting the contents of '/Users/runner/work/use-m/use-m'
Test on bun 20.x (macos-latest)	Checkout code	2026-09-16T08:32:23.9306700Z ##[group]Determining repository object format
Test on bun 20.x (macos-latest)	Checkout code	2026-09-16T08:32:23.9307250Z ##[endgroup]
Test on bun 20.x (macos-latest)	Checkout code	2026-09-16T08:32:23.9307660Z ##[group]Initializing the repository
Test on bun 20.x (macos-latest)	Checkout code	2026-09-16T08:32:23.9308750Z [command]/opt/homebrew/bin/git init /Users/runner/work/use-m/use-m
Test on bun 20.x (macos-latest)	Checkout code	2026-09-16T08:32:23.9600360Z hint: Using 'master' as the name for the initial branch. This default branch name
Test on bun 20.x (macos-latest)	Checkout code	2026-09-16T08:32:23.9601100Z hint: will change to "main" in Git 3.0. To configure the initial branch name
Test on bun 20.x (macos-latest)	Checkout code	2026-09-16T08:32:23.9601570Z hint: to use in all of your new repositories, which will suppress this warning,
Test on bun 20.x (macos-latest)	Checkout code	2026-09-16T08:32:23.9601900Z hint: call:
Test on bun 20.x (macos-latest)	Checkout code	2026-09-16T08:32:23.9602110Z hint:
Test on bun 20.x (macos-latest)	Checkout code	2026-09-16T08:32:23.9602510Z hint: 	git config --global init.defaultBranch <name>
Test on bun 20.x (macos-latest)	Checkout code	2026-09-16T08:32:23.9602870Z hint:
Test on bun 20.x (macos-latest)	Checkout code	2026-09-16T08:32:23.9603150Z hint: Names commonly chosen instead of 'master' are 'main', 'trunk' and
Test on bun 20.x (macos-latest)	Checkout code	2026-09-16T08:32:23.9603700Z hint: 'development'. The just-created branch can be renamed via this command:
Test on bun 20.x (macos-latest)	Checkout code	2026-09-16T08:32:23.9604210Z hint:
Test on bun 20.x (macos-latest)	Checkout code	2026-09-16T08:32:23.9604450Z hint: 	git branch -m <name>
Test on bun 20.x (macos-latest)	Checkout code	2026-09-16T08:32:23.9604660Z hint:
Test on bun 20.x (macos-latest)	Checkout code	2026-09-16T08:32:23.9604960Z hint: Disable this message with "git config set advice.defaultBranchName false"
Test on bun 20.x (macos-latest)	Checkout code	2026-09-16T08:32:23.9605540Z Initialized empty Git repository in /Users/runner/work/use-m/use-m/.git/
Test on bun 20.x (macos-latest)	Checkout code	2026-09-16T08:32:23.9613260Z [command]/opt/homebrew/bin/git remote add origin https://github.com/link-foundation/use-m
Test on bun 20.x (macos-latest)	Checkout code	2026-09-16T08:32:23.9704050Z ##[endgroup]
Test on bun 20.x (macos-latest)	Checkout code	2026-09-16T08:32:23.9704600Z ##[group]Disabling automatic garbage collection
Test on bun 20.x (macos-latest)	Checkout code	2026-09-16T08:32:23.9706550Z [command]/opt/homebrew/bin/git config --local gc.auto 0
Test on bun 20.x (macos-latest)	Checkout code	2026-09-16T08:32:23.9786550Z ##[endgroup]
Test on bun 20.x (macos-latest)	Checkout code	2026-09-16T08:32:23.9788560Z ##[group]Setting up auth
Test on bun 20.x (macos-latest)	Checkout code	2026-09-16T08:32:23.9791300Z Removing SSH command configuration
Test on bun 20.x (macos-latest)	Checkout code	2026-09-16T08:32:23.9794030Z [command]/opt/homebrew/bin/git config --local --name-only --get-regexp core\.sshCommand
Test on bun 20.x (macos-latest)	Checkout code	2026-09-16T08:32:24.0049370Z [command]/opt/homebrew/bin/git submodule foreach --recursive sh -c "git config --local --name-only --get-regexp 'core\.sshCommand' && git config --local --unset-all 'core.sshCommand' || :"
Test on bun 20.x (macos-latest)	Checkout code	2026-09-16T08:32:24.1157210Z Removing HTTP extra header
Test on bun 20.x (macos-latest)	Checkout code	2026-09-16T08:32:24.1164070Z [command]/opt/homebrew/bin/git config --local --name-only --get-regexp http\.https\:\/\/github\.com\/\.extraheader
Test on bun 20.x (macos-latest)	Checkout code	2026-09-16T08:32:24.1246430Z [command]/opt/homebrew/bin/git submodule foreach --recursive sh -c "git config --local --name-only --get-regexp 'http\.https\:\/\/github\.com\/\.extraheader' && git config --local --unset-all 'http.https://github.com/.extraheader' || :"
Test on bun 20.x (macos-latest)	Checkout code	2026-09-16T08:32:24.2208370Z Removing includeIf entries pointing to credentials config files
Test on bun 20.x (macos-latest)	Checkout code	2026-09-16T08:32:24.2213480Z [command]/opt/homebrew/bin/git config --local --name-only --get-regexp ^includeIf\.gitdir:
Test on bun 20.x (macos-latest)	Checkout code	2026-09-16T08:32:24.2281710Z [command]/opt/homebrew/bin/git submodule foreach --recursive git config --local --show-origin --name-only --get-regexp remote.origin.url
Test on bun 20.x (macos-latest)	Checkout code	2026-09-16T08:32:24.4326980Z [command]/opt/homebrew/bin/git config --file /Users/runner/work/_temp/git-credentials-1683e915-bf5d-4d52-b772-0703c8278f2c.config http.https://github.com/.extraheader AUTHORIZATION: basic ***
Test on bun 20.x (macos-latest)	Checkout code	2026-09-16T08:32:24.4347760Z [command]/opt/homebrew/bin/git config --local includeIf.gitdir:/Users/runner/work/use-m/use-m/.git.path /Users/runner/work/_temp/git-credentials-1683e915-bf5d-4d52-b772-0703c8278f2c.config
Test on bun 20.x (macos-latest)	Checkout code	2026-09-16T08:32:24.4368460Z [command]/opt/homebrew/bin/git config --local includeIf.gitdir:/Users/runner/work/use-m/use-m/.git/worktrees/*.path /Users/runner/work/_temp/git-credentials-1683e915-bf5d-4d52-b772-0703c8278f2c.config
Test on bun 20.x (macos-latest)	Checkout code	2026-09-16T08:32:24.4477550Z [command]/opt/homebrew/bin/git config --local includeIf.gitdir:/github/workspace/.git.path /github/runner_temp/git-credentials-1683e915-bf5d-4d52-b772-0703c8278f2c.config
Test on bun 20.x (macos-latest)	Checkout code	2026-09-16T08:32:24.4685470Z [command]/opt/homebrew/bin/git config --local includeIf.gitdir:/github/workspace/.git/worktrees/*.path /github/runner_temp/git-credentials-1683e915-bf5d-4d52-b772-0703c8278f2c.config
Test on bun 20.x (macos-latest)	Checkout code	2026-09-16T08:32:24.4823800Z ##[endgroup]
Test on bun 20.x (macos-latest)	Checkout code	2026-09-16T08:32:24.4824630Z ##[group]Fetching the repository
Test on bun 20.x (macos-latest)	Checkout code	2026-09-16T08:32:24.4828050Z [command]/opt/homebrew/bin/git -c protocol.version=2 fetch --no-tags --prune --no-recurse-submodules --depth=1 origin +cf37a7ea6b52c4c42810335e94425a7a2381cf13:refs/remotes/pull/51/merge
Test on bun 20.x (macos-latest)	Checkout code	2026-09-16T08:32:25.6439980Z From https://github.com/link-foundation/use-m
Test on bun 20.x (macos-latest)	Checkout code	2026-09-16T08:32:25.6441810Z  * [new ref]         cf37a7ea6b52c4c42810335e94425a7a2381cf13 -> pull/51/merge
Test on bun 20.x (macos-latest)	Checkout code	2026-09-16T08:32:25.6454170Z ##[endgroup]
Test on bun 20.x (macos-latest)	Checkout code	2026-09-16T08:32:25.6458910Z ##[group]Determining the checkout info
Test on bun 20.x (macos-latest)	Checkout code	2026-09-16T08:32:25.6462430Z ##[endgroup]
Test on bun 20.x (macos-latest)	Checkout code	2026-09-16T08:32:25.6510380Z [command]/opt/homebrew/bin/git sparse-checkout disable
Test on bun 20.x (macos-latest)	Checkout code	2026-09-16T08:32:25.6592100Z [command]/opt/homebrew/bin/git config --local --unset-all extensions.worktreeConfig
Test on bun 20.x (macos-latest)	Checkout code	2026-09-16T08:32:25.6685210Z ##[group]Checking out the ref
Test on bun 20.x (macos-latest)	Checkout code	2026-09-16T08:32:25.6690840Z [command]/opt/homebrew/bin/git checkout --progress --force refs/remotes/pull/51/merge
Test on bun 20.x (macos-latest)	Checkout code	2026-09-16T08:32:25.7449110Z HEAD is now at cf37a7e Merge a09e0e662b832c8e029f25fa3f31715ebf733eff into 5378cba033e9105307a25e3f1a176ff689b716f0
Test on bun 20.x (macos-latest)	Checkout code	2026-09-16T08:32:25.7456450Z ##[endgroup]
Test on bun 20.x (macos-latest)	Checkout code	2026-09-16T08:32:25.7647930Z [command]/opt/homebrew/bin/git log -1 --format=%H
Test on bun 20.x (macos-latest)	Checkout code	2026-09-16T08:32:25.7729640Z cf37a7ea6b52c4c42810335e94425a7a2381cf13
Test on bun 20.x (macos-latest)	Setup Node.js	﻿2026-09-16T08:32:25.8273140Z ##[group]Run actions/setup-node@v6
Test on bun 20.x (macos-latest)	Setup Node.js	2026-09-16T08:32:25.8273550Z with:
Test on bun 20.x (macos-latest)	Setup Node.js	2026-09-16T08:32:25.8273880Z   node-version: 20.x
Test on bun 20.x (macos-latest)	Setup Node.js	2026-09-16T08:32:25.8274240Z   cache: npm
Test on bun 20.x (macos-latest)	Setup Node.js	2026-09-16T08:32:25.8274450Z   check-latest: false
Test on bun 20.x (macos-latest)	Setup Node.js	2026-09-16T08:32:25.8278080Z   token: ***
Test on bun 20.x (macos-latest)	Setup Node.js	2026-09-16T08:32:25.8278440Z   package-manager-cache: true
Test on bun 20.x (macos-latest)	Setup Node.js	2026-09-16T08:32:25.8278650Z ##[endgroup]
Test on bun 20.x (macos-latest)	Setup Node.js	2026-09-16T08:32:26.1521870Z Attempting to download 20.x...
Test on bun 20.x (macos-latest)	Setup Node.js	2026-09-16T08:32:28.0321040Z Acquiring 20.20.2 - arm64 from https://github.com/actions/node-versions/releases/download/20.20.2-23521894959/node-20.20.2-darwin-arm64.tar.gz
Test on bun 20.x (macos-latest)	Setup Node.js	2026-09-16T08:32:28.0322830Z Extracting ...
Test on bun 20.x (macos-latest)	Setup Node.js	2026-09-16T08:32:28.0848490Z [command]/usr/bin/tar xz --strip 1 -C /Users/runner/work/_temp/f1eba157-eb49-4068-9370-3e80b79043e9 -f /Users/runner/work/_temp/4b817593-f490-4b71-9317-43f74d0d9fae
Test on bun 20.x (macos-latest)	Setup Node.js	2026-09-16T08:32:29.3758460Z Adding to the cache ...
Test on bun 20.x (macos-latest)	Setup Node.js	2026-09-16T08:32:32.2843400Z ##[group]Environment details
Test on bun 20.x (macos-latest)	Setup Node.js	2026-09-16T08:32:32.6722330Z node: v20.20.2
Test on bun 20.x (macos-latest)	Setup Node.js	2026-09-16T08:32:32.6730460Z npm: 10.8.2
Test on bun 20.x (macos-latest)	Setup Node.js	2026-09-16T08:32:32.6738470Z yarn: 1.22.22
Test on bun 20.x (macos-latest)	Setup Node.js	2026-09-16T08:32:32.6772620Z ##[endgroup]
Test on bun 20.x (macos-latest)	Setup Node.js	2026-09-16T08:32:32.6773270Z [command]/Users/runner/hostedtoolcache/node/20.20.2/arm64/bin/npm config get cache
Test on bun 20.x (macos-latest)	Setup Node.js	2026-09-16T08:32:32.7961300Z /Users/runner/.npm
Test on bun 20.x (macos-latest)	Setup Node.js	2026-09-16T08:32:33.0282190Z Cache hit for: node-cache-macOS-arm64-npm-12813ae39a61b5fed7681502803cfede24735d033f8430fc26d535be6b212b6a
Test on bun 20.x (macos-latest)	Setup Node.js	2026-09-16T08:32:34.0562070Z Received 14454372 of 14454372 (100.0%), 15.6 MBs/sec
Test on bun 20.x (macos-latest)	Setup Node.js	2026-09-16T08:32:34.0662160Z Cache Size: ~14 MB (14454372 B)
Test on bun 20.x (macos-latest)	Setup Node.js	2026-09-16T08:32:34.0763270Z [command]/opt/homebrew/bin/gtar -xf /Users/runner/work/_temp/a8482d6c-a967-493a-ace8-6f81a6609c2f/cache.tzst -P -C /Users/runner/work/use-m/use-m --delay-directory-restore --use-compress-program unzstd
Test on bun 20.x (macos-latest)	Setup Node.js	2026-09-16T08:32:34.3499810Z Cache restored successfully
Test on bun 20.x (macos-latest)	Setup Node.js	2026-09-16T08:32:34.3513340Z Cache restored from key: node-cache-macOS-arm64-npm-12813ae39a61b5fed7681502803cfede24735d033f8430fc26d535be6b212b6a
Test on bun 20.x (macos-latest)	Setup Bun	﻿2026-09-16T08:32:34.3759080Z ##[group]Run oven-sh/setup-bun@v2
Test on bun 20.x (macos-latest)	Setup Bun	2026-09-16T08:32:34.3759320Z with:
Test on bun 20.x (macos-latest)	Setup Bun	2026-09-16T08:32:34.3759460Z   bun-version: latest
Test on bun 20.x (macos-latest)	Setup Bun	2026-09-16T08:32:34.3759640Z   no-cache: false
Test on bun 20.x (macos-latest)	Setup Bun	2026-09-16T08:32:34.3761660Z   token: ***
Test on bun 20.x (macos-latest)	Setup Bun	2026-09-16T08:32:34.3761830Z ##[endgroup]
Test on bun 20.x (macos-latest)	Setup Bun	2026-09-16T08:32:35.0443310Z Downloading a new version of Bun: https://github.com/oven-sh/bun/releases/download/bun-v1.4.2/bun-darwin-aarch64.zip
Test on bun 20.x (macos-latest)	Setup Bun	2026-09-16T08:32:35.5636210Z [command]/usr/bin/unzip -o -q /Users/runner/work/_temp/5019cdf4-67db-4ad5-870d-2c4469755d2a.zip
Test on bun 20.x (macos-latest)	Setup Bun	2026-09-16T08:32:36.2328970Z [command]/Users/runner/.bun/bin/bun --revision
Test on bun 20.x (macos-latest)	Setup Bun	2026-09-16T08:32:36.2485580Z 1.4.2+744846f84
Test on bun 20.x (macos-latest)	Install dependencies	﻿2026-09-16T08:32:36.2705590Z ##[group]Run npm ci --no-audit --no-fund
Test on bun 20.x (macos-latest)	Install dependencies	2026-09-16T08:32:36.2712680Z ^[[36;1mnpm ci --no-audit --no-fund^[[0m
Test on bun 20.x (macos-latest)	Install dependencies	2026-09-16T08:32:36.2774880Z shell: /bin/bash -e {0}
Test on bun 20.x (macos-latest)	Install dependencies	2026-09-16T08:32:36.2775130Z ##[endgroup]
Test on bun 20.x (macos-latest)	Install dependencies	2026-09-16T08:32:46.7477120Z 
Test on bun 20.x (macos-latest)	Install dependencies	2026-09-16T08:32:46.7480690Z added 477 packages in 10s
Test on bun 20.x (macos-latest)	Run Bun tests	﻿2026-09-16T08:32:46.7867370Z ##[group]Run bun test
Test on bun 20.x (macos-latest)	Run Bun tests	2026-09-16T08:32:46.7867680Z ^[[36;1mbun test^[[0m
Test on bun 20.x (macos-latest)	Run Bun tests	2026-09-16T08:32:46.7915940Z shell: /bin/bash -e {0}
Test on bun 20.x (macos-latest)	Run Bun tests	2026-09-16T08:32:46.7916160Z ##[endgroup]
Test on bun 20.x (macos-latest)	Run Bun tests	2026-09-16T08:32:46.8940870Z bun test v1.4.2 (744846f84)
Test on bun 20.x (macos-latest)	Run Bun tests	2026-09-16T08:32:46.9767280Z 
Test on bun 20.x (macos-latest)	Run Bun tests	2026-09-16T08:32:46.9814300Z ##[group]tests/builtin-universal.test.cjs:
Test on bun 20.x (macos-latest)	Run Bun tests	2026-09-16T08:32:47.1080950Z (pass) [cjs module] Universal built-in modules (work in all environments) > [cjs module] console module should work [40.76ms]
Test on bun 20.x (macos-latest)	Run Bun tests	2026-09-16T08:32:47.1210340Z (pass) [cjs module] Universal built-in modules (work in all environments) > [cjs module] crypto module should work [12.91ms]
Test on bun 20.x (macos-latest)	Run Bun tests	2026-09-16T08:32:47.1333570Z (pass) [cjs module] Universal built-in modules (work in all environments) > [cjs module] url module should work [12.26ms]
Test on bun 20.x (macos-latest)	Run Bun tests	2026-09-16T08:32:47.1368180Z (pass) [cjs module] Universal built-in modules (work in all environments) > [cjs module] performance module should work [3.31ms]
Test on bun 20.x (macos-latest)	Run Bun tests	2026-09-16T08:32:47.1373390Z (pass) [cjs module] Universal built-in modules (work in all environments) > [cjs module] modules should work with node: prefix [0.56ms]
Test on bun 20.x (macos-latest)	Run Bun tests	2026-09-16T08:32:47.1373950Z 
Test on bun 20.x (macos-latest)	Run Bun tests	2026-09-16T08:32:47.1374250Z ##[endgroup]
Test on bun 20.x (macos-latest)	Run Bun tests	2026-09-16T08:32:47.1377100Z 
Test on bun 20.x (macos-latest)	Run Bun tests	2026-09-16T08:32:47.1377640Z ##[group]tests/dynamic-builtins.test.mjs:
Test on bun 20.x (macos-latest)	Run Bun tests	2026-09-16T08:32:47.1472770Z (pass) [mjs module] Dynamic built-in module detection > [mjs module] tty module should work (dynamically detected) [4.68ms]
Test on bun 20.x (macos-latest)	Run Bun tests	2026-09-16T08:32:47.1500700Z (pass) [mjs module] Dynamic built-in module detection > [mjs module] cluster module should work (dynamically detected) [2.85ms]
Test on bun 20.x (macos-latest)	Run Bun tests	2026-09-16T08:32:47.1525130Z (pass) [mjs module] Dynamic built-in module detection > [mjs module] readline module should work (dynamically detected) [2.41ms]
Test on bun 20.x (macos-latest)	Run Bun tests	2026-09-16T08:32:47.1526270Z (pass) [mjs module] Dynamic built-in module detection > [mjs module] string_decoder module should work (dynamically detected) [0.09ms]
Test on bun 20.x (macos-latest)	Run Bun tests	2026-09-16T08:32:47.1527310Z (pass) [mjs module] Dynamic built-in module detection > [mjs module] timers module should work (dynamically detected) [0.14ms]
Test on bun 20.x (macos-latest)	Run Bun tests	2026-09-16T08:32:47.1554680Z (pass) [mjs module] Dynamic built-in module detection > [mjs module] worker_threads module should work (dynamically detected) [2.74ms]
Test on bun 20.x (macos-latest)	Run Bun tests	2026-09-16T08:32:47.1568760Z (pass) [mjs module] Dynamic built-in module detection > [mjs module] vm module should work (dynamically detected) [1.39ms]
Test on bun 20.x (macos-latest)	Run Bun tests	2026-09-16T08:32:47.1569840Z (pass) [mjs module] Dynamic built-in module detection > [mjs module] node:tty should work with prefix [0.07ms]
Test on bun 20.x (macos-latest)	Run Bun tests	2026-09-16T08:32:47.1579720Z (pass) [mjs module] Dynamic built-in module detection > [mjs module] subpath built-ins should work (dns/promises, stream/promises) [1.03ms]
Test on bun 20.x (macos-latest)	Run Bun tests	2026-09-16T08:32:47.2052060Z (node:4886) [DEP0125] DeprecationWarning: The _stream_wrap module is deprecated.
Test on bun 20.x (macos-latest)	Run Bun tests	2026-09-16T08:32:47.2052680Z (Use `bun --trace-warnings ...` to show where the warning was created)
Test on bun 20.x (macos-latest)	Run Bun tests	2026-09-16T08:32:47.2053440Z (node:4886) [DEP0192] DeprecationWarning: The _tls_common module is deprecated. Use `node:tls` instead.
Test on bun 20.x (macos-latest)	Run Bun tests	2026-09-16T08:32:47.2054420Z (node:4886) [DEP0192] DeprecationWarning: The _tls_wrap module is deprecated. Use `node:tls` instead.
Test on bun 20.x (macos-latest)	Run Bun tests	2026-09-16T08:32:47.2055710Z (pass) [mjs module] Dynamic built-in module detection > [mjs module] every built-in reported by node:module should be claimed by the builtin resolver [47.44ms]
Test on bun 20.x (macos-latest)	Run Bun tests	2026-09-16T08:32:47.2056880Z (pass) [mjs module] Dynamic built-in module detection > [mjs module] prefix-only built-ins should not shadow npm packages of the same name [0.12ms]
Test on bun 20.x (macos-latest)	Run Bun tests	2026-09-16T08:32:47.2057910Z (pass) [mjs module] Dynamic built-in module detection > [mjs module] unknown module names should not be claimed as built-ins [0.05ms]
Test on bun 20.x (macos-latest)	Run Bun tests	2026-09-16T08:32:47.2058320Z 
Test on bun 20.x (macos-latest)	Run Bun tests	2026-09-16T08:32:47.2058670Z ##[endgroup]
Test on bun 20.x (macos-latest)	Run Bun tests	2026-09-16T08:32:47.2065420Z 
Test on bun 20.x (macos-latest)	Run Bun tests	2026-09-16T08:32:47.2065650Z ##[group]tests/network-imports.test.mjs:
Test on bun 20.x (macos-latest)	Run Bun tests	2026-09-16T08:32:48.4373580Z (pass) [mjs module] imports using --experimental-network-imports > [mjs module] Import using --experimental-network-imports for CJS file [1230.65ms]
Test on bun 20.x (macos-latest)	Run Bun tests	2026-09-16T08:32:48.7639610Z (pass) [mjs module] imports using --experimental-network-imports > [mjs module] Import using --experimental-network-imports for MJS file [326.60ms]
Test on bun 20.x (macos-latest)	Run Bun tests	2026-09-16T08:32:48.7640990Z 
Test on bun 20.x (macos-latest)	Run Bun tests	2026-09-16T08:32:48.7641310Z ##[endgroup]
Test on bun 20.x (macos-latest)	Run Bun tests	2026-09-16T08:32:48.7641410Z 
Test on bun 20.x (macos-latest)	Run Bun tests	2026-09-16T08:32:48.7641650Z ##[group]tests/relative-paths.integration.test.mjs:
Test on bun 20.x (macos-latest)	Run Bun tests	2026-09-16T08:32:48.7699880Z /Users/runner/work/use-m/use-m/tests
Test on bun 20.x (macos-latest)	Run Bun tests	2026-09-16T08:32:48.7981620Z Testing relative paths from tests directory...
Test on bun 20.x (macos-latest)	Run Bun tests	2026-09-16T08:32:48.7981890Z 
Test on bun 20.x (macos-latest)	Run Bun tests	2026-09-16T08:32:48.7982050Z 1. Testing ./browser-server/test-helper.js
Test on bun 20.x (macos-latest)	Run Bun tests	2026-09-16T08:32:48.7983420Z    ✓ Message: Helper module loaded
Test on bun 20.x (macos-latest)	Run Bun tests	2026-09-16T08:32:48.7983610Z 
Test on bun 20.x (macos-latest)	Run Bun tests	2026-09-16T08:32:48.7983750Z 2. Testing ./browser-server/test-data.json
Test on bun 20.x (macos-latest)	Run Bun tests	2026-09-16T08:32:48.7984120Z    ✓ Value: 123
Test on bun 20.x (macos-latest)	Run Bun tests	2026-09-16T08:32:48.7984290Z    ✓ Test: data
Test on bun 20.x (macos-latest)	Run Bun tests	2026-09-16T08:32:48.7984400Z 
Test on bun 20.x (macos-latest)	Run Bun tests	2026-09-16T08:32:48.7984490Z 3. Testing ../src/use.mjs
Test on bun 20.x (macos-latest)	Run Bun tests	2026-09-16T08:32:48.7984750Z    ✓ use function exists: true
Test on bun 20.x (macos-latest)	Run Bun tests	2026-09-16T08:32:48.7984880Z 
Test on bun 20.x (macos-latest)	Run Bun tests	2026-09-16T08:32:48.7985050Z 4. Testing ./browser-server/subfolder/nested.js
Test on bun 20.x (macos-latest)	Run Bun tests	2026-09-16T08:32:48.7985370Z    ✓ Nested: true Level: subfolder
Test on bun 20.x (macos-latest)	Run Bun tests	2026-09-16T08:32:48.7985510Z 
Test on bun 20.x (macos-latest)	Run Bun tests	2026-09-16T08:32:48.7985770Z 5. Testing ./browser-server/subfolder/nested-data.json
Test on bun 20.x (macos-latest)	Run Bun tests	2026-09-16T08:32:48.7986100Z    ✓ Level: nested Depth: 1
Test on bun 20.x (macos-latest)	Run Bun tests	2026-09-16T08:32:48.7986220Z 
Test on bun 20.x (macos-latest)	Run Bun tests	2026-09-16T08:32:48.7986320Z 6. Testing ../package.json
Test on bun 20.x (macos-latest)	Run Bun tests	2026-09-16T08:32:48.7986530Z    ✓ Package name: use-m
Test on bun 20.x (macos-latest)	Run Bun tests	2026-09-16T08:32:48.7986670Z 
Test on bun 20.x (macos-latest)	Run Bun tests	2026-09-16T08:32:48.7986820Z ✅ All direct tests passed!
Test on bun 20.x (macos-latest)	Run Bun tests	2026-09-16T08:32:48.7986940Z 
Test on bun 20.x (macos-latest)	Run Bun tests	2026-09-16T08:32:48.7987500Z (pass) [mjs module] Relative Path Resolution (Integration) > [mjs module] relative paths should work when run directly with Node.js [28.44ms]
Test on bun 20.x (macos-latest)	Run Bun tests	2026-09-16T08:32:48.7987930Z 
Test on bun 20.x (macos-latest)	Run Bun tests	2026-09-16T08:32:48.7988230Z ##[endgroup]
Test on bun 20.x (macos-latest)	Run Bun tests	2026-09-16T08:32:48.7988330Z 
Test on bun 20.x (macos-latest)	Run Bun tests	2026-09-16T08:32:48.7988590Z ##[group]tests/builtin-universal.test.mjs:
Test on bun 20.x (macos-latest)	Run Bun tests	2026-09-16T08:32:48.7989440Z (pass) [mjs module] Universal built-in modules (work in all environments) > [mjs module] console module should work [0.12ms]
Test on bun 20.x (macos-latest)	Run Bun tests	2026-09-16T08:32:48.7990410Z (pass) [mjs module] Universal built-in modules (work in all environments) > [mjs module] crypto module should work [0.07ms]
Test on bun 20.x (macos-latest)	Run Bun tests	2026-09-16T08:32:48.8000170Z (pass) [mjs module] Universal built-in modules (work in all environments) > [mjs module] url module should work [0.07ms]
Test on bun 20.x (macos-latest)	Run Bun tests	2026-09-16T08:32:48.8001260Z (pass) [mjs module] Universal built-in modules (work in all environments) > [mjs module] performance module should work [0.07ms]
Test on bun 20.x (macos-latest)	Run Bun tests	2026-09-16T08:32:48.8002260Z (pass) [mjs module] Universal built-in modules (work in all environments) > [mjs module] modules should work with node: prefix [0.05ms]
Test on bun 20.x (macos-latest)	Run Bun tests	2026-09-16T08:32:48.8002650Z 
Test on bun 20.x (macos-latest)	Run Bun tests	2026-09-16T08:32:48.8002940Z ##[endgroup]
Test on bun 20.x (macos-latest)	Run Bun tests	2026-09-16T08:32:48.8003060Z 
Test on bun 20.x (macos-latest)	Run Bun tests	2026-09-16T08:32:48.8003340Z ##[group]tests/dynamic-builtins.test.cjs:
Test on bun 20.x (macos-latest)	Run Bun tests	2026-09-16T08:32:48.8003950Z (pass) [cjs module] Dynamic built-in module detection > [cjs module] tty module should work (dynamically detected) [0.12ms]
Test on bun 20.x (macos-latest)	Run Bun tests	2026-09-16T08:32:48.8004760Z (pass) [cjs module] Dynamic built-in module detection > [cjs module] cluster module should work (dynamically detected) [0.08ms]
Test on bun 20.x (macos-latest)	Run Bun tests	2026-09-16T08:32:48.8005690Z (pass) [cjs module] Dynamic built-in module detection > [cjs module] readline module should work (dynamically detected) [0.04ms]
Test on bun 20.x (macos-latest)	Run Bun tests	2026-09-16T08:32:48.8006730Z (pass) [cjs module] Dynamic built-in module detection > [cjs module] string_decoder module should work (dynamically detected) [0.04ms]
Test on bun 20.x (macos-latest)	Run Bun tests	2026-09-16T08:32:48.8007560Z (pass) [cjs module] Dynamic built-in module detection > [cjs module] timers module should work (dynamically detected) [0.04ms]
Test on bun 20.x (macos-latest)	Run Bun tests	2026-09-16T08:32:48.8008590Z (pass) [cjs module] Dynamic built-in module detection > [cjs module] worker_threads module should work (dynamically detected) [0.06ms]
Test on bun 20.x (macos-latest)	Run Bun tests	2026-09-16T08:32:48.8010110Z (pass) [cjs module] Dynamic built-in module detection > [cjs module] vm module should work (dynamically detected) [0.05ms]
Test on bun 20.x (macos-latest)	Run Bun tests	2026-09-16T08:32:48.8010880Z (pass) [cjs module] Dynamic built-in module detection > [cjs module] node:tty should work with prefix [0.04ms]
Test on bun 20.x (macos-latest)	Run Bun tests	2026-09-16T08:32:48.8012040Z (pass) [cjs module] Dynamic built-in module detection > [cjs module] subpath built-ins should work (dns/promises, stream/promises) [0.07ms]
Test on bun 20.x (macos-latest)	Run Bun tests	2026-09-16T08:32:48.8019040Z (pass) [cjs module] Dynamic built-in module detection > [cjs module] every built-in reported by node:module should be claimed by the builtin resolver [1.22ms]
Test on bun 20.x (macos-latest)	Run Bun tests	2026-09-16T08:32:48.8020140Z (pass) [cjs module] Dynamic built-in module detection > [cjs module] prefix-only built-ins should not shadow npm packages of the same name [0.07ms]
Test on bun 20.x (macos-latest)	Run Bun tests	2026-09-16T08:32:48.8021310Z (pass) [cjs module] Dynamic built-in module detection > [cjs module] unknown module names should not be claimed as built-ins [0.04ms]
Test on bun 20.x (macos-latest)	Run Bun tests	2026-09-16T08:32:48.8021760Z 
Test on bun 20.x (macos-latest)	Run Bun tests	2026-09-16T08:32:48.8022030Z ##[endgroup]
Test on bun 20.x (macos-latest)	Run Bun tests	2026-09-16T08:32:48.8022170Z 
Test on bun 20.x (macos-latest)	Run Bun tests	2026-09-16T08:32:48.8022410Z ##[group]tests/network-imports.test.cjs:
Test on bun 20.x (macos-latest)	Run Bun tests	2026-09-16T08:32:49.0517770Z (pass) [cjs module] imports using --experimental-network-imports > [cjs module] Import using --experimental-network-imports for CJS file [243.37ms]
Test on bun 20.x (macos-latest)	Run Bun tests	2026-09-16T08:32:49.3093850Z (pass) [cjs module] imports using --experimental-network-imports > [cjs module] Import using --experimental-network-imports for MJS file [263.65ms]
Test on bun 20.x (macos-latest)	Run Bun tests	2026-09-16T08:32:49.3094740Z 
Test on bun 20.x (macos-latest)	Run Bun tests	2026-09-16T08:32:49.3096010Z ##[endgroup]
Test on bun 20.x (macos-latest)	Run Bun tests	2026-09-16T08:32:49.3096540Z 
Test on bun 20.x (macos-latest)	Run Bun tests	2026-09-16T08:32:49.3096880Z ##[group]tests/release-workflow-policy.test.mjs:
Test on bun 20.x (macos-latest)	Run Bun tests	2026-09-16T08:32:49.3143130Z (pass) release workflow policy > uses npm package metadata that matches registry and trusted publishing expectations [2.63ms]
Test on bun 20.x (macos-latest)	Run Bun tests	2026-09-16T08:32:49.3153910Z (pass) release workflow policy > keeps CI and publishing in the trusted-publisher release workflow [1.11ms]
Test on bun 20.x (macos-latest)	Run Bun tests	2026-09-16T08:32:49.3156970Z (pass) release workflow policy > publishes with npm trusted publishing instead of token auth [0.31ms]
Test on bun 20.x (macos-latest)	Run Bun tests	2026-09-16T08:32:49.3163730Z (pass) release workflow policy > runs tests before publishing and preserves main-branch release runs [0.20ms]
Test on bun 20.x (macos-latest)	Run Bun tests	2026-09-16T08:32:49.3164660Z (pass) release workflow policy > fails release runs when the package, tag, and GitHub release already exist [0.08ms]
Test on bun 20.x (macos-latest)	Run Bun tests	2026-09-16T08:32:49.3166010Z (pass) release workflow policy > runs the Node.js test job on every Node.js line the library supports [0.11ms]
Test on bun 20.x (macos-latest)	Run Bun tests	2026-09-16T08:32:49.3171500Z (pass) release workflow policy > keeps dependency install logs quiet while auditing shipped dependencies [0.04ms]
Test on bun 20.x (macos-latest)	Run Bun tests	2026-09-16T08:32:49.3172290Z (pass) release workflow policy > uses current action versions and explicit job timeouts [0.12ms]
Test on bun 20.x (macos-latest)	Run Bun tests	2026-09-16T08:32:49.3173230Z (pass) release workflow policy > retries Deno network-import tests without hiding persistent failures [0.03ms]
Test on bun 20.x (macos-latest)	Run Bun tests	2026-09-16T08:32:49.3174410Z 
Test on bun 20.x (macos-latest)	Run Bun tests	2026-09-16T08:32:49.3179750Z ##[endgroup]
Test on bun 20.x (macos-latest)	Run Bun tests	2026-09-16T08:32:49.3182030Z 
Test on bun 20.x (macos-latest)	Run Bun tests	2026-09-16T08:32:49.3182370Z ##[group]tests/builtin-nodejs.test.cjs:
Test on bun 20.x (macos-latest)	Run Bun tests	2026-09-16T08:32:49.3183040Z (pass) [cjs module] Node.js/Bun-only built-in modules > [cjs module] fs module should work [0.21ms]
Test on bun 20.x (macos-latest)	Run Bun tests	2026-09-16T08:32:49.3183890Z (pass) [cjs module] Node.js/Bun-only built-in modules > [cjs module] path module should work [0.08ms]
Test on bun 20.x (macos-latest)	Run Bun tests	2026-09-16T08:32:49.3186740Z (pass) [cjs module] Node.js/Bun-only built-in modules > [cjs module] os module should work [0.51ms]
Test on bun 20.x (macos-latest)	Run Bun tests	2026-09-16T08:32:49.3193710Z (pass) [cjs module] Node.js/Bun-only built-in modules > [cjs module] util module should work [1.22ms]
Test on bun 20.x (macos-latest)	Run Bun tests	2026-09-16T08:32:49.3194860Z (pass) [cjs module] Node.js/Bun-only built-in modules > [cjs module] events module should work [0.11ms]
Test on bun 20.x (macos-latest)	Run Bun tests	2026-09-16T08:32:49.3195620Z (pass) [cjs module] Node.js/Bun-only built-in modules > [cjs module] stream module should work [0.06ms]
Test on bun 20.x (macos-latest)	Run Bun tests	2026-09-16T08:32:49.3196380Z (pass) [cjs module] Node.js/Bun-only built-in modules > [cjs module] buffer module should work [0.06ms]
Test on bun 20.x (macos-latest)	Run Bun tests	2026-09-16T08:32:49.3197160Z (pass) [cjs module] Node.js/Bun-only built-in modules > [cjs module] process module should work [0.08ms]
Test on bun 20.x (macos-latest)	Run Bun tests	2026-09-16T08:32:49.3198350Z (pass) [cjs module] Node.js/Bun-only built-in modules > [cjs module] child_process module should work [0.04ms]
Test on bun 20.x (macos-latest)	Run Bun tests	2026-09-16T08:32:49.3200440Z (pass) [cjs module] Node.js/Bun-only built-in modules > [cjs module] http module should work [0.04ms]
Test on bun 20.x (macos-latest)	Run Bun tests	2026-09-16T08:32:49.3201440Z (pass) [cjs module] Node.js/Bun-only built-in modules > [cjs module] https module should work [0.03ms]
Test on bun 20.x (macos-latest)	Run Bun tests	2026-09-16T08:32:49.3202190Z (pass) [cjs module] Node.js/Bun-only built-in modules > [cjs module] net module should work [0.04ms]
Test on bun 20.x (macos-latest)	Run Bun tests	2026-09-16T08:32:49.3203000Z (pass) [cjs module] Node.js/Bun-only built-in modules > [cjs module] dns module should work [0.05ms]
Test on bun 20.x (macos-latest)	Run Bun tests	2026-09-16T08:32:49.3203790Z (pass) [cjs module] Node.js/Bun-only built-in modules > [cjs module] zlib module should work [0.04ms]
Test on bun 20.x (macos-latest)	Run Bun tests	2026-09-16T08:32:49.3204550Z (pass) [cjs module] Node.js/Bun-only built-in modules > [cjs module] querystring module should work [0.26ms]
Test on bun 20.x (macos-latest)	Run Bun tests	2026-09-16T08:32:49.3211620Z (pass) [cjs module] Node.js/Bun-only built-in modules > [cjs module] assert module should work [0.61ms]
Test on bun 20.x (macos-latest)	Run Bun tests	2026-09-16T08:32:49.3216850Z (pass) [cjs module] Node.js/Bun-only built-in modules > [cjs module] all modules should work with node: prefix [0.19ms]
Test on bun 20.x (macos-latest)	Run Bun tests	2026-09-16T08:32:49.3217340Z 
Test on bun 20.x (macos-latest)	Run Bun tests	2026-09-16T08:32:49.3217710Z ##[endgroup]
Test on bun 20.x (macos-latest)	Run Bun tests	2026-09-16T08:32:49.3217900Z 
Test on bun 20.x (macos-latest)	Run Bun tests	2026-09-16T08:32:49.3218190Z ##[group]tests/builtin-errors.test.cjs:
Test on bun 20.x (macos-latest)	Run Bun tests	2026-09-16T08:32:49.3218940Z (pass) [cjs module] Built-in module error handling > [cjs module] should return null for non-builtin modules from builtin resolver [0.05ms]
Test on bun 20.x (macos-latest)	Run Bun tests	2026-09-16T08:32:49.3220260Z (pass) [cjs module] Built-in module error handling > [cjs module] should throw error for unsupported builtin modules [0.04ms]
Test on bun 20.x (macos-latest)	Run Bun tests	2026-09-16T08:32:49.3226890Z (pass) [cjs module] Built-in module error handling > [cjs module] should handle modules not available in browser environment [0.54ms]
Test on bun 20.x (macos-latest)	Run Bun tests	2026-09-16T08:32:49.5104560Z (pass) [cjs module] Built-in module error handling > [cjs module] should only work with exact lowercase module names [188.18ms]
Test on bun 20.x (macos-latest)	Run Bun tests	2026-09-16T08:32:49.5109160Z (pass) [cjs module] Built-in module error handling > [cjs module] should handle node: prefix removal correctly [0.23ms]
Test on bun 20.x (macos-latest)	Run Bun tests	2026-09-16T08:32:49.5120130Z (pass) [cjs module] Built-in module error handling > [cjs module] should throw meaningful errors for import failures [0.06ms]
Test on bun 20.x (macos-latest)	Run Bun tests	2026-09-16T08:32:49.5121580Z (pass) [cjs module] Built-in module error handling > [cjs module] builtin resolver should handle empty/invalid module specifiers gracefully [0.06ms]
Test on bun 20.x (macos-latest)	Run Bun tests	2026-09-16T08:32:49.5122650Z (pass) [cjs module] Built-in module error handling > [cjs module] should handle modules with special characters in names [0.03ms]
Test on bun 20.x (macos-latest)	Run Bun tests	2026-09-16T08:32:49.5123140Z 
Test on bun 20.x (macos-latest)	Run Bun tests	2026-09-16T08:32:49.5123540Z ##[endgroup]
Test on bun 20.x (macos-latest)	Run Bun tests	2026-09-16T08:32:49.5123730Z 
Test on bun 20.x (macos-latest)	Run Bun tests	2026-09-16T08:32:49.5124030Z ##[group]tests/builtin-errors.test.mjs:
Test on bun 20.x (macos-latest)	Run Bun tests	2026-09-16T08:32:49.5124910Z (pass) [mjs module] Built-in module error handling > [mjs module] should return null for non-builtin modules from builtin resolver [0.07ms]
Test on bun 20.x (macos-latest)	Run Bun tests	2026-09-16T08:32:49.5125940Z (pass) [mjs module] Built-in module error handling > [mjs module] should throw error for unsupported builtin modules [0.06ms]
Test on bun 20.x (macos-latest)	Run Bun tests	2026-09-16T08:32:49.5134370Z (pass) [mjs module] Built-in module error handling > [mjs module] should handle modules not available in browser environment [0.50ms]
Test on bun 20.x (macos-latest)	Run Bun tests	2026-09-16T08:32:49.5818500Z (pass) [mjs module] Built-in module error handling > [mjs module] should only work with exact lowercase module names [69.83ms]
Test on bun 20.x (macos-latest)	Run Bun tests	2026-09-16T08:32:49.5819580Z (pass) [mjs module] Built-in module error handling > [mjs module] should handle node: prefix removal correctly [0.20ms]
Test on bun 20.x (macos-latest)	Run Bun tests	2026-09-16T08:32:49.5820570Z (pass) [mjs module] Built-in module error handling > [mjs module] should throw meaningful errors for import failures [0.07ms]
Test on bun 20.x (macos-latest)	Run Bun tests	2026-09-16T08:32:49.5821650Z (pass) [mjs module] Built-in module error handling > [mjs module] builtin resolver should handle empty/invalid module specifiers gracefully [0.07ms]
Test on bun 20.x (macos-latest)	Run Bun tests	2026-09-16T08:32:49.5822550Z (pass) [mjs module] Built-in module error handling > [mjs module] should handle modules with special characters in names [0.04ms]
Test on bun 20.x (macos-latest)	Run Bun tests	2026-09-16T08:32:49.5823380Z 
Test on bun 20.x (macos-latest)	Run Bun tests	2026-09-16T08:32:49.5823680Z ##[endgroup]
Test on bun 20.x (macos-latest)	Run Bun tests	2026-09-16T08:32:49.5823780Z 
Test on bun 20.x (macos-latest)	Run Bun tests	2026-09-16T08:32:49.5824000Z ##[group]tests/builtin-browser.test.mjs:
Test on bun 20.x (macos-latest)	Run Bun tests	2026-09-16T08:32:56.3068240Z (pass) [mjs module] Universal built-in modules in browser > [mjs module] console module should work in browser [3.12ms]
Test on bun 20.x (macos-latest)	Run Bun tests	2026-09-16T08:32:56.3184410Z (pass) [mjs module] Universal built-in modules in browser > [mjs module] crypto module should work in browser [0.62ms]
Test on bun 20.x (macos-latest)	Run Bun tests	2026-09-16T08:32:56.3201060Z (pass) [mjs module] Universal built-in modules in browser > [mjs module] url module should work in browser [0.42ms]
Test on bun 20.x (macos-latest)	Run Bun tests	2026-09-16T08:32:56.3202100Z (pass) [mjs module] Universal built-in modules in browser > [mjs module] performance module should work in browser [0.32ms]
Test on bun 20.x (macos-latest)	Run Bun tests	2026-09-16T08:32:56.3203070Z (pass) [mjs module] Universal built-in modules in browser > [mjs module] fs module should fail in browser with correct error [0.42ms]
Test on bun 20.x (macos-latest)	Run Bun tests	2026-09-16T08:32:56.3205260Z (pass) [mjs module] Universal built-in modules in browser > [mjs module] node: prefix should work with universal modules [0.41ms]
Test on bun 20.x (macos-latest)	Run Bun tests	2026-09-16T08:32:56.3206500Z (pass) [mjs module] Universal built-in modules in browser > [mjs module] uppercase module names should fail (strict lowercase only) [0.39ms]
Test on bun 20.x (macos-latest)	Run Bun tests	2026-09-16T08:32:56.3207540Z (pass) [mjs module] Universal built-in modules in browser > [mjs module] all browser tests should pass [0.42ms]
Test on bun 20.x (macos-latest)	Run Bun tests	2026-09-16T08:32:56.8214010Z 
Test on bun 20.x (macos-latest)	Run Bun tests	2026-09-16T08:32:56.8328720Z ##[endgroup]
Test on bun 20.x (macos-latest)	Run Bun tests	2026-09-16T08:32:56.8422970Z 
Test on bun 20.x (macos-latest)	Run Bun tests	2026-09-16T08:32:56.8465860Z ##[group]tests/relative-paths-browser.test.mjs:
Test on bun 20.x (macos-latest)	Run Bun tests	2026-09-16T08:32:59.0870110Z (pass) [mjs module] Relative path resolution in browser > [mjs module] ./ path for JS file in same directory should work [0.79ms]
Test on bun 20.x (macos-latest)	Run Bun tests	2026-09-16T08:32:59.0970960Z (pass) [mjs module] Relative path resolution in browser > [mjs module] ./ path for JSON file in same directory should work [0.50ms]
Test on bun 20.x (macos-latest)	Run Bun tests	2026-09-16T08:32:59.1073660Z (pass) [mjs module] Relative path resolution in browser > [mjs module] ../../ path for JS file in parent directory should work [0.42ms]
Test on bun 20.x (macos-latest)	Run Bun tests	2026-09-16T08:32:59.1174880Z (pass) [mjs module] Relative path resolution in browser > [mjs module] ./subfolder/ path for nested JS file should work [0.41ms]
Test on bun 20.x (macos-latest)	Run Bun tests	2026-09-16T08:32:59.1275490Z (pass) [mjs module] Relative path resolution in browser > [mjs module] ./subfolder/ path for nested JSON file should work [0.42ms]
Test on bun 20.x (macos-latest)	Run Bun tests	2026-09-16T08:32:59.1377550Z (pass) [mjs module] Relative path resolution in browser > [mjs module] mixed relative and npm imports should work [0.39ms]
Test on bun 20.x (macos-latest)	Run Bun tests	2026-09-16T08:32:59.1491390Z (pass) [mjs module] Relative path resolution in browser > [mjs module] all relative path browser tests should pass [0.38ms]
Test on bun 20.x (macos-latest)	Run Bun tests	2026-09-16T08:32:59.2237850Z 
Test on bun 20.x (macos-latest)	Run Bun tests	2026-09-16T08:32:59.2339110Z ##[endgroup]
Test on bun 20.x (macos-latest)	Run Bun tests	2026-09-16T08:32:59.2408120Z 
Test on bun 20.x (macos-latest)	Run Bun tests	2026-09-16T08:32:59.2509160Z ##[group]tests/builtin-nodejs.test.mjs:
Test on bun 20.x (macos-latest)	Run Bun tests	2026-09-16T08:32:59.2611670Z (pass) [mjs module] Node.js/Bun-only built-in modules > [mjs module] fs module should work [0.21ms]
Test on bun 20.x (macos-latest)	Run Bun tests	2026-09-16T08:32:59.2713450Z (pass) [mjs module] Node.js/Bun-only built-in modules > [mjs module] path module should work [0.10ms]
Test on bun 20.x (macos-latest)	Run Bun tests	2026-09-16T08:32:59.2822290Z (pass) [mjs module] Node.js/Bun-only built-in modules > [mjs module] os module should work [0.14ms]
Test on bun 20.x (macos-latest)	Run Bun tests	2026-09-16T08:32:59.2838590Z (pass) [mjs module] Node.js/Bun-only built-in modules > [mjs module] util module should work [0.15ms]
Test on bun 20.x (macos-latest)	Run Bun tests	2026-09-16T08:32:59.2840630Z (pass) [mjs module] Node.js/Bun-only built-in modules > [mjs module] events module should work [0.10ms]
Test on bun 20.x (macos-latest)	Run Bun tests	2026-09-16T08:32:59.2842220Z (pass) [mjs module] Node.js/Bun-only built-in modules > [mjs module] stream module should work [0.05ms]
Test on bun 20.x (macos-latest)	Run Bun tests	2026-09-16T08:32:59.2843230Z (pass) [mjs module] Node.js/Bun-only built-in modules > [mjs module] buffer module should work [0.06ms]
Test on bun 20.x (macos-latest)	Run Bun tests	2026-09-16T08:32:59.2945460Z (pass) [mjs module] Node.js/Bun-only built-in modules > [mjs module] process module should work [0.08ms]
Test on bun 20.x (macos-latest)	Run Bun tests	2026-09-16T08:32:59.3071340Z (pass) [mjs module] Node.js/Bun-only built-in modules > [mjs module] child_process module should work [0.05ms]
Test on bun 20.x (macos-latest)	Run Bun tests	2026-09-16T08:32:59.3197080Z (pass) [mjs module] Node.js/Bun-only built-in modules > [mjs module] http module should work [0.04ms]
Test on bun 20.x (macos-latest)	Run Bun tests	2026-09-16T08:32:59.3298900Z (pass) [mjs module] Node.js/Bun-only built-in modules > [mjs module] https module should work [0.04ms]
Test on bun 20.x (macos-latest)	Run Bun tests	2026-09-16T08:32:59.3401760Z (pass) [mjs module] Node.js/Bun-only built-in modules > [mjs module] net module should work [0.05ms]
Test on bun 20.x (macos-latest)	Run Bun tests	2026-09-16T08:32:59.3503610Z (pass) [mjs module] Node.js/Bun-only built-in modules > [mjs module] dns module should work [0.07ms]
Test on bun 20.x (macos-latest)	Run Bun tests	2026-09-16T08:32:59.3605580Z (pass) [mjs module] Node.js/Bun-only built-in modules > [mjs module] zlib module should work [0.06ms]
Test on bun 20.x (macos-latest)	Run Bun tests	2026-09-16T08:32:59.3637800Z (pass) [mjs module] Node.js/Bun-only built-in modules > [mjs module] querystring module should work [0.07ms]
Test on bun 20.x (macos-latest)	Run Bun tests	2026-09-16T08:32:59.3665770Z (pass) [mjs module] Node.js/Bun-only built-in modules > [mjs module] assert module should work [0.14ms]
Test on bun 20.x (macos-latest)	Run Bun tests	2026-09-16T08:32:59.3671690Z (pass) [mjs module] Node.js/Bun-only built-in modules > [mjs module] all modules should work with node: prefix [0.09ms]
Test on bun 20.x (macos-latest)	Run Bun tests	2026-09-16T08:32:59.3673130Z 
Test on bun 20.x (macos-latest)	Run Bun tests	2026-09-16T08:32:59.3674280Z ##[endgroup]
Test on bun 20.x (macos-latest)	Run Bun tests	2026-09-16T08:32:59.3674740Z 
Test on bun 20.x (macos-latest)	Run Bun tests	2026-09-16T08:32:59.3675240Z ##[group]tests/resolvers.test.mjs:
Test on bun 20.x (macos-latest)	Run Bun tests	2026-09-16T08:32:59.3991030Z (pass) [mjs module] resolvers tests > [mjs module] npm resolver resolves package path [163.48ms]
Test on bun 20.x (macos-latest)	Run Bun tests	2026-09-16T08:33:00.4024290Z (pass) [mjs module] resolvers tests > [mjs module] npm resolver resolves scoped package path for @octokit/core@6.1.5 [1011.19ms]
Test on bun 20.x (macos-latest)	Run Bun tests	2026-09-16T08:33:03.2213080Z (pass) [mjs module] resolvers tests > [mjs module] npm resolver resolves package path with version [2819.01ms]
Test on bun 20.x (macos-latest)	Run Bun tests	2026-09-16T08:33:03.9695740Z (pass) [mjs module] resolvers tests > [mjs module] npm resolver resolves yargs/helpers [748.30ms]
Test on bun 20.x (macos-latest)	Run Bun tests	2026-09-16T08:33:04.4899370Z (pass) [mjs module] resolvers tests > [mjs module] npm resolver resolves yargs@18.0.0/helpers [520.26ms]
Test on bun 20.x (macos-latest)	Run Bun tests	2026-09-16T08:33:05.1525340Z (pass) [mjs module] resolvers tests > [mjs module] npm resolver resolves yargs@latest/helpers [662.67ms]
Test on bun 20.x (macos-latest)	Run Bun tests	2026-09-16T08:33:05.1627630Z (pass) [mjs module] resolvers tests > [mjs module] skypack resolver resolves URL [0.30ms]
Test on bun 20.x (macos-latest)	Run Bun tests	2026-09-16T08:33:05.1729370Z (pass) [mjs module] resolvers tests > [mjs module] skypack resolver resolves subpath [0.07ms]
Test on bun 20.x (macos-latest)	Run Bun tests	2026-09-16T08:33:05.1771470Z (pass) [mjs module] resolvers tests > [mjs module] jsdelivr resolver resolves URL [0.17ms]
Test on bun 20.x (macos-latest)	Run Bun tests	2026-09-16T08:33:05.1772410Z (pass) [mjs module] resolvers tests > [mjs module] jsdelivr resolver resolves subpath [0.08ms]
Test on bun 20.x (macos-latest)	Run Bun tests	2026-09-16T08:33:05.1790440Z (pass) [mjs module] resolvers tests > [mjs module] unpkg resolver resolves URL [0.13ms]
Test on bun 20.x (macos-latest)	Run Bun tests	2026-09-16T08:33:05.1818810Z (pass) [mjs module] resolvers tests > [mjs module] unpkg resolver resolves subpath [0.07ms]
Test on bun 20.x (macos-latest)	Run Bun tests	2026-09-16T08:33:05.1893260Z (pass) [mjs module] resolvers tests > [mjs module] esm resolver resolves URL [0.07ms]
Test on bun 20.x (macos-latest)	Run Bun tests	2026-09-16T08:33:05.1894540Z (pass) [mjs module] resolvers tests > [mjs module] esm resolver resolves subpath [0.06ms]
Test on bun 20.x (macos-latest)	Run Bun tests	2026-09-16T08:33:05.1896570Z (pass) [mjs module] resolvers tests > [mjs module] jspm resolver resolves URL [0.09ms]
Test on bun 20.x (macos-latest)	Run Bun tests	2026-09-16T08:33:05.1897480Z (pass) [mjs module] resolvers tests > [mjs module] jspm resolver resolves subpath [0.08ms]
Test on bun 20.x (macos-latest)	Run Bun tests	2026-09-16T08:33:05.4330910Z (pass) [mjs module] resolvers tests > [mjs module] bun resolver resolves package path [279.24ms]
Test on bun 20.x (macos-latest)	Run Bun tests	2026-09-16T08:33:05.7698600Z (pass) [mjs module] resolvers tests > [mjs module] bun resolver resolves scoped package path for @octokit/core@6.1.5 [336.62ms]
Test on bun 20.x (macos-latest)	Run Bun tests	2026-09-16T08:33:06.0825030Z (pass) [mjs module] resolvers tests > [mjs module] bun resolver resolves yargs/helpers [312.75ms]
Test on bun 20.x (macos-latest)	Run Bun tests	2026-09-16T08:33:06.2394830Z (pass) [mjs module] resolvers tests > [mjs module] bun resolver resolves yargs@latest/helpers [156.99ms]
Test on bun 20.x (macos-latest)	Run Bun tests	2026-09-16T08:33:06.2397320Z 
Test on bun 20.x (macos-latest)	Run Bun tests	2026-09-16T08:33:06.2398170Z ##[endgroup]
Test on bun 20.x (macos-latest)	Run Bun tests	2026-09-16T08:33:06.2398400Z 
Test on bun 20.x (macos-latest)	Run Bun tests	2026-09-16T08:33:06.2398700Z ##[group]tests/module-specifier.test.cjs:
Test on bun 20.x (macos-latest)	Run Bun tests	2026-09-16T08:33:06.2470250Z (pass) [cjs module] parseModuleSpecifier > [cjs module] parses package with name and version [0.63ms]
Test on bun 20.x (macos-latest)	Run Bun tests	2026-09-16T08:33:06.2471870Z (pass) [cjs module] parseModuleSpecifier > [cjs module] parses scoped package with name and version [0.04ms]
Test on bun 20.x (macos-latest)	Run Bun tests	2026-09-16T08:33:06.2472690Z (pass) [cjs module] parseModuleSpecifier > [cjs module] parses package with name, version, and inner path [0.01ms]
Test on bun 20.x (macos-latest)	Run Bun tests	2026-09-16T08:33:06.2473840Z (pass) [cjs module] parseModuleSpecifier > [cjs module] parses package with name, version, and inner path with latest
Test on bun 20.x (macos-latest)	Run Bun tests	2026-09-16T08:33:06.2475030Z (pass) [cjs module] parseModuleSpecifier > [cjs module] parses scoped package with name, version, and inner path
Test on bun 20.x (macos-latest)	Run Bun tests	2026-09-16T08:33:06.2475800Z (pass) [cjs module] parseModuleSpecifier > [cjs module] parses package with name only [0.02ms]
Test on bun 20.x (macos-latest)	Run Bun tests	2026-09-16T08:33:06.2476470Z (pass) [cjs module] parseModuleSpecifier > [cjs module] parses scoped package with name only
Test on bun 20.x (macos-latest)	Run Bun tests	2026-09-16T08:33:06.2477140Z (pass) [cjs module] parseModuleSpecifier > [cjs module] parses yargs@17.7.2/helpers [0.01ms]
Test on bun 20.x (macos-latest)	Run Bun tests	2026-09-16T08:33:06.2477760Z (pass) [cjs module] parseModuleSpecifier > [cjs module] parses yargs@latest/helpers
Test on bun 20.x (macos-latest)	Run Bun tests	2026-09-16T08:33:06.2478320Z (pass) [cjs module] parseModuleSpecifier > [cjs module] parses yargs/helpers [0.01ms]
Test on bun 20.x (macos-latest)	Run Bun tests	2026-09-16T08:33:06.2478980Z (pass) [cjs module] parseModuleSpecifier > [cjs module] throws error for invalid package identifier [0.04ms]
Test on bun 20.x (macos-latest)	Run Bun tests	2026-09-16T08:33:06.2479320Z 
Test on bun 20.x (macos-latest)	Run Bun tests	2026-09-16T08:33:06.2479660Z ##[endgroup]
Test on bun 20.x (macos-latest)	Run Bun tests	2026-09-16T08:33:06.2479750Z 
Test on bun 20.x (macos-latest)	Run Bun tests	2026-09-16T08:33:06.2479950Z ##[group]tests/load.test.cjs:
Test on bun 20.x (macos-latest)	Run Bun tests	2026-09-16T08:33:06.2507370Z (pass) [cjs module] looksLikeUseModule > [cjs module] accepts the real shipped use.js [1.22ms]
Test on bun 20.x (macos-latest)	Run Bun tests	2026-09-16T08:33:06.2508150Z (pass) [cjs module] looksLikeUseModule > [cjs module] accepts a long module-like body [0.09ms]
Test on bun 20.x (macos-latest)	Run Bun tests	2026-09-16T08:33:06.2508970Z (pass) [cjs module] looksLikeUseModule > [cjs module] rejects common CDN plain-text error bodies [0.05ms]
Test on bun 20.x (macos-latest)	Run Bun tests	2026-09-16T08:33:06.2509700Z (pass) [cjs module] looksLikeUseModule > [cjs module] rejects HTML error pages [0.01ms]
Test on bun 20.x (macos-latest)	Run Bun tests	2026-09-16T08:33:06.2510430Z (pass) [cjs module] looksLikeUseModule > [cjs module] rejects empty, whitespace, short, and non-string input [0.02ms]
Test on bun 20.x (macos-latest)	Run Bun tests	2026-09-16T08:33:06.2511180Z (pass) [cjs module] DEFAULT_SOURCES > [cjs module] lists unpkg, jsDelivr and esm.sh in priority order [0.01ms]
Test on bun 20.x (macos-latest)	Run Bun tests	2026-09-16T08:33:06.2530230Z (pass) [cjs module] loadUseM > [cjs module] resolves the use object from the first working source [2.13ms]
Test on bun 20.x (macos-latest)	Run Bun tests	2026-09-16T08:33:06.2569440Z (pass) [cjs module] loadUseM > [cjs module] evaluates the real shipped use.js into a working module [3.91ms]
Test on bun 20.x (macos-latest)	Run Bun tests	2026-09-16T08:33:06.2574990Z (pass) [cjs module] loadUseM > [cjs module] falls back to a later mirror when earlier ones fail [0.58ms]
Test on bun 20.x (macos-latest)	Run Bun tests	2026-09-16T08:33:06.2576170Z (pass) [cjs module] loadUseM > [cjs module] retries a flaky source before succeeding [0.13ms]
Test on bun 20.x (macos-latest)	Run Bun tests	2026-09-16T08:33:06.2585700Z (pass) [cjs module] loadUseM > [cjs module] throws a clear aggregated error (not SyntaxError) when every source fails [0.89ms]
Test on bun 20.x (macos-latest)	Run Bun tests	2026-09-16T08:33:06.2586590Z (pass) [cjs module] loadUseM > [cjs module] surfaces the HTTP status for non-ok responses [0.12ms]
Test on bun 20.x (macos-latest)	Run Bun tests	2026-09-16T08:33:06.2587420Z (pass) [cjs module] loadUseM > [cjs module] rejects when the evaluated module lacks a use function [0.10ms]
Test on bun 20.x (macos-latest)	Run Bun tests	2026-09-16T08:33:06.2588770Z (pass) [cjs module] loadUseM > [cjs module] does not let eval errors from a malformed body escape [0.14ms]
Test on bun 20.x (macos-latest)	Run Bun tests	2026-09-16T08:33:06.2589590Z (pass) [cjs module] loadUseM > [cjs module] reports a clear error when fetch is unavailable [0.06ms]
Test on bun 20.x (macos-latest)	Run Bun tests	2026-09-16T08:33:06.2590320Z (pass) [cjs module] loadUseM > [cjs module] honors a custom evaluate hook [0.08ms]
Test on bun 20.x (macos-latest)	Run Bun tests	2026-09-16T08:33:06.3126720Z (pass) [cjs module] loadUseM > [cjs module] times out a hanging request and reports it [53.38ms]
Test on bun 20.x (macos-latest)	Run Bun tests	2026-09-16T08:33:06.3127670Z 
Test on bun 20.x (macos-latest)	Run Bun tests	2026-09-16T08:33:06.3128330Z ##[endgroup]
Test on bun 20.x (macos-latest)	Run Bun tests	2026-09-16T08:33:06.3128570Z 
Test on bun 20.x (macos-latest)	Run Bun tests	2026-09-16T08:33:06.3129180Z ##[group]tests/esm-sh-polyfill-browser.test.mjs:
Test on bun 20.x (macos-latest)	Run Bun tests	2026-09-16T08:33:08.5628320Z (pass) [mjs module] esm.sh browser polyfill handling > [mjs module] process and filename browser shims still use CDN resolver [0.54ms]
Test on bun 20.x (macos-latest)	Run Bun tests	2026-09-16T08:33:08.7077930Z 
Test on bun 20.x (macos-latest)	Run Bun tests	2026-09-16T08:33:08.7080850Z ##[endgroup]
Test on bun 20.x (macos-latest)	Run Bun tests	2026-09-16T08:33:08.7081390Z 
Test on bun 20.x (macos-latest)	Run Bun tests	2026-09-16T08:33:08.7081790Z ##[group]tests/resolvers.test.cjs:
Test on bun 20.x (macos-latest)	Run Bun tests	2026-09-16T08:33:08.8733430Z (pass) [cjs module] resolvers tests > [cjs module] npm resolver resolves package path [164.22ms]
Test on bun 20.x (macos-latest)	Run Bun tests	2026-09-16T08:33:09.0288960Z (pass) [cjs module] resolvers tests > [cjs module] npm resolver resolves scoped package path for @octokit/core@6.1.5 [148.84ms]
Test on bun 20.x (macos-latest)	Run Bun tests	2026-09-16T08:33:11.2921640Z (pass) [cjs module] resolvers tests > [cjs module] npm resolver resolves package path with version [2269.90ms]
Test on bun 20.x (macos-latest)	Run Bun tests	2026-09-16T08:33:11.4478960Z (pass) [cjs module] resolvers tests > [cjs module] npm resolver resolves yargs/helpers [147.83ms]
Test on bun 20.x (macos-latest)	Run Bun tests	2026-09-16T08:33:11.5962560Z (pass) [cjs module] resolvers tests > [cjs module] npm resolver resolves yargs@18.0.0/helpers [151.73ms]
Test on bun 20.x (macos-latest)	Run Bun tests	2026-09-16T08:33:12.1894070Z (pass) [cjs module] resolvers tests > [cjs module] npm resolver resolves yargs@latest/helpers [597.57ms]
Test on bun 20.x (macos-latest)	Run Bun tests	2026-09-16T08:33:12.1996300Z (pass) [cjs module] resolvers tests > [cjs module] skypack resolver resolves URL [0.22ms]
Test on bun 20.x (macos-latest)	Run Bun tests	2026-09-16T08:33:12.1998160Z (pass) [cjs module] resolvers tests > [cjs module] skypack resolver resolves subpath [0.03ms]
Test on bun 20.x (macos-latest)	Run Bun tests	2026-09-16T08:33:12.1998920Z (pass) [cjs module] resolvers tests > [cjs module] jsdelivr resolver resolves URL [0.07ms]
Test on bun 20.x (macos-latest)	Run Bun tests	2026-09-16T08:33:12.1999660Z (pass) [cjs module] resolvers tests > [cjs module] jsdelivr resolver resolves subpath [0.03ms]
Test on bun 20.x (macos-latest)	Run Bun tests	2026-09-16T08:33:12.2001070Z (pass) [cjs module] resolvers tests > [cjs module] unpkg resolver resolves URL [0.04ms]
Test on bun 20.x (macos-latest)	Run Bun tests	2026-09-16T08:33:12.2001790Z (pass) [cjs module] resolvers tests > [cjs module] unpkg resolver resolves subpath [0.02ms]
Test on bun 20.x (macos-latest)	Run Bun tests	2026-09-16T08:33:12.2002460Z (pass) [cjs module] resolvers tests > [cjs module] esm resolver resolves URL [0.03ms]
Test on bun 20.x (macos-latest)	Run Bun tests	2026-09-16T08:33:12.2035830Z (pass) [cjs module] resolvers tests > [cjs module] esm resolver resolves subpath [0.02ms]
Test on bun 20.x (macos-latest)	Run Bun tests	2026-09-16T08:33:12.2036620Z (pass) [cjs module] resolvers tests > [cjs module] jspm resolver resolves URL [0.03ms]
Test on bun 20.x (macos-latest)	Run Bun tests	2026-09-16T08:33:12.2037320Z (pass) [cjs module] resolvers tests > [cjs module] jspm resolver resolves subpath [0.02ms]
Test on bun 20.x (macos-latest)	Run Bun tests	2026-09-16T08:33:12.2069270Z (pass) [cjs module] resolvers tests > [cjs module] bun resolver resolves package path [17.05ms]
Test on bun 20.x (macos-latest)	Run Bun tests	2026-09-16T08:33:12.2221200Z (pass) [cjs module] resolvers tests > [cjs module] bun resolver resolves yargs/helpers [13.71ms]
Test on bun 20.x (macos-latest)	Run Bun tests	2026-09-16T08:33:12.2505700Z (pass) [cjs module] resolvers tests > [cjs module] bun resolver resolves yargs@latest/helpers [29.82ms]
Test on bun 20.x (macos-latest)	Run Bun tests	2026-09-16T08:33:12.2506930Z 
Test on bun 20.x (macos-latest)	Run Bun tests	2026-09-16T08:33:12.2507430Z ##[endgroup]
Test on bun 20.x (macos-latest)	Run Bun tests	2026-09-16T08:33:12.2507560Z 
Test on bun 20.x (macos-latest)	Run Bun tests	2026-09-16T08:33:12.2507790Z ##[group]tests/loader.test.mjs:
Test on bun 20.x (macos-latest)	Run Bun tests	2026-09-16T08:33:12.2526150Z (pass) [mjs module] loader resolve hook > [mjs module] returns the default resolver's result when it succeeds [0.42ms]
Test on bun 20.x (macos-latest)	Run Bun tests	2026-09-16T08:33:12.3817410Z (pass) [mjs module] loader resolve hook > [mjs module] falls back to the npm resolver when the default resolver throws [129.15ms]
Test on bun 20.x (macos-latest)	Run Bun tests	2026-09-16T08:33:12.7573230Z (pass) [mjs module] loader resolve hook > [mjs module] surfaces a clear aggregated error when BOTH resolvers fail [371.30ms]
Test on bun 20.x (macos-latest)	Run Bun tests	2026-09-16T08:33:12.7672940Z 
Test on bun 20.x (macos-latest)	Run Bun tests	2026-09-16T08:33:12.7690960Z ##[endgroup]
Test on bun 20.x (macos-latest)	Run Bun tests	2026-09-16T08:33:12.7691390Z 
Test on bun 20.x (macos-latest)	Run Bun tests	2026-09-16T08:33:12.7691930Z ##[group]tests/module-specifier.test.mjs:
Test on bun 20.x (macos-latest)	Run Bun tests	2026-09-16T08:33:12.7702990Z (pass) [mjs module] parseModuleSpecifier > [mjs module] parses package with name and version [0.04ms]
Test on bun 20.x (macos-latest)	Run Bun tests	2026-09-16T08:33:12.7703730Z (pass) [mjs module] parseModuleSpecifier > [mjs module] parses scoped package with name and version [0.01ms]
Test on bun 20.x (macos-latest)	Run Bun tests	2026-09-16T08:33:12.7704440Z (pass) [mjs module] parseModuleSpecifier > [mjs module] parses package with name, version, and inner path
Test on bun 20.x (macos-latest)	Run Bun tests	2026-09-16T08:33:12.7705180Z (pass) [mjs module] parseModuleSpecifier > [mjs module] parses package with name, version, and inner path with latest
Test on bun 20.x (macos-latest)	Run Bun tests	2026-09-16T08:33:12.7705970Z (pass) [mjs module] parseModuleSpecifier > [mjs module] parses scoped package with name, version, and inner path [0.01ms]
Test on bun 20.x (macos-latest)	Run Bun tests	2026-09-16T08:33:12.7707140Z (pass) [mjs module] parseModuleSpecifier > [mjs module] parses package with name only
Test on bun 20.x (macos-latest)	Run Bun tests	2026-09-16T08:33:12.7707740Z (pass) [mjs module] parseModuleSpecifier > [mjs module] parses scoped package with name only
Test on bun 20.x (macos-latest)	Run Bun tests	2026-09-16T08:33:12.7708340Z (pass) [mjs module] parseModuleSpecifier > [mjs module] parses yargs@17.7.2/helpers
Test on bun 20.x (macos-latest)	Run Bun tests	2026-09-16T08:33:12.7709200Z (pass) [mjs module] parseModuleSpecifier > [mjs module] parses yargs@latest/helpers
Test on bun 20.x (macos-latest)	Run Bun tests	2026-09-16T08:33:12.7709720Z (pass) [mjs module] parseModuleSpecifier > [mjs module] parses yargs/helpers
Test on bun 20.x (macos-latest)	Run Bun tests	2026-09-16T08:33:12.7710450Z (pass) [mjs module] parseModuleSpecifier > [mjs module] throws error for invalid package identifier [0.03ms]
Test on bun 20.x (macos-latest)	Run Bun tests	2026-09-16T08:33:12.7710780Z 
Test on bun 20.x (macos-latest)	Run Bun tests	2026-09-16T08:33:12.7711010Z ##[endgroup]
Test on bun 20.x (macos-latest)	Run Bun tests	2026-09-16T08:33:12.7711100Z 
Test on bun 20.x (macos-latest)	Run Bun tests	2026-09-16T08:33:12.7711280Z ##[group]tests/load.test.mjs:
Test on bun 20.x (macos-latest)	Run Bun tests	2026-09-16T08:33:12.7711740Z (pass) [mjs module] looksLikeUseModule > [mjs module] accepts the real shipped use.js [0.33ms]
Test on bun 20.x (macos-latest)	Run Bun tests	2026-09-16T08:33:12.7712370Z (pass) [mjs module] looksLikeUseModule > [mjs module] accepts a long module-like body [0.01ms]
Test on bun 20.x (macos-latest)	Run Bun tests	2026-09-16T08:33:12.7713150Z (pass) [mjs module] looksLikeUseModule > [mjs module] rejects common CDN plain-text error bodies [0.04ms]
Test on bun 20.x (macos-latest)	Run Bun tests	2026-09-16T08:33:12.7713770Z (pass) [mjs module] looksLikeUseModule > [mjs module] rejects HTML error pages [0.01ms]
Test on bun 20.x (macos-latest)	Run Bun tests	2026-09-16T08:33:12.7714470Z (pass) [mjs module] looksLikeUseModule > [mjs module] rejects empty, whitespace, short, and non-string input [0.02ms]
Test on bun 20.x (macos-latest)	Run Bun tests	2026-09-16T08:33:12.7715200Z (pass) [mjs module] DEFAULT_SOURCES > [mjs module] lists unpkg, jsDelivr and esm.sh in priority order [0.01ms]
Test on bun 20.x (macos-latest)	Run Bun tests	2026-09-16T08:33:12.7715890Z (pass) [mjs module] loadUseM > [mjs module] resolves the use object from the first working source [0.45ms]
Test on bun 20.x (macos-latest)	Run Bun tests	2026-09-16T08:33:12.7716580Z (pass) [mjs module] loadUseM > [mjs module] evaluates the real shipped use.js into a working module [1.95ms]
Test on bun 20.x (macos-latest)	Run Bun tests	2026-09-16T08:33:12.7717260Z (pass) [mjs module] loadUseM > [mjs module] falls back to a later mirror when earlier ones fail [0.34ms]
Test on bun 20.x (macos-latest)	Run Bun tests	2026-09-16T08:33:12.7717880Z (pass) [mjs module] loadUseM > [mjs module] retries a flaky source before succeeding [0.19ms]
Test on bun 20.x (macos-latest)	Run Bun tests	2026-09-16T08:33:12.7718710Z (pass) [mjs module] loadUseM > [mjs module] throws a clear aggregated error (not SyntaxError) when every source fails [0.43ms]
Test on bun 20.x (macos-latest)	Run Bun tests	2026-09-16T08:33:12.7719410Z (pass) [mjs module] loadUseM > [mjs module] surfaces the HTTP status for non-ok responses [0.09ms]
Test on bun 20.x (macos-latest)	Run Bun tests	2026-09-16T08:33:12.7720070Z (pass) [mjs module] loadUseM > [mjs module] rejects when the evaluated module lacks a use function [0.09ms]
Test on bun 20.x (macos-latest)	Run Bun tests	2026-09-16T08:33:12.7720770Z (pass) [mjs module] loadUseM > [mjs module] does not let eval errors from a malformed body escape [0.13ms]
Test on bun 20.x (macos-latest)	Run Bun tests	2026-09-16T08:33:12.7721600Z (pass) [mjs module] loadUseM > [mjs module] reports a clear error when fetch is unavailable [0.06ms]
Test on bun 20.x (macos-latest)	Run Bun tests	2026-09-16T08:33:12.7722180Z (pass) [mjs module] loadUseM > [mjs module] honors a custom evaluate hook [0.05ms]
Test on bun 20.x (macos-latest)	Run Bun tests	2026-09-16T08:33:12.8190240Z (pass) [mjs module] loadUseM > [mjs module] times out a hanging request and reports it [57.07ms]
Test on bun 20.x (macos-latest)	Run Bun tests	2026-09-16T08:33:12.8190640Z 
Test on bun 20.x (macos-latest)	Run Bun tests	2026-09-16T08:33:12.8190920Z ##[endgroup]
Test on bun 20.x (macos-latest)	Run Bun tests	2026-09-16T08:33:12.8191010Z 
Test on bun 20.x (macos-latest)	Run Bun tests	2026-09-16T08:33:12.8191210Z ##[group]tests/lodash.test.cjs:
Test on bun 20.x (macos-latest)	Run Bun tests	2026-09-16T08:33:13.1540190Z (pass) [cjs module] 'lodash' imports tests > [cjs module] npm: lodash [334.35ms]
Test on bun 20.x (macos-latest)	Run Bun tests	2026-09-16T08:33:13.1767480Z (pass) [cjs module] 'lodash' imports tests > [cjs module] npm: lodash@latest [22.62ms]
Test on bun 20.x (macos-latest)	Run Bun tests	2026-09-16T08:33:13.1991340Z (pass) [cjs module] 'lodash' imports tests > [cjs module] npm: lodash@ [22.50ms]
Test on bun 20.x (macos-latest)	Run Bun tests	2026-09-16T08:33:13.2222690Z (pass) [cjs module] 'lodash' imports tests > [cjs module] npm: lodash@4.17.21 [23.02ms]
Test on bun 20.x (macos-latest)	Run Bun tests	2026-09-16T08:33:13.2398650Z (pass) [cjs module] 'lodash' imports tests > [cjs module] npm: lodash@4.17.21/add [17.54ms]
Test on bun 20.x (macos-latest)	Run Bun tests	2026-09-16T08:33:13.2498070Z (pass) [cjs module] 'lodash' imports tests > [cjs module] npm: lodash@4.17.21/add.js [10.03ms]
Test on bun 20.x (macos-latest)	Run Bun tests	2026-09-16T08:33:13.2600370Z (pass) [cjs module] 'lodash' imports tests > [cjs module] npm: lodash@4.17.21/not-found.js [10.16ms]
Test on bun 20.x (macos-latest)	Run Bun tests	2026-09-16T08:33:13.2601210Z 
Test on bun 20.x (macos-latest)	Run Bun tests	2026-09-16T08:33:13.2601520Z ##[endgroup]
Test on bun 20.x (macos-latest)	Run Bun tests	2026-09-16T08:33:13.2601620Z 
Test on bun 20.x (macos-latest)	Run Bun tests	2026-09-16T08:33:13.2601840Z ##[group]tests/filename.test.cjs:
Test on bun 20.x (macos-latest)	Run Bun tests	2026-09-16T08:33:13.2618060Z (pass) [cjs module] scriptPath detection in CJS (functional) > [cjs module] default pathResolver resolves modules relative to this test file [0.18ms]
Test on bun 20.x (macos-latest)	Run Bun tests	2026-09-16T08:33:13.2624630Z (pass) [cjs module] scriptPath detection in CJS (functional) > [cjs module] override scriptPath does not change pathResolver behavior [0.65ms]
Test on bun 20.x (macos-latest)	Run Bun tests	2026-09-16T08:33:13.2627500Z (pass) [cjs module] scriptPath detection in CJS (fallback) > [cjs module] fallback default resolves modules relative to this test file [0.10ms]
Test on bun 20.x (macos-latest)	Run Bun tests	2026-09-16T08:33:13.2630320Z (pass) [cjs module] scriptPath detection in CJS (fallback) > [cjs module] fallback override scriptPath does not change pathResolver behavior [0.08ms]
Test on bun 20.x (macos-latest)	Run Bun tests	2026-09-16T08:33:13.2633140Z (pass) [cjs module] scriptPath detection in CJS (fallback) > [cjs module] fallback meta override does not change pathResolver behavior [0.08ms]
Test on bun 20.x (macos-latest)	Run Bun tests	2026-09-16T08:33:13.2635720Z (pass) [cjs module] scriptPath detection in CJS (meta URL) > [cjs module] meta override with use.js URL resolves relative to use.js [0.09ms]
Test on bun 20.x (macos-latest)	Run Bun tests	2026-09-16T08:33:13.2636830Z 
Test on bun 20.x (macos-latest)	Run Bun tests	2026-09-16T08:33:13.2637460Z ##[endgroup]
Test on bun 20.x (macos-latest)	Run Bun tests	2026-09-16T08:33:13.2637700Z 
Test on bun 20.x (macos-latest)	Run Bun tests	2026-09-16T08:33:13.2638400Z ##[group]tests/get-script-url.test.mjs:
Test on bun 20.x (macos-latest)	Run Bun tests	2026-09-16T08:33:13.2639900Z (pass) [mjs module] import.meta.url workaround > [mjs module] scriptUrl matches import.meta.url [0.14ms]
Test on bun 20.x (macos-latest)	Run Bun tests	2026-09-16T08:33:13.2641930Z (pass) [mjs module] import.meta.url workaround > [mjs module] scriptUrl matches import.meta.url in eval [0.07ms]
Test on bun 20.x (macos-latest)	Run Bun tests	2026-09-16T08:33:13.2642860Z 
Test on bun 20.x (macos-latest)	Run Bun tests	2026-09-16T08:33:13.2643660Z ##[endgroup]
Test on bun 20.x (macos-latest)	Run Bun tests	2026-09-16T08:33:13.2643850Z 
Test on bun 20.x (macos-latest)	Run Bun tests	2026-09-16T08:33:13.2644090Z ##[group]tests/use.test.cjs:
Test on bun 20.x (macos-latest)	Run Bun tests	2026-09-16T08:33:13.2769800Z (pass) [cjs module] 'use' import strategies > [cjs module] Direct CJS Require [10.97ms]
Test on bun 20.x (macos-latest)	Run Bun tests	2026-09-16T08:33:13.2902900Z (pass) [cjs module] 'use' import strategies > [cjs module] Dynamic Import with await import() of CJS [14.67ms]
Test on bun 20.x (macos-latest)	Run Bun tests	2026-09-16T08:33:13.2994260Z (pass) [cjs module] 'use' import strategies > [cjs module] Dynamic Import with await import() of MJS [9.19ms]
Test on bun 20.x (macos-latest)	Run Bun tests	2026-09-16T08:33:13.2995100Z (pass) [cjs module] 'use' import strategies > [cjs module] Universal (then style)
Test on bun 20.x (macos-latest)	Run Bun tests	2026-09-16T08:33:13.2995720Z (pass) [cjs module] 'use' import strategies > [cjs module] Universal (then style, use inside)
Test on bun 20.x (macos-latest)	Run Bun tests	2026-09-16T08:33:13.2996300Z (pass) [cjs module] 'use' import strategies > [cjs module] Universal (eval style)
Test on bun 20.x (macos-latest)	Run Bun tests	2026-09-16T08:33:13.2996850Z (pass) [cjs module] 'use' import strategies > [cjs module] Universal (single then style)
Test on bun 20.x (macos-latest)	Run Bun tests	2026-09-16T08:33:13.5927490Z (pass) [cjs module] 'use' import strategies > [cjs module] use.all [293.28ms]
Test on bun 20.x (macos-latest)	Run Bun tests	2026-09-16T08:33:13.6030410Z (pass) [cjs module] 'use' import strategies > [cjs module] use.all with dynamic import [10.26ms]
Test on bun 20.x (macos-latest)	Run Bun tests	2026-09-16T08:33:13.6031370Z (pass) [cjs module] 'use' import strategies > [cjs module] use.all (script) [0.06ms]
Test on bun 20.x (macos-latest)	Run Bun tests	2026-09-16T08:33:13.6032260Z (pass) [cjs module] 'use' import strategies > [cjs module] Universal (script) @octokit/core@6.1.5
Test on bun 20.x (macos-latest)	Run Bun tests	2026-09-16T08:33:13.6033310Z (pass) [cjs module] 'use' import strategies > [cjs module] Universal (script) @octokit/core@5
Test on bun 20.x (macos-latest)	Run Bun tests	2026-09-16T08:33:13.6036370Z (pass) [cjs module] 'use' import strategies > [cjs module] Universal (script) @octokit/core (latest)
Test on bun 20.x (macos-latest)	Run Bun tests	2026-09-16T08:33:13.7915820Z (pass) [cjs module] 'use' import strategies > [cjs module] @octokit/core (latest) [188.18ms]
Test on bun 20.x (macos-latest)	Run Bun tests	2026-09-16T08:33:13.7925530Z 
Test on bun 20.x (macos-latest)	Run Bun tests	2026-09-16T08:33:13.7930680Z ##[endgroup]
Test on bun 20.x (macos-latest)	Run Bun tests	2026-09-16T08:33:13.7930880Z 
Test on bun 20.x (macos-latest)	Run Bun tests	2026-09-16T08:33:13.7931280Z ##[group]tests/use.test.mjs:
Test on bun 20.x (macos-latest)	Run Bun tests	2026-09-16T08:33:13.8076360Z (pass) [mjs module] 'use' import strategies > [mjs module] Direct ESM Import lodash@4.17.21 [15.29ms]
Test on bun 20.x (macos-latest)	Run Bun tests	2026-09-16T08:33:13.8219680Z (pass) [mjs module] 'use' import strategies > [mjs module] Dynamic ESM Import of CSJ [14.31ms]
Test on bun 20.x (macos-latest)	Run Bun tests	2026-09-16T08:33:13.8332490Z (pass) [mjs module] 'use' import strategies > [mjs module] Dynamic ESM Import of MJS [11.23ms]
Test on bun 20.x (macos-latest)	Run Bun tests	2026-09-16T08:33:13.8335770Z (pass) [mjs module] 'use' import strategies > [mjs module] Universal (then style) [0.03ms]
Test on bun 20.x (macos-latest)	Run Bun tests	2026-09-16T08:33:13.8336510Z (pass) [mjs module] 'use' import strategies > [mjs module] Universal (then style, use inside)
Test on bun 20.x (macos-latest)	Run Bun tests	2026-09-16T08:33:13.8337150Z (pass) [mjs module] 'use' import strategies > [mjs module] Universal (eval style)
Test on bun 20.x (macos-latest)	Run Bun tests	2026-09-16T08:33:13.8338270Z (pass) [mjs module] 'use' import strategies > [mjs module] Universal (single then style)
Test on bun 20.x (macos-latest)	Run Bun tests	2026-09-16T08:33:13.8487300Z (pass) [mjs module] 'use' import strategies > [mjs module] use.all with require [15.47ms]
Test on bun 20.x (macos-latest)	Run Bun tests	2026-09-16T08:33:13.8661280Z (pass) [mjs module] 'use' import strategies > [mjs module] use.all [17.34ms]
Test on bun 20.x (macos-latest)	Run Bun tests	2026-09-16T08:33:13.8663070Z (pass) [mjs module] 'use' import strategies > [mjs module] use.all (script) [0.07ms]
Test on bun 20.x (macos-latest)	Run Bun tests	2026-09-16T08:33:13.8664880Z (pass) [mjs module] 'use' import strategies > [mjs module] Universal (script) @octokit/core@6.1.5 [0.01ms]
Test on bun 20.x (macos-latest)	Run Bun tests	2026-09-16T08:33:13.8666950Z (pass) [mjs module] 'use' import strategies > [mjs module] Universal (script) @octokit/core@5
Test on bun 20.x (macos-latest)	Run Bun tests	2026-09-16T08:33:13.8668690Z (pass) [mjs module] 'use' import strategies > [mjs module] Universal (script) @octokit/core (latest)
Test on bun 20.x (macos-latest)	Run Bun tests	2026-09-16T08:33:13.9058450Z (pass) [mjs module] 'use' import strategies > [mjs module] @octokit/core (latest) [39.59ms]
Test on bun 20.x (macos-latest)	Run Bun tests	2026-09-16T08:33:13.9074480Z 
Test on bun 20.x (macos-latest)	Run Bun tests	2026-09-16T08:33:13.9099440Z ##[endgroup]
Test on bun 20.x (macos-latest)	Run Bun tests	2026-09-16T08:33:13.9136690Z 
Test on bun 20.x (macos-latest)	Run Bun tests	2026-09-16T08:33:13.9145980Z ##[group]tests/lodash.test.mjs:
Test on bun 20.x (macos-latest)	Run Bun tests	2026-09-16T08:33:13.9343260Z (pass) [mjs module] 'lodash' imports tests > [mjs module] npm: lodash [27.43ms]
Test on bun 20.x (macos-latest)	Run Bun tests	2026-09-16T08:33:13.9608880Z (pass) [mjs module] 'lodash' imports tests > [mjs module] npm: lodash@latest [26.53ms]
Test on bun 20.x (macos-latest)	Run Bun tests	2026-09-16T08:33:13.9873380Z (pass) [mjs module] 'lodash' imports tests > [mjs module] npm: lodash@ [26.54ms]
Test on bun 20.x (macos-latest)	Run Bun tests	2026-09-16T08:33:14.0046570Z (pass) [mjs module] 'lodash' imports tests > [mjs module] npm: lodash@4.17.21 [17.32ms]
Test on bun 20.x (macos-latest)	Run Bun tests	2026-09-16T08:33:14.0268950Z (pass) [mjs module] 'lodash' imports tests > [mjs module] npm: lodash@4.17.21/add [22.23ms]
Test on bun 20.x (macos-latest)	Run Bun tests	2026-09-16T08:33:14.0400330Z (pass) [mjs module] 'lodash' imports tests > [mjs module] npm: lodash@4.17.21/add.js [12.93ms]
Test on bun 20.x (macos-latest)	Run Bun tests	2026-09-16T08:33:14.0520800Z (pass) [mjs module] 'lodash' imports tests > [mjs module] npm: lodash@4.17.21/not-found.js [12.24ms]
Test on bun 20.x (macos-latest)	Run Bun tests	2026-09-16T08:33:14.0521280Z 
Test on bun 20.x (macos-latest)	Run Bun tests	2026-09-16T08:33:14.0521600Z ##[endgroup]
Test on bun 20.x (macos-latest)	Run Bun tests	2026-09-16T08:33:14.0521820Z 
Test on bun 20.x (macos-latest)	Run Bun tests	2026-09-16T08:33:14.0522120Z ##[group]tests/filename.test.mjs:
Test on bun 20.x (macos-latest)	Run Bun tests	2026-09-16T08:33:14.0532910Z (pass) [mjs module] scriptPath detection in ESM (functional) > [mjs module] default pathResolver resolves modules relative to use.mjs [0.20ms]
Test on bun 20.x (macos-latest)	Run Bun tests	2026-09-16T08:33:14.0533980Z (pass) [mjs module] scriptPath detection in ESM (functional) > [mjs module] override scriptPath resolves relative to provided path [0.14ms]
Test on bun 20.x (macos-latest)	Run Bun tests	2026-09-16T08:33:14.0535180Z (pass) [mjs module] scriptPath detection in ESM (createRequire fallback) > [mjs module] fallback default resolves modules relative to use.mjs [0.07ms]
Test on bun 20.x (macos-latest)	Run Bun tests	2026-09-16T08:33:14.0536420Z (pass) [mjs module] scriptPath detection in ESM (createRequire fallback) > [mjs module] fallback explicit scriptPath resolves relative to provided path [0.07ms]
Test on bun 20.x (macos-latest)	Run Bun tests	2026-09-16T08:33:14.0537640Z (pass) [mjs module] scriptPath detection in ESM (createRequire fallback) > [mjs module] fallback meta override changes pathResolver behavior in ESM [0.08ms]
Test on bun 20.x (macos-latest)	Run Bun tests	2026-09-16T08:33:14.0538970Z (pass) [mjs module] scriptPath detection in ESM (meta URL) > [mjs module] meta override resolves modules relative to provided meta URL (use.js) [0.07ms]
Test on bun 20.x (macos-latest)	Run Bun tests	2026-09-16T08:33:14.0539420Z 
Test on bun 20.x (macos-latest)	Run Bun tests	2026-09-16T08:33:14.0539690Z ##[endgroup]
Test on bun 20.x (macos-latest)	Run Bun tests	2026-09-16T08:33:14.0539790Z 
Test on bun 20.x (macos-latest)	Run Bun tests	2026-09-16T08:33:14.0539990Z ##[group]tests/get-script-url.test.cjs:
Test on bun 20.x (macos-latest)	Run Bun tests	2026-09-16T08:33:14.0542490Z (pass) [cjs module] __filename workaround > [cjs module] scriptUrl matches __filename as URL [0.09ms]
Test on bun 20.x (macos-latest)	Run Bun tests	2026-09-16T08:33:14.0543290Z (pass) [cjs module] __filename workaround > [cjs module] scriptUrl matches __filename as URL in eval [0.09ms]
Test on bun 20.x (macos-latest)	Run Bun tests	2026-09-16T08:33:14.0543630Z 
Test on bun 20.x (macos-latest)	Run Bun tests	2026-09-16T08:33:14.0543960Z ##[endgroup]
Test on bun 20.x (macos-latest)	Run Bun tests	2026-09-16T08:33:14.0544080Z 
Test on bun 20.x (macos-latest)	Run Bun tests	2026-09-16T08:33:14.0544740Z ##[group]tests/typescript.test.cjs:
Test on bun 20.x (macos-latest)	Run Bun tests	2026-09-16T08:33:14.5700250Z (pass) [cjs module] typescript > [cjs module] use typescript [515.05ms]
Test on bun 20.x (macos-latest)	Run Bun tests	2026-09-16T08:33:14.5700590Z 
Test on bun 20.x (macos-latest)	Run Bun tests	2026-09-16T08:33:14.5700920Z ##[endgroup]
Test on bun 20.x (macos-latest)	Run Bun tests	2026-09-16T08:33:14.5701030Z 
Test on bun 20.x (macos-latest)	Run Bun tests	2026-09-16T08:33:14.5701240Z ##[group]tests/import.test.cjs:
Test on bun 20.x (macos-latest)	Run Bun tests	2026-09-16T08:33:14.5707090Z (pass) [cjs module] dynamic import support > [cjs module] supportsDynamicImport returns true in .cjs file [0.15ms]
Test on bun 20.x (macos-latest)	Run Bun tests	2026-09-16T08:33:14.5708130Z 
Test on bun 20.x (macos-latest)	Run Bun tests	2026-09-16T08:33:14.5708980Z ##[endgroup]
Test on bun 20.x (macos-latest)	Run Bun tests	2026-09-16T08:33:14.5709230Z 
Test on bun 20.x (macos-latest)	Run Bun tests	2026-09-16T08:33:14.5709750Z ##[group]tests/npm-global-prefix.test.cjs:
Test on bun 20.x (macos-latest)	Run Bun tests	2026-09-16T08:33:14.5728540Z (pass) [cjs module] npm global prefix handling > [cjs module] keeps latest and pinned aliases loadable when they share a package binary [0.14ms]
Test on bun 20.x (macos-latest)	Run Bun tests	2026-09-16T08:33:14.5732220Z (pass) [cjs module] npm global prefix handling > [cjs module] never force-installs over an unrelated global executable [0.10ms]
Test on bun 20.x (macos-latest)	Run Bun tests	2026-09-16T08:33:14.5734640Z (pass) [cjs module] npm global prefix handling > [cjs module] redirects installs to use-m cache when npm global root is not writable [0.07ms]
Test on bun 20.x (macos-latest)	Run Bun tests	2026-09-16T08:33:14.5737020Z (pass) [cjs module] npm global prefix handling > [cjs module] keeps the configured npm root when it is writable [0.05ms]
Test on bun 20.x (macos-latest)	Run Bun tests	2026-09-16T08:33:14.5739200Z (pass) [cjs module] npm global prefix handling > [cjs module] respects an explicit npm_config_prefix override [0.08ms]
Test on bun 20.x (macos-latest)	Run Bun tests	2026-09-16T08:33:14.5755820Z (pass) [cjs module] npm global prefix handling > [cjs module] retries transient npm install failures and removes partial aliases [0.09ms]
Test on bun 20.x (macos-latest)	Run Bun tests	2026-09-16T08:33:14.5757090Z (pass) [cjs module] npm global prefix handling > [cjs module] reports captured npm output and cleans up after exhausted retries [0.07ms]
Test on bun 20.x (macos-latest)	Run Bun tests	2026-09-16T08:33:14.5758000Z (pass) [cjs module] npm global prefix handling > [cjs module] gives corrupt-alias cleanup a recursive rm retry budget [0.06ms]
Test on bun 20.x (macos-latest)	Run Bun tests	2026-09-16T08:33:14.5758920Z (pass) [cjs module] npm global prefix handling > [cjs module] repairs a truncated entry point and bypasses the cached syntax failure [0.05ms]
Test on bun 20.x (macos-latest)	Run Bun tests	2026-09-16T08:33:14.5759890Z (pass) [cjs module] npm global prefix handling > [cjs module] repairs an alias missing an internal ESM dependency [0.04ms]
Test on bun 20.x (macos-latest)	Run Bun tests	2026-09-16T08:33:14.5760820Z (pass) [cjs module] npm global prefix handling > [cjs module] repairs an alias with invalid package metadata [0.03ms]
Test on bun 20.x (macos-latest)	Run Bun tests	2026-09-16T08:33:14.5761680Z (pass) [cjs module] npm global prefix handling > [cjs module] repairs an alias whose declared entry point is missing [0.03ms]
Test on bun 20.x (macos-latest)	Run Bun tests	2026-09-16T08:33:14.5762710Z (pass) [cjs module] npm global prefix handling > [cjs module] does not reinstall for an unrelated unwrapped missing-module error [0.03ms]
Test on bun 20.x (macos-latest)	Run Bun tests	2026-09-16T08:33:14.5763680Z (pass) [cjs module] npm global prefix handling > [cjs module] collapses concurrent requests for one package into a single install [0.04ms]
Test on bun 20.x (macos-latest)	Run Bun tests	2026-09-16T08:33:14.5764530Z (pass) [cjs module] npm global prefix handling > [cjs module] keeps a shared failed install retryable [0.06ms]
Test on bun 20.x (macos-latest)	Run Bun tests	2026-09-16T08:33:14.5765530Z (pass) [cjs module] npm global prefix handling > [cjs module] never lets separate processes install one alias at the same time [0.07ms]
Test on bun 20.x (macos-latest)	Run Bun tests	2026-09-16T08:33:14.5766040Z 
Test on bun 20.x (macos-latest)	Run Bun tests	2026-09-16T08:33:14.5766360Z ##[endgroup]
Test on bun 20.x (macos-latest)	Run Bun tests	2026-09-16T08:33:14.5766480Z 
Test on bun 20.x (macos-latest)	Run Bun tests	2026-09-16T08:33:14.5766760Z ##[group]tests/fs-promises.test.mjs:
Test on bun 20.x (macos-latest)	Run Bun tests	2026-09-16T08:33:14.5767480Z (pass) mjs module fs/promises support > mjs module fs/promises should return promise-based functions [0.35ms]
Test on bun 20.x (macos-latest)	Run Bun tests	2026-09-16T08:33:14.5768820Z (pass) mjs module fs/promises support > mjs module fs/promises should work functionally [1.71ms]
Test on bun 20.x (macos-latest)	Run Bun tests	2026-09-16T08:33:14.5771720Z (pass) mjs module fs/promises support > mjs module fs/promises should expose every function the runtime ships [0.28ms]
Test on bun 20.x (macos-latest)	Run Bun tests	2026-09-16T08:33:14.5783670Z (pass) mjs module fs/promises support > mjs module fs/promises should forward arguments beyond the declared arity [1.12ms]
Test on bun 20.x (macos-latest)	Run Bun tests	2026-09-16T08:33:14.5787110Z (pass) mjs module fs/promises support > mjs module fs/promises should differ from regular fs [0.35ms]
Test on bun 20.x (macos-latest)	Run Bun tests	2026-09-16T08:33:14.5788690Z (pass) mjs module fs/promises support > mjs module fs/promises should report the same arity on every runtime [0.21ms]
Test on bun 20.x (macos-latest)	Run Bun tests	2026-09-16T08:33:14.5790580Z (pass) mjs module fs/promises support > mjs module every rebuilt fs/promises function should be a named async function [0.19ms]
Test on bun 20.x (macos-latest)	Run Bun tests	2026-09-16T08:33:14.5791660Z (pass) mjs module fs/promises support > mjs module fs/promises watch should be the runtime's promise watcher, not fs.watch [0.10ms]
Test on bun 20.x (macos-latest)	Run Bun tests	2026-09-16T08:33:14.5828970Z (pass) mjs module fs/promises support > mjs module rebuilt fs/promises functions should work end to end [3.54ms]
Test on bun 20.x (macos-latest)	Run Bun tests	2026-09-16T08:33:14.5829470Z 
Test on bun 20.x (macos-latest)	Run Bun tests	2026-09-16T08:33:14.5829740Z ##[endgroup]
Test on bun 20.x (macos-latest)	Run Bun tests	2026-09-16T08:33:14.5829830Z 
Test on bun 20.x (macos-latest)	Run Bun tests	2026-09-16T08:33:14.5830110Z ##[group]tests/builtin-backward-compatibility.test.mjs:
Test on bun 20.x (macos-latest)	Run Bun tests	2026-09-16T08:33:14.5851090Z (pass) [mjs module] Backward compatibility of previously hardcoded built-ins > [mjs module] 'console' still resolves with its documented exports [0.39ms]
Test on bun 20.x (macos-latest)	Run Bun tests	2026-09-16T08:33:14.5852480Z (pass) [mjs module] Backward compatibility of previously hardcoded built-ins > [mjs module] 'crypto' still resolves with its documented exports [0.16ms]
Test on bun 20.x (macos-latest)	Run Bun tests	2026-09-16T08:33:14.5853630Z (pass) [mjs module] Backward compatibility of previously hardcoded built-ins > [mjs module] 'url' still resolves with its documented exports [0.09ms]
Test on bun 20.x (macos-latest)	Run Bun tests	2026-09-16T08:33:14.5854750Z (pass) [mjs module] Backward compatibility of previously hardcoded built-ins > [mjs module] 'performance' still resolves with its documented exports [0.08ms]
Test on bun 20.x (macos-latest)	Run Bun tests	2026-09-16T08:33:14.5855910Z (pass) [mjs module] Backward compatibility of previously hardcoded built-ins > [mjs module] 'fs' still resolves with its documented exports [0.12ms]
Test on bun 20.x (macos-latest)	Run Bun tests	2026-09-16T08:33:14.5861550Z (pass) [mjs module] Backward compatibility of previously hardcoded built-ins > [mjs module] 'fs/promises' still resolves with its documented exports [0.44ms]
Test on bun 20.x (macos-latest)	Run Bun tests	2026-09-16T08:33:14.5868350Z (pass) [mjs module] Backward compatibility of previously hardcoded built-ins > [mjs module] 'dns/promises' still resolves with its documented exports [0.67ms]
Test on bun 20.x (macos-latest)	Run Bun tests	2026-09-16T08:33:14.5871710Z (pass) [mjs module] Backward compatibility of previously hardcoded built-ins > [mjs module] 'stream/promises' still resolves with its documented exports [0.07ms]
Test on bun 20.x (macos-latest)	Run Bun tests	2026-09-16T08:33:14.5874920Z (pass) [mjs module] Backward compatibility of previously hardcoded built-ins > [mjs module] 'readline/promises' still resolves with its documented exports [0.03ms]
Test on bun 20.x (macos-latest)	Run Bun tests	2026-09-16T08:33:14.5878040Z (pass) [mjs module] Backward compatibility of previously hardcoded built-ins > [mjs module] 'timers/promises' still resolves with its documented exports [0.03ms]
Test on bun 20.x (macos-latest)	Run Bun tests	2026-09-16T08:33:14.5880890Z (pass) [mjs module] Backward compatibility of previously hardcoded built-ins > [mjs module] 'path' still resolves with its documented exports [0.03ms]
Test on bun 20.x (macos-latest)	Run Bun tests	2026-09-16T08:33:14.5883530Z (pass) [mjs module] Backward compatibility of previously hardcoded built-ins > [mjs module] 'os' still resolves with its documented exports [0.03ms]
Test on bun 20.x (macos-latest)	Run Bun tests	2026-09-16T08:33:14.5886520Z (pass) [mjs module] Backward compatibility of previously hardcoded built-ins > [mjs module] 'util' still resolves with its documented exports [0.04ms]
Test on bun 20.x (macos-latest)	Run Bun tests	2026-09-16T08:33:14.5889270Z (pass) [mjs module] Backward compatibility of previously hardcoded built-ins > [mjs module] 'events' still resolves with its documented exports [0.03ms]
Test on bun 20.x (macos-latest)	Run Bun tests	2026-09-16T08:33:14.5892090Z (pass) [mjs module] Backward compatibility of previously hardcoded built-ins > [mjs module] 'stream' still resolves with its documented exports [0.04ms]
Test on bun 20.x (macos-latest)	Run Bun tests	2026-09-16T08:33:14.5895920Z (pass) [mjs module] Backward compatibility of previously hardcoded built-ins > [mjs module] 'buffer' still resolves with its documented exports [0.02ms]
Test on bun 20.x (macos-latest)	Run Bun tests	2026-09-16T08:33:14.5898750Z (pass) [mjs module] Backward compatibility of previously hardcoded built-ins > [mjs module] 'process' still resolves with its documented exports [0.06ms]
Test on bun 20.x (macos-latest)	Run Bun tests	2026-09-16T08:33:14.5900760Z (pass) [mjs module] Backward compatibility of previously hardcoded built-ins > [mjs module] 'child_process' still resolves with its documented exports [0.02ms]
Test on bun 20.x (macos-latest)	Run Bun tests	2026-09-16T08:33:14.5901910Z (pass) [mjs module] Backward compatibility of previously hardcoded built-ins > [mjs module] 'http' still resolves with its documented exports [0.03ms]
Test on bun 20.x (macos-latest)	Run Bun tests	2026-09-16T08:33:14.5903430Z (pass) [mjs module] Backward compatibility of previously hardcoded built-ins > [mjs module] 'https' still resolves with its documented exports [0.04ms]
Test on bun 20.x (macos-latest)	Run Bun tests	2026-09-16T08:33:14.5904880Z (pass) [mjs module] Backward compatibility of previously hardcoded built-ins > [mjs module] 'net' still resolves with its documented exports [0.03ms]
Test on bun 20.x (macos-latest)	Run Bun tests	2026-09-16T08:33:14.5905890Z (pass) [mjs module] Backward compatibility of previously hardcoded built-ins > [mjs module] 'dns' still resolves with its documented exports [0.03ms]
Test on bun 20.x (macos-latest)	Run Bun tests	2026-09-16T08:33:14.5906890Z (pass) [mjs module] Backward compatibility of previously hardcoded built-ins > [mjs module] 'zlib' still resolves with its documented exports [0.04ms]
Test on bun 20.x (macos-latest)	Run Bun tests	2026-09-16T08:33:14.5907930Z (pass) [mjs module] Backward compatibility of previously hardcoded built-ins > [mjs module] 'querystring' still resolves with its documented exports [0.02ms]
Test on bun 20.x (macos-latest)	Run Bun tests	2026-09-16T08:33:14.5908960Z (pass) [mjs module] Backward compatibility of previously hardcoded built-ins > [mjs module] 'assert' still resolves with its documented exports [0.03ms]
Test on bun 20.x (macos-latest)	Run Bun tests	2026-09-16T08:33:14.5910120Z (pass) [mjs module] Backward compatibility of previously hardcoded built-ins > [mjs module] every previously hardcoded built-in is still claimed by the builtin resolver [0.53ms]
Test on bun 20.x (macos-latest)	Run Bun tests	2026-09-16T08:33:14.5911470Z (pass) [mjs module] Backward compatibility of previously hardcoded built-ins > [mjs module] resolved built-ins expose every named export of the runtime's own module [0.73ms]
Test on bun 20.x (macos-latest)	Run Bun tests	2026-09-16T08:33:14.5912660Z (pass) [mjs module] Backward compatibility of previously hardcoded built-ins > [mjs module] resolved built-ins keep the runtime's own default export [0.39ms]
Test on bun 20.x (macos-latest)	Run Bun tests	2026-09-16T08:33:14.5913790Z (pass) [mjs module] Backward compatibility of previously hardcoded built-ins > [mjs module] 'events' and 'stream' keep their historical default exports [0.05ms]
Test on bun 20.x (macos-latest)	Run Bun tests	2026-09-16T08:33:14.5914970Z (pass) [mjs module] Backward compatibility of previously hardcoded built-ins > [mjs module] 'assert' stays callable through its default export [0.15ms]
Test on bun 20.x (macos-latest)	Run Bun tests	2026-09-16T08:33:14.5916560Z (pass) [mjs module] Backward compatibility of previously hardcoded built-ins > [mjs module] 'process' keeps the properties the Deno-specific branch used to copy [0.15ms]
Test on bun 20.x (macos-latest)	Run Bun tests	2026-09-16T08:33:14.5918290Z (pass) [mjs module] Backward compatibility of previously hardcoded built-ins > [mjs module] 'performance' still maps onto the performance object [0.10ms]
Test on bun 20.x (macos-latest)	Run Bun tests	2026-09-16T08:33:14.5919620Z (pass) [mjs module] Backward compatibility of previously hardcoded built-ins > [mjs module] rebuilt built-ins keep the full surface of the runtime's module [0.61ms]
Test on bun 20.x (macos-latest)	Run Bun tests	2026-09-16T08:33:14.5920910Z (pass) [mjs module] Backward compatibility of previously hardcoded built-ins > [mjs module] built-ins resolve identically with and without the node: prefix [0.78ms]
Test on bun 20.x (macos-latest)	Run Bun tests	2026-09-16T08:33:14.5921460Z 
Test on bun 20.x (macos-latest)	Run Bun tests	2026-09-16T08:33:14.5921790Z ##[endgroup]
Test on bun 20.x (macos-latest)	Run Bun tests	2026-09-16T08:33:14.5921910Z 
Test on bun 20.x (macos-latest)	Run Bun tests	2026-09-16T08:33:14.5922150Z ##[group]tests/import.test.mjs:
Test on bun 20.x (macos-latest)	Run Bun tests	2026-09-16T08:33:14.5922810Z (pass) [mjs module] dynamic import support > [mjs module] supportsDynamicImport returns true in .mjs file [0.06ms]
Test on bun 20.x (macos-latest)	Run Bun tests	2026-09-16T08:33:14.5923250Z 
Test on bun 20.x (macos-latest)	Run Bun tests	2026-09-16T08:33:14.5923450Z ##[endgroup]
Test on bun 20.x (macos-latest)	Run Bun tests	2026-09-16T08:33:14.5923560Z 
Test on bun 20.x (macos-latest)	Run Bun tests	2026-09-16T08:33:14.5923810Z ##[group]tests/npm-global-prefix.test.mjs:
Test on bun 20.x (macos-latest)	Run Bun tests	2026-09-16T08:33:14.5944540Z (pass) [mjs module] npm global prefix handling > [mjs module] keeps latest and pinned aliases loadable when they share a package binary [0.18ms]
Test on bun 20.x (macos-latest)	Run Bun tests	2026-09-16T08:33:14.5947520Z (pass) [mjs module] npm global prefix handling > [mjs module] never force-installs over an unrelated global executable [0.12ms]
Test on bun 20.x (macos-latest)	Run Bun tests	2026-09-16T08:33:14.5950000Z (pass) [mjs module] npm global prefix handling > [mjs module] redirects installs to use-m cache when npm global root is not writable [0.07ms]
Test on bun 20.x (macos-latest)	Run Bun tests	2026-09-16T08:33:14.5952360Z (pass) [mjs module] npm global prefix handling > [mjs module] keeps the configured npm root when it is writable [0.05ms]
Test on bun 20.x (macos-latest)	Run Bun tests	2026-09-16T08:33:14.5955460Z (pass) [mjs module] npm global prefix handling > [mjs module] respects an explicit npm_config_prefix override [0.06ms]
Test on bun 20.x (macos-latest)	Run Bun tests	2026-09-16T08:33:14.5958020Z (pass) [mjs module] npm global prefix handling > [mjs module] retries transient npm install failures and removes partial aliases [0.06ms]
Test on bun 20.x (macos-latest)	Run Bun tests	2026-09-16T08:33:14.5961560Z (pass) [mjs module] npm global prefix handling > [mjs module] reports captured npm output and cleans up after exhausted retries [0.13ms]
Test on bun 20.x (macos-latest)	Run Bun tests	2026-09-16T08:33:14.5970860Z (pass) [mjs module] npm global prefix handling > [mjs module] gives corrupt-alias cleanup a recursive rm retry budget [0.08ms]
Test on bun 20.x (macos-latest)	Run Bun tests	2026-09-16T08:33:14.5976390Z (pass) [mjs module] npm global prefix handling > [mjs module] repairs a truncated entry point and bypasses the cached syntax failure [0.04ms]
Test on bun 20.x (macos-latest)	Run Bun tests	2026-09-16T08:33:14.6012000Z (pass) [mjs module] npm global prefix handling > [mjs module] repairs an alias missing an internal ESM dependency [0.04ms]
Test on bun 20.x (macos-latest)	Run Bun tests	2026-09-16T08:33:14.6020560Z (pass) [mjs module] npm global prefix handling > [mjs module] repairs an alias with invalid package metadata [0.04ms]
Test on bun 20.x (macos-latest)	Run Bun tests	2026-09-16T08:33:14.6035410Z (pass) [mjs module] npm global prefix handling > [mjs module] repairs an alias whose declared entry point is missing [0.03ms]
Test on bun 20.x (macos-latest)	Run Bun tests	2026-09-16T08:33:14.6037980Z (pass) [mjs module] npm global prefix handling > [mjs module] does not reinstall for an unrelated unwrapped missing-module error [0.03ms]
Test on bun 20.x (macos-latest)	Run Bun tests	2026-09-16T08:33:14.6041000Z (pass) [mjs module] npm global prefix handling > [mjs module] collapses concurrent requests for one package into a single install [0.09ms]
Test on bun 20.x (macos-latest)	Run Bun tests	2026-09-16T08:33:14.6043290Z (pass) [mjs module] npm global prefix handling > [mjs module] keeps a shared failed install retryable [0.08ms]
Test on bun 20.x (macos-latest)	Run Bun tests	2026-09-16T08:33:14.6045550Z (pass) [mjs module] npm global prefix handling > [mjs module] never lets separate processes install one alias at the same time [0.09ms]
Test on bun 20.x (macos-latest)	Run Bun tests	2026-09-16T08:33:14.6047250Z 
Test on bun 20.x (macos-latest)	Run Bun tests	2026-09-16T08:33:14.6047910Z ##[endgroup]
Test on bun 20.x (macos-latest)	Run Bun tests	2026-09-16T08:33:14.6048160Z 
Test on bun 20.x (macos-latest)	Run Bun tests	2026-09-16T08:33:14.6048790Z ##[group]tests/builtin-backward-compatibility.test.cjs:
Test on bun 20.x (macos-latest)	Run Bun tests	2026-09-16T08:33:14.6050480Z (pass) [cjs module] Backward compatibility of previously hardcoded built-ins > [cjs module] 'console' still resolves with its documented exports [0.23ms]
Test on bun 20.x (macos-latest)	Run Bun tests	2026-09-16T08:33:14.6051640Z (pass) [cjs module] Backward compatibility of previously hardcoded built-ins > [cjs module] 'crypto' still resolves with its documented exports [0.05ms]
Test on bun 20.x (macos-latest)	Run Bun tests	2026-09-16T08:33:14.6052960Z (pass) [cjs module] Backward compatibility of previously hardcoded built-ins > [cjs module] 'url' still resolves with its documented exports [0.03ms]
Test on bun 20.x (macos-latest)	Run Bun tests	2026-09-16T08:33:14.6053990Z (pass) [cjs module] Backward compatibility of previously hardcoded built-ins > [cjs module] 'performance' still resolves with its documented exports [0.04ms]
Test on bun 20.x (macos-latest)	Run Bun tests	2026-09-16T08:33:14.6055030Z (pass) [cjs module] Backward compatibility of previously hardcoded built-ins > [cjs module] 'fs' still resolves with its documented exports [0.06ms]
Test on bun 20.x (macos-latest)	Run Bun tests	2026-09-16T08:33:14.6056190Z (pass) [cjs module] Backward compatibility of previously hardcoded built-ins > [cjs module] 'fs/promises' still resolves with its documented exports [0.22ms]
Test on bun 20.x (macos-latest)	Run Bun tests	2026-09-16T08:33:14.6057390Z (pass) [cjs module] Backward compatibility of previously hardcoded built-ins > [cjs module] 'dns/promises' still resolves with its documented exports [0.04ms]
Test on bun 20.x (macos-latest)	Run Bun tests	2026-09-16T08:33:14.6058500Z (pass) [cjs module] Backward compatibility of previously hardcoded built-ins > [cjs module] 'stream/promises' still resolves with its documented exports [0.03ms]
Test on bun 20.x (macos-latest)	Run Bun tests	2026-09-16T08:33:14.6059600Z (pass) [cjs module] Backward compatibility of previously hardcoded built-ins > [cjs module] 'readline/promises' still resolves with its documented exports [0.03ms]
Test on bun 20.x (macos-latest)	Run Bun tests	2026-09-16T08:33:14.6060710Z (pass) [cjs module] Backward compatibility of previously hardcoded built-ins > [cjs module] 'timers/promises' still resolves with its documented exports [0.04ms]
Test on bun 20.x (macos-latest)	Run Bun tests	2026-09-16T08:33:14.6061760Z (pass) [cjs module] Backward compatibility of previously hardcoded built-ins > [cjs module] 'path' still resolves with its documented exports [0.04ms]
Test on bun 20.x (macos-latest)	Run Bun tests	2026-09-16T08:33:14.6063190Z (pass) [cjs module] Backward compatibility of previously hardcoded built-ins > [cjs module] 'os' still resolves with its documented exports [0.04ms]
Test on bun 20.x (macos-latest)	Run Bun tests	2026-09-16T08:33:14.6064380Z (pass) [cjs module] Backward compatibility of previously hardcoded built-ins > [cjs module] 'util' still resolves with its documented exports [0.07ms]
Test on bun 20.x (macos-latest)	Run Bun tests	2026-09-16T08:33:14.6068280Z (pass) [cjs module] Backward compatibility of previously hardcoded built-ins > [cjs module] 'events' still resolves with its documented exports [0.13ms]
Test on bun 20.x (macos-latest)	Run Bun tests	2026-09-16T08:33:14.6071600Z (pass) [cjs module] Backward compatibility of previously hardcoded built-ins > [cjs module] 'stream' still resolves with its documented exports [0.04ms]
Test on bun 20.x (macos-latest)	Run Bun tests	2026-09-16T08:33:14.6074420Z (pass) [cjs module] Backward compatibility of previously hardcoded built-ins > [cjs module] 'buffer' still resolves with its documented exports [0.03ms]
Test on bun 20.x (macos-latest)	Run Bun tests	2026-09-16T08:33:14.6075900Z (pass) [cjs module] Backward compatibility of previously hardcoded built-ins > [cjs module] 'process' still resolves with its documented exports [0.05ms]
Test on bun 20.x (macos-latest)	Run Bun tests	2026-09-16T08:33:14.6078250Z (pass) [cjs module] Backward compatibility of previously hardcoded built-ins > [cjs module] 'child_process' still resolves with its documented exports [0.03ms]
Test on bun 20.x (macos-latest)	Run Bun tests	2026-09-16T08:33:14.6079360Z (pass) [cjs module] Backward compatibility of previously hardcoded built-ins > [cjs module] 'http' still resolves with its documented exports [0.05ms]
Test on bun 20.x (macos-latest)	Run Bun tests	2026-09-16T08:33:14.6080390Z (pass) [cjs module] Backward compatibility of previously hardcoded built-ins > [cjs module] 'https' still resolves with its documented exports [0.04ms]
Test on bun 20.x (macos-latest)	Run Bun tests	2026-09-16T08:33:14.6081430Z (pass) [cjs module] Backward compatibility of previously hardcoded built-ins > [cjs module] 'net' still resolves with its documented exports [0.04ms]
Test on bun 20.x (macos-latest)	Run Bun tests	2026-09-16T08:33:14.6082430Z (pass) [cjs module] Backward compatibility of previously hardcoded built-ins > [cjs module] 'dns' still resolves with its documented exports [0.04ms]
Test on bun 20.x (macos-latest)	Run Bun tests	2026-09-16T08:33:14.6083450Z (pass) [cjs module] Backward compatibility of previously hardcoded built-ins > [cjs module] 'zlib' still resolves with its documented exports [0.03ms]
Test on bun 20.x (macos-latest)	Run Bun tests	2026-09-16T08:33:14.6084520Z (pass) [cjs module] Backward compatibility of previously hardcoded built-ins > [cjs module] 'querystring' still resolves with its documented exports [0.07ms]
Test on bun 20.x (macos-latest)	Run Bun tests	2026-09-16T08:33:14.6085600Z (pass) [cjs module] Backward compatibility of previously hardcoded built-ins > [cjs module] 'assert' still resolves with its documented exports [0.04ms]
Test on bun 20.x (macos-latest)	Run Bun tests	2026-09-16T08:33:14.6086890Z (pass) [cjs module] Backward compatibility of previously hardcoded built-ins > [cjs module] every previously hardcoded built-in is still claimed by the builtin resolver [0.58ms]
Test on bun 20.x (macos-latest)	Run Bun tests	2026-09-16T08:33:14.6088150Z (pass) [cjs module] Backward compatibility of previously hardcoded built-ins > [cjs module] resolved built-ins expose every named export of the runtime's own module [0.79ms]
Test on bun 20.x (macos-latest)	Run Bun tests	2026-09-16T08:33:14.6089250Z (pass) [cjs module] Backward compatibility of previously hardcoded built-ins > [cjs module] resolved built-ins keep the runtime's own default export [0.48ms]
Test on bun 20.x (macos-latest)	Run Bun tests	2026-09-16T08:33:14.6090410Z (pass) [cjs module] Backward compatibility of previously hardcoded built-ins > [cjs module] 'events' and 'stream' keep their historical default exports [0.06ms]
Test on bun 20.x (macos-latest)	Run Bun tests	2026-09-16T08:33:14.6091430Z (pass) [cjs module] Backward compatibility of previously hardcoded built-ins > [cjs module] 'assert' stays callable through its default export [0.11ms]
Test on bun 20.x (macos-latest)	Run Bun tests	2026-09-16T08:33:14.6092530Z (pass) [cjs module] Backward compatibility of previously hardcoded built-ins > [cjs module] 'process' keeps the properties the Deno-specific branch used to copy [0.17ms]
Test on bun 20.x (macos-latest)	Run Bun tests	2026-09-16T08:33:14.6093690Z (pass) [cjs module] Backward compatibility of previously hardcoded built-ins > [cjs module] 'performance' still maps onto the performance object [0.11ms]
Test on bun 20.x (macos-latest)	Run Bun tests	2026-09-16T08:33:14.6094890Z (pass) [cjs module] Backward compatibility of previously hardcoded built-ins > [cjs module] rebuilt built-ins keep the full surface of the runtime's module [0.20ms]
Test on bun 20.x (macos-latest)	Run Bun tests	2026-09-16T08:33:14.6096410Z (pass) [cjs module] Backward compatibility of previously hardcoded built-ins > [cjs module] built-ins resolve identically with and without the node: prefix [0.94ms]
Test on bun 20.x (macos-latest)	Run Bun tests	2026-09-16T08:33:14.6096920Z 
Test on bun 20.x (macos-latest)	Run Bun tests	2026-09-16T08:33:14.6097260Z ##[endgroup]
Test on bun 20.x (macos-latest)	Run Bun tests	2026-09-16T08:33:14.6097670Z 
Test on bun 20.x (macos-latest)	Run Bun tests	2026-09-16T08:33:14.6097890Z ##[group]tests/typescript.test.mjs:
Test on bun 20.x (macos-latest)	Run Bun tests	2026-09-16T08:33:14.6325600Z (pass) [mjs module] typescript > [mjs module] use typescript [29.56ms]
Test on bun 20.x (macos-latest)	Run Bun tests	2026-09-16T08:33:14.6326390Z 
Test on bun 20.x (macos-latest)	Run Bun tests	2026-09-16T08:33:14.6326980Z ##[endgroup]
Test on bun 20.x (macos-latest)	Run Bun tests	2026-09-16T08:33:14.6327230Z 
Test on bun 20.x (macos-latest)	Run Bun tests	2026-09-16T08:33:14.6327760Z ##[group]tests/deno-support.test.cjs:
Test on bun 20.x (macos-latest)	Run Bun tests	2026-09-16T08:33:14.6334250Z (pass) [cjs module] Deno support > [cjs module] Deno resolver should resolve npm packages to esm.sh [0.08ms]
Test on bun 20.x (macos-latest)	Run Bun tests	2026-09-16T08:33:14.6336490Z (pass) [cjs module] Deno support > [cjs module] Deno resolver should handle scoped packages [0.03ms]
Test on bun 20.x (macos-latest)	Run Bun tests	2026-09-16T08:33:14.6338250Z (pass) [cjs module] Deno support > [cjs module] Deno resolver should handle module paths [0.02ms]
Test on bun 20.x (macos-latest)	Run Bun tests	2026-09-16T08:33:14.6340000Z (pass) [cjs module] Deno support > [cjs module] Deno resolver should handle latest version [0.02ms]
Test on bun 20.x (macos-latest)	Run Bun tests	2026-09-16T08:33:14.6341930Z (pass) [cjs module] Deno support > [cjs module] makeUse should detect Deno runtime when Deno global is present [0.12ms]
Test on bun 20.x (macos-latest)	Run Bun tests	2026-09-16T08:33:14.6344030Z (pass) [cjs module] Deno support > [cjs module] Deno resolver should work with complex package names [0.03ms]
Test on bun 20.x (macos-latest)	Run Bun tests	2026-09-16T08:33:14.6346030Z (pass) [cjs module] Deno support > [cjs module] Deno resolver should handle packages without versions [0.02ms]
Test on bun 20.x (macos-latest)	Run Bun tests	2026-09-16T08:33:14.6347800Z (pass) [cjs module] Deno support > [cjs module] makeUse with explicit deno resolver [0.03ms]
Test on bun 20.x (macos-latest)	Run Bun tests	2026-09-16T08:33:14.6348570Z 
Test on bun 20.x (macos-latest)	Run Bun tests	2026-09-16T08:33:14.6349110Z ##[endgroup]
Test on bun 20.x (macos-latest)	Run Bun tests	2026-09-16T08:33:14.6349360Z 
Test on bun 20.x (macos-latest)	Run Bun tests	2026-09-16T08:33:14.6349900Z ##[group]tests/relative-paths.test.mjs:
Test on bun 20.x (macos-latest)	Run Bun tests	2026-09-16T08:33:14.6352840Z (pass) Relative Path Resolution > should import JS file from same directory using ./ [0.94ms]
Test on bun 20.x (macos-latest)	Run Bun tests	2026-09-16T08:33:14.6356410Z (pass) Relative Path Resolution > should import JSON file from same directory using ./ [0.34ms]
Test on bun 20.x (macos-latest)	Run Bun tests	2026-09-16T08:33:14.6358590Z (pass) Relative Path Resolution > should import JS file from parent directory using ../ [0.06ms]
Test on bun 20.x (macos-latest)	Run Bun tests	2026-09-16T08:33:14.6363520Z (pass) Relative Path Resolution > should import from subdirectory using ./subfolder/ [0.64ms]
Test on bun 20.x (macos-latest)	Run Bun tests	2026-09-16T08:33:14.6368650Z (pass) Relative Path Resolution > should import JSON from subdirectory [0.52ms]
Test on bun 20.x (macos-latest)	Run Bun tests	2026-09-16T08:33:14.6373630Z (pass) Relative Path Resolution > should handle complex relative paths (../) [0.38ms]
Test on bun 20.x (macos-latest)	Run Bun tests	2026-09-16T08:33:14.6510280Z (pass) Relative Path Resolution > should work with mixed relative and npm imports [13.59ms]
Test on bun 20.x (macos-latest)	Run Bun tests	2026-09-16T08:33:14.6512350Z (pass) Relative Path Resolution > should maintain correct context for nested relative imports [0.23ms]
Test on bun 20.x (macos-latest)	Run Bun tests	2026-09-16T08:33:14.6513250Z 
Test on bun 20.x (macos-latest)	Run Bun tests	2026-09-16T08:33:14.6513820Z ##[endgroup]
Test on bun 20.x (macos-latest)	Run Bun tests	2026-09-16T08:33:14.6514050Z 
Test on bun 20.x (macos-latest)	Run Bun tests	2026-09-16T08:33:14.6525460Z ##[group]tests/deno-support.test.mjs:
Test on bun 20.x (macos-latest)	Run Bun tests	2026-09-16T08:33:14.6526460Z (pass) [mjs module] Deno support > [mjs module] Deno resolver should resolve npm packages to esm.sh [0.05ms]
Test on bun 20.x (macos-latest)	Run Bun tests	2026-09-16T08:33:14.6527260Z (pass) [mjs module] Deno support > [mjs module] Deno resolver should handle scoped packages [0.03ms]
Test on bun 20.x (macos-latest)	Run Bun tests	2026-09-16T08:33:14.6528030Z (pass) [mjs module] Deno support > [mjs module] Deno resolver should handle module paths [0.03ms]
Test on bun 20.x (macos-latest)	Run Bun tests	2026-09-16T08:33:14.6528710Z (pass) [mjs module] Deno support > [mjs module] Deno resolver should handle latest version [0.02ms]
Test on bun 20.x (macos-latest)	Run Bun tests	2026-09-16T08:33:14.6529540Z (pass) [mjs module] Deno support > [mjs module] makeUse should detect Deno runtime when Deno global is present [0.10ms]
Test on bun 20.x (macos-latest)	Run Bun tests	2026-09-16T08:33:14.6530320Z (pass) [mjs module] Deno support > [mjs module] Deno resolver should work with complex package names [0.02ms]
Test on bun 20.x (macos-latest)	Run Bun tests	2026-09-16T08:33:14.6531050Z (pass) [mjs module] Deno support > [mjs module] Deno resolver should handle packages without versions [0.02ms]
Test on bun 20.x (macos-latest)	Run Bun tests	2026-09-16T08:33:14.6531710Z (pass) [mjs module] Deno support > [mjs module] makeUse with explicit deno resolver [0.03ms]
Test on bun 20.x (macos-latest)	Run Bun tests	2026-09-16T08:33:14.6532450Z 
Test on bun 20.x (macos-latest)	Run Bun tests	2026-09-16T08:33:14.6532710Z ##[endgroup]
Test on bun 20.x (macos-latest)	Run Bun tests	2026-09-16T08:33:14.6532810Z 
Test on bun 20.x (macos-latest)	Run Bun tests	2026-09-16T08:33:14.6533020Z ##[group]tests/script-sync.test.mjs:
Test on bun 20.x (macos-latest)	Run Bun tests	2026-09-16T08:33:14.6549970Z (pass) [mjs module] distributed script synchronization > [mjs module] npm recovery stays synchronized across mjs, cjs, and universal builds [2.03ms]
Test on bun 20.x (macos-latest)	Run Bun tests	2026-09-16T08:33:14.6552240Z 
Test on bun 20.x (macos-latest)	Run Bun tests	2026-09-16T08:33:14.6552820Z ##[endgroup]
Test on bun 20.x (macos-latest)	Run Bun tests	2026-09-16T08:33:14.6553080Z 
Test on bun 20.x (macos-latest)	Run Bun tests	2026-09-16T08:33:14.6553610Z ##[group]tests/relative-paths.test.cjs:
Test on bun 20.x (macos-latest)	Run Bun tests	2026-09-16T08:33:14.6561160Z (pass) Relative Path Resolution (CommonJS) > should import JS file from same directory using ./ [0.34ms]
Test on bun 20.x (macos-latest)	Run Bun tests	2026-09-16T08:33:14.6563090Z (pass) Relative Path Resolution (CommonJS) > should import JSON file from same directory using ./ [0.17ms]
Test on bun 20.x (macos-latest)	Run Bun tests	2026-09-16T08:33:14.6565020Z (pass) Relative Path Resolution (CommonJS) > should import JS file from parent directory using ../ [0.10ms]
Test on bun 20.x (macos-latest)	Run Bun tests	2026-09-16T08:33:14.6566970Z (pass) Relative Path Resolution (CommonJS) > should import from subdirectory using ./subfolder/ [0.10ms]
Test on bun 20.x (macos-latest)	Run Bun tests	2026-09-16T08:33:14.6568810Z (pass) Relative Path Resolution (CommonJS) > should import JSON from subdirectory [0.10ms]
Test on bun 20.x (macos-latest)	Run Bun tests	2026-09-16T08:33:14.6570540Z (pass) Relative Path Resolution (CommonJS) > should handle complex relative paths (../) [0.11ms]
Test on bun 20.x (macos-latest)	Run Bun tests	2026-09-16T08:33:14.6689860Z (pass) Relative Path Resolution (CommonJS) > should work with mixed relative and npm imports [12.13ms]
Test on bun 20.x (macos-latest)	Run Bun tests	2026-09-16T08:33:14.6692310Z (pass) Relative Path Resolution (CommonJS) > should maintain correct context for nested relative imports [0.23ms]
Test on bun 20.x (macos-latest)	Run Bun tests	2026-09-16T08:33:14.6701180Z 
Test on bun 20.x (macos-latest)	Run Bun tests	2026-09-16T08:33:14.6766510Z ##[endgroup]
Test on bun 20.x (macos-latest)	Run Bun tests	2026-09-16T08:33:14.6766890Z 
Test on bun 20.x (macos-latest)	Run Bun tests	2026-09-16T08:33:14.6767270Z ##[group]tests/command-stream.test.mjs:
Test on bun 20.x (macos-latest)	Run Bun tests	2026-09-16T08:33:14.8606800Z (pass) [mjs module] command-stream module import > [mjs module] Direct ESM Import [190.93ms]
Test on bun 20.x (macos-latest)	Run Bun tests	2026-09-16T08:33:14.8727450Z (pass) [mjs module] command-stream module import > [mjs module] Dynamic ESM Import of CJS [11.97ms]
Test on bun 20.x (macos-latest)	Run Bun tests	2026-09-16T08:33:14.8846020Z (pass) [mjs module] command-stream module import > [mjs module] Dynamic ESM Import of MJS [11.76ms]
Test on bun 20.x (macos-latest)	Run Bun tests	2026-09-16T08:33:14.8846980Z 
Test on bun 20.x (macos-latest)	Run Bun tests	2026-09-16T08:33:14.8847560Z ##[endgroup]
Test on bun 20.x (macos-latest)	Run Bun tests	2026-09-16T08:33:14.8847810Z 
Test on bun 20.x (macos-latest)	Run Bun tests	2026-09-16T08:33:14.8848310Z ##[group]tests/root-entries.test.mjs:
Test on bun 20.x (macos-latest)	Run Bun tests	2026-09-16T08:33:14.8859910Z (pass) [mjs module] root entry mirrors > [mjs module] mirrors exactly src/use.js, src/use.cjs and src/use.mjs [0.02ms]
Test on bun 20.x (macos-latest)	Run Bun tests	2026-09-16T08:33:14.8861990Z (pass) [mjs module] root entry mirrors > [mjs module] use.js exists at the package root [0.03ms]
Test on bun 20.x (macos-latest)	Run Bun tests	2026-09-16T08:33:14.8870730Z (pass) [mjs module] root entry mirrors > [mjs module] root use.js is in sync with src/use.js [1.08ms]
Test on bun 20.x (macos-latest)	Run Bun tests	2026-09-16T08:33:14.8874460Z (pass) [mjs module] root entry mirrors > [mjs module] root use.js contains the full src/use.js body [0.41ms]
Test on bun 20.x (macos-latest)	Run Bun tests	2026-09-16T08:33:14.8875520Z (pass) [mjs module] root entry mirrors > [mjs module] use.cjs exists at the package root [0.03ms]
Test on bun 20.x (macos-latest)	Run Bun tests	2026-09-16T08:33:14.8881420Z (pass) [mjs module] root entry mirrors > [mjs module] root use.cjs is in sync with src/use.cjs [0.59ms]
Test on bun 20.x (macos-latest)	Run Bun tests	2026-09-16T08:33:14.8883300Z (pass) [mjs module] root entry mirrors > [mjs module] root use.cjs contains the full src/use.cjs body [0.24ms]
Test on bun 20.x (macos-latest)	Run Bun tests	2026-09-16T08:33:14.8884230Z (pass) [mjs module] root entry mirrors > [mjs module] use.mjs exists at the package root
Test on bun 20.x (macos-latest)	Run Bun tests	2026-09-16T08:33:14.8890490Z (pass) [mjs module] root entry mirrors > [mjs module] root use.mjs is in sync with src/use.mjs [0.65ms]
Test on bun 20.x (macos-latest)	Run Bun tests	2026-09-16T08:33:14.8892840Z (pass) [mjs module] root entry mirrors > [mjs module] root use.mjs contains the full src/use.mjs body [0.24ms]
Test on bun 20.x (macos-latest)	Run Bun tests	2026-09-16T08:33:14.8903160Z (pass) [mjs module] root entry mirrors > [mjs module] root use.js eval()s to a working use function [0.98ms]
Test on bun 20.x (macos-latest)	Run Bun tests	2026-09-16T08:33:14.8905340Z (pass) [mjs module] root entry mirrors > [mjs module] the 404 "Not found" body is not a valid module body [0.27ms]
Test on bun 20.x (macos-latest)	Run Bun tests	2026-09-16T08:33:14.8929970Z (pass) [mjs module] root entry mirrors > [mjs module] root use.mjs imports to a working use function [2.37ms]
Test on bun 20.x (macos-latest)	Run Bun tests	2026-09-16T08:33:14.8932630Z (pass) [mjs module] root entry mirrors > [mjs module] package.json ships the root mirrors and keeps src canonical [0.34ms]
Test on bun 20.x (macos-latest)	Run Bun tests	2026-09-16T08:33:14.8933130Z 
Test on bun 20.x (macos-latest)	Run Bun tests	2026-09-16T08:33:14.8933460Z ##[endgroup]
Test on bun 20.x (macos-latest)	Run Bun tests	2026-09-16T08:33:14.8933610Z 
Test on bun 20.x (macos-latest)	Run Bun tests	2026-09-16T08:33:14.8933850Z ##[group]tests/command-stream.test.cjs:
Test on bun 20.x (macos-latest)	Run Bun tests	2026-09-16T08:33:14.9075060Z (pass) [cjs module] command-stream module import > [cjs module] Direct CJS Require [13.27ms]
Test on bun 20.x (macos-latest)	Run Bun tests	2026-09-16T08:33:14.9187020Z (pass) [cjs module] command-stream module import > [cjs module] Dynamic Import with await import() of CJS [11.20ms]
Test on bun 20.x (macos-latest)	Run Bun tests	2026-09-16T08:33:14.9282460Z (pass) [cjs module] command-stream module import > [cjs module] Dynamic Import with await import() of MJS [9.59ms]
Test on bun 20.x (macos-latest)	Run Bun tests	2026-09-16T08:33:14.9282870Z 
Test on bun 20.x (macos-latest)	Run Bun tests	2026-09-16T08:33:14.9283150Z ##[endgroup]
Test on bun 20.x (macos-latest)	Run Bun tests	2026-09-16T08:33:14.9283240Z 
Test on bun 20.x (macos-latest)	Run Bun tests	2026-09-16T08:33:14.9283430Z ##[group]tests/fallback.test.cjs:
Test on bun 20.x (macos-latest)	Run Bun tests	2026-09-16T08:33:14.9296380Z (pass) [cjs module] loadWithFallback (shared engine) > [cjs module] returns the first source's result without trying later ones [0.11ms]
Test on bun 20.x (macos-latest)	Run Bun tests	2026-09-16T08:33:14.9298820Z (pass) [cjs module] loadWithFallback (shared engine) > [cjs module] falls back to a later source when earlier ones fail [0.09ms]
Test on bun 20.x (macos-latest)	Run Bun tests	2026-09-16T08:33:14.9301190Z (pass) [cjs module] loadWithFallback (shared engine) > [cjs module] retries a flaky source before succeeding [0.06ms]
Test on bun 20.x (macos-latest)	Run Bun tests	2026-09-16T08:33:14.9303400Z (pass) [cjs module] loadWithFallback (shared engine) > [cjs module] throws ONE aggregated error listing every attempt [0.17ms]
Test on bun 20.x (macos-latest)	Run Bun tests	2026-09-16T08:33:14.9305500Z (pass) [cjs module] loadWithFallback (shared engine) > [cjs module] rejects empty or non-array sources [0.07ms]
Test on bun 20.x (macos-latest)	Run Bun tests	2026-09-16T08:33:14.9306950Z (pass) [cjs module] loadWithFallback (shared engine) > [cjs module] rejects a missing load function [0.03ms]
Test on bun 20.x (macos-latest)	Run Bun tests	2026-09-16T08:33:14.9307800Z (pass) [cjs module] makeUse per-package CDN fallback > [cjs module] falls back to the next mirror when one import fails [0.18ms]
Test on bun 20.x (macos-latest)	Run Bun tests	2026-09-16T08:33:14.9308760Z (pass) [cjs module] makeUse per-package CDN fallback > [cjs module] throws a clear aggregated error when every mirror fails [0.16ms]
Test on bun 20.x (macos-latest)	Run Bun tests	2026-09-16T08:33:14.9309750Z (pass) [cjs module] makeUse per-package CDN fallback > [cjs module] a single explicit resolver imports directly with its raw error (no aggregation) [0.13ms]
Test on bun 20.x (macos-latest)	Run Bun tests	2026-09-16T08:33:14.9310700Z (pass) [cjs module] makeUse per-package CDN fallback > [cjs module] a single-entry specifierResolvers chain also imports directly [0.06ms]
Test on bun 20.x (macos-latest)	Run Bun tests	2026-09-16T08:33:14.9311510Z (pass) [cjs module] makeUse per-package CDN fallback > [cjs module] exposes the default mirror chains [0.01ms]
Test on bun 20.x (macos-latest)	Run Bun tests	2026-09-16T08:33:14.9311840Z 
Test on bun 20.x (macos-latest)	Run Bun tests	2026-09-16T08:33:14.9312080Z ##[endgroup]
Test on bun 20.x (macos-latest)	Run Bun tests	2026-09-16T08:33:14.9312170Z 
Test on bun 20.x (macos-latest)	Run Bun tests	2026-09-16T08:33:14.9318300Z ##[group]tests/fallback.test.mjs:
Test on bun 20.x (macos-latest)	Run Bun tests	2026-09-16T08:33:14.9324510Z (pass) [mjs module] loadWithFallback (shared engine) > [mjs module] returns the first source's result without trying later ones [0.09ms]
Test on bun 20.x (macos-latest)	Run Bun tests	2026-09-16T08:33:14.9326950Z (pass) [mjs module] loadWithFallback (shared engine) > [mjs module] falls back to a later source when earlier ones fail [0.08ms]
Test on bun 20.x (macos-latest)	Run Bun tests	2026-09-16T08:33:14.9329140Z (pass) [mjs module] loadWithFallback (shared engine) > [mjs module] retries a flaky source before succeeding [0.06ms]
Test on bun 20.x (macos-latest)	Run Bun tests	2026-09-16T08:33:14.9331300Z (pass) [mjs module] loadWithFallback (shared engine) > [mjs module] throws ONE aggregated error listing every attempt [0.10ms]
Test on bun 20.x (macos-latest)	Run Bun tests	2026-09-16T08:33:14.9333430Z (pass) [mjs module] loadWithFallback (shared engine) > [mjs module] rejects empty or non-array sources [0.06ms]
Test on bun 20.x (macos-latest)	Run Bun tests	2026-09-16T08:33:14.9335410Z (pass) [mjs module] loadWithFallback (shared engine) > [mjs module] rejects a missing load function [0.02ms]
Test on bun 20.x (macos-latest)	Run Bun tests	2026-09-16T08:33:14.9337690Z (pass) [mjs module] makeUse per-package CDN fallback > [mjs module] falls back to the next mirror when one import fails [0.18ms]
Test on bun 20.x (macos-latest)	Run Bun tests	2026-09-16T08:33:14.9342080Z (pass) [mjs module] makeUse per-package CDN fallback > [mjs module] throws a clear aggregated error when every mirror fails [0.12ms]
Test on bun 20.x (macos-latest)	Run Bun tests	2026-09-16T08:33:14.9344760Z (pass) [mjs module] makeUse per-package CDN fallback > [mjs module] a single explicit resolver imports directly with its raw error (no aggregation) [0.12ms]
Test on bun 20.x (macos-latest)	Run Bun tests	2026-09-16T08:33:14.9348080Z (pass) [mjs module] makeUse per-package CDN fallback > [mjs module] a single-entry specifierResolvers chain also imports directly [0.08ms]
Test on bun 20.x (macos-latest)	Run Bun tests	2026-09-16T08:33:14.9350250Z (pass) [mjs module] makeUse per-package CDN fallback > [mjs module] exposes the default mirror chains [0.01ms]
Test on bun 20.x (macos-latest)	Run Bun tests	2026-09-16T08:33:14.9351430Z 
Test on bun 20.x (macos-latest)	Run Bun tests	2026-09-16T08:33:14.9352020Z ##[endgroup]
Test on bun 20.x (macos-latest)	Run Bun tests	2026-09-16T08:33:14.9352250Z 
Test on bun 20.x (macos-latest)	Run Bun tests	2026-09-16T08:33:14.9352430Z  458 pass
Test on bun 20.x (macos-latest)	Run Bun tests	2026-09-16T08:33:14.9352800Z  0 fail
Test on bun 20.x (macos-latest)	Run Bun tests	2026-09-16T08:33:14.9353190Z  1159 expect() calls
Test on bun 20.x (macos-latest)	Run Bun tests	2026-09-16T08:33:14.9353800Z Ran 458 tests across 49 files. [28.05s]
Test on bun 20.x (macos-latest)	Post Setup Bun	﻿2026-09-16T08:33:14.9489940Z Post job cleanup.
Test on bun 20.x (macos-latest)	Post Setup Node.js	﻿2026-09-16T08:33:15.4437150Z Post job cleanup.
Test on bun 20.x (macos-latest)	Post Setup Node.js	2026-09-16T08:33:15.5786960Z Cache hit occurred on the primary key node-cache-macOS-arm64-npm-12813ae39a61b5fed7681502803cfede24735d033f8430fc26d535be6b212b6a, not saving cache.
Test on bun 20.x (macos-latest)	Post Checkout code	﻿2026-09-16T08:33:15.5921270Z Post job cleanup.
Test on bun 20.x (macos-latest)	Post Checkout code	2026-09-16T08:33:15.7107540Z [command]/opt/homebrew/bin/git version
Test on bun 20.x (macos-latest)	Post Checkout code	2026-09-16T08:33:15.7863700Z git version 2.55.0
Test on bun 20.x (macos-latest)	Post Checkout code	2026-09-16T08:33:15.7888070Z Copying '/Users/runner/.gitconfig' to '/Users/runner/work/_temp/e1993777-a328-4bfb-9f02-08cb06d775bd/.gitconfig'
Test on bun 20.x (macos-latest)	Post Checkout code	2026-09-16T08:33:15.7900200Z Temporarily overriding HOME='/Users/runner/work/_temp/e1993777-a328-4bfb-9f02-08cb06d775bd' before making global git config changes
Test on bun 20.x (macos-latest)	Post Checkout code	2026-09-16T08:33:15.7902660Z Adding repository directory to the temporary git global config as a safe directory
Test on bun 20.x (macos-latest)	Post Checkout code	2026-09-16T08:33:15.7904450Z [command]/opt/homebrew/bin/git config --global --add safe.directory /Users/runner/work/use-m/use-m
Test on bun 20.x (macos-latest)	Post Checkout code	2026-09-16T08:33:15.8039770Z Removing SSH command configuration
Test on bun 20.x (macos-latest)	Post Checkout code	2026-09-16T08:33:15.8045390Z [command]/opt/homebrew/bin/git config --local --name-only --get-regexp core\.sshCommand
Test on bun 20.x (macos-latest)	Post Checkout code	2026-09-16T08:33:15.8132120Z [command]/opt/homebrew/bin/git submodule foreach --recursive sh -c "git config --local --name-only --get-regexp 'core\.sshCommand' && git config --local --unset-all 'core.sshCommand' || :"
Test on bun 20.x (macos-latest)	Post Checkout code	2026-09-16T08:33:15.9382910Z Removing HTTP extra header
Test on bun 20.x (macos-latest)	Post Checkout code	2026-09-16T08:33:15.9387570Z [command]/opt/homebrew/bin/git config --local --name-only --get-regexp http\.https\:\/\/github\.com\/\.extraheader
Test on bun 20.x (macos-latest)	Post Checkout code	2026-09-16T08:33:15.9462900Z [command]/opt/homebrew/bin/git submodule foreach --recursive sh -c "git config --local --name-only --get-regexp 'http\.https\:\/\/github\.com\/\.extraheader' && git config --local --unset-all 'http.https://github.com/.extraheader' || :"
Test on bun 20.x (macos-latest)	Post Checkout code	2026-09-16T08:33:16.0603400Z Removing includeIf entries pointing to credentials config files
Test on bun 20.x (macos-latest)	Post Checkout code	2026-09-16T08:33:16.0707260Z [command]/opt/homebrew/bin/git config --local --name-only --get-regexp ^includeIf\.gitdir:
Test on bun 20.x (macos-latest)	Post Checkout code	2026-09-16T08:33:16.0808940Z includeif.gitdir:/Users/runner/work/use-m/use-m/.git.path
Test on bun 20.x (macos-latest)	Post Checkout code	2026-09-16T08:33:16.0859800Z includeif.gitdir:/Users/runner/work/use-m/use-m/.git/worktrees/*.path
Test on bun 20.x (macos-latest)	Post Checkout code	2026-09-16T08:33:16.0861730Z includeif.gitdir:/github/workspace/.git.path
Test on bun 20.x (macos-latest)	Post Checkout code	2026-09-16T08:33:16.0862280Z includeif.gitdir:/github/workspace/.git/worktrees/*.path
Test on bun 20.x (macos-latest)	Post Checkout code	2026-09-16T08:33:16.0863680Z [command]/opt/homebrew/bin/git config --local --get-all includeif.gitdir:/Users/runner/work/use-m/use-m/.git.path
Test on bun 20.x (macos-latest)	Post Checkout code	2026-09-16T08:33:16.0864490Z /Users/runner/work/_temp/git-credentials-1683e915-bf5d-4d52-b772-0703c8278f2c.config
Test on bun 20.x (macos-latest)	Post Checkout code	2026-09-16T08:33:16.0866360Z [command]/opt/homebrew/bin/git config --local --unset includeif.gitdir:/Users/runner/work/use-m/use-m/.git.path /Users/runner/work/_temp/git-credentials-1683e915-bf5d-4d52-b772-0703c8278f2c.config
Test on bun 20.x (macos-latest)	Post Checkout code	2026-09-16T08:33:16.0909330Z [command]/opt/homebrew/bin/git config --local --get-all includeif.gitdir:/Users/runner/work/use-m/use-m/.git/worktrees/*.path
Test on bun 20.x (macos-latest)	Post Checkout code	2026-09-16T08:33:16.0979140Z /Users/runner/work/_temp/git-credentials-1683e915-bf5d-4d52-b772-0703c8278f2c.config
Test on bun 20.x (macos-latest)	Post Checkout code	2026-09-16T08:33:16.1216480Z [command]/opt/homebrew/bin/git config --local --unset includeif.gitdir:/Users/runner/work/use-m/use-m/.git/worktrees/*.path /Users/runner/work/_temp/git-credentials-1683e915-bf5d-4d52-b772-0703c8278f2c.config
Test on bun 20.x (macos-latest)	Post Checkout code	2026-09-16T08:33:16.1406070Z [command]/opt/homebrew/bin/git config --local --get-all includeif.gitdir:/github/workspace/.git.path
Test on bun 20.x (macos-latest)	Post Checkout code	2026-09-16T08:33:16.1428400Z /github/runner_temp/git-credentials-1683e915-bf5d-4d52-b772-0703c8278f2c.config
Test on bun 20.x (macos-latest)	Post Checkout code	2026-09-16T08:33:16.1468880Z [command]/opt/homebrew/bin/git config --local --unset includeif.gitdir:/github/workspace/.git.path /github/runner_temp/git-credentials-1683e915-bf5d-4d52-b772-0703c8278f2c.config
Test on bun 20.x (macos-latest)	Post Checkout code	2026-09-16T08:33:16.1470650Z [command]/opt/homebrew/bin/git config --local --get-all includeif.gitdir:/github/workspace/.git/worktrees/*.path
Test on bun 20.x (macos-latest)	Post Checkout code	2026-09-16T08:33:16.1472650Z /github/runner_temp/git-credentials-1683e915-bf5d-4d52-b772-0703c8278f2c.config
Test on bun 20.x (macos-latest)	Post Checkout code	2026-09-16T08:33:16.1477580Z [command]/opt/homebrew/bin/git config --local --unset includeif.gitdir:/github/workspace/.git/worktrees/*.path /github/runner_temp/git-credentials-1683e915-bf5d-4d52-b772-0703c8278f2c.config
Test on bun 20.x (macos-latest)	Post Checkout code	2026-09-16T08:33:16.1513690Z [command]/opt/homebrew/bin/git submodule foreach --recursive git config --local --show-origin --name-only --get-regexp remote.origin.url
Test on bun 20.x (macos-latest)	Post Checkout code	2026-09-16T08:33:16.2865160Z Removing credentials config '/Users/runner/work/_temp/git-credentials-1683e915-bf5d-4d52-b772-0703c8278f2c.config'
Test on bun 20.x (macos-latest)	Complete job	﻿2026-09-16T08:33:16.3238820Z Cleaning up orphan processes
Test on bun 20.x (ubuntu-latest)	Set up job	﻿2026-09-16T08:32:15.3964203Z Current runner version: '2.337.0'
Test on bun 20.x (ubuntu-latest)	Set up job	2026-09-16T08:32:15.3992503Z ##[group]Runner Image Provisioner
Test on bun 20.x (ubuntu-latest)	Set up job	2026-09-16T08:32:15.3993544Z Hosted Compute Agent
Test on bun 20.x (ubuntu-latest)	Set up job	2026-09-16T08:32:15.3994185Z Version: 20260828.587
Test on bun 20.x (ubuntu-latest)	Set up job	2026-09-16T08:32:15.3994850Z Commit: abac92662cab4cc7352de4f9f9d2e2419aad9c29
Test on bun 20.x (ubuntu-latest)	Set up job	2026-09-16T08:32:15.3995716Z Build Date: 2026-08-28T16:44:25Z
Test on bun 20.x (ubuntu-latest)	Set up job	2026-09-16T08:32:15.3996458Z Worker ID: {ab5fbd37-1144-46cc-83e9-2b3860ba06f3}
Test on bun 20.x (ubuntu-latest)	Set up job	2026-09-16T08:32:15.3997420Z Azure Region: centralus
Test on bun 20.x (ubuntu-latest)	Set up job	2026-09-16T08:32:15.3998194Z ##[endgroup]
Test on bun 20.x (ubuntu-latest)	Set up job	2026-09-16T08:32:15.3999572Z ##[group]Operating System
Test on bun 20.x (ubuntu-latest)	Set up job	2026-09-16T08:32:15.4000304Z Ubuntu
Test on bun 20.x (ubuntu-latest)	Set up job	2026-09-16T08:32:15.4000892Z 24.04.5
Test on bun 20.x (ubuntu-latest)	Set up job	2026-09-16T08:32:15.4001448Z LTS
Test on bun 20.x (ubuntu-latest)	Set up job	2026-09-16T08:32:15.4002101Z ##[endgroup]
Test on bun 20.x (ubuntu-latest)	Set up job	2026-09-16T08:32:15.4002680Z ##[group]Runner Image
Test on bun 20.x (ubuntu-latest)	Set up job	2026-09-16T08:32:15.4003374Z Image: ubuntu-24.04
Test on bun 20.x (ubuntu-latest)	Set up job	2026-09-16T08:32:15.4004014Z Version: 20260907.300.1
Test on bun 20.x (ubuntu-latest)	Set up job	2026-09-16T08:32:15.4005105Z Included Software: https://github.com/actions/runner-images/blob/ubuntu24/20260907.300/images/ubuntu/Ubuntu2404-Readme.md
Test on bun 20.x (ubuntu-latest)	Set up job	2026-09-16T08:32:15.4007344Z Image Release: https://github.com/actions/runner-images/releases/tag/ubuntu24%2F20260907.300
Test on bun 20.x (ubuntu-latest)	Set up job	2026-09-16T08:32:15.4008540Z ##[endgroup]
Test on bun 20.x (ubuntu-latest)	Set up job	2026-09-16T08:32:15.4009767Z ##[group]GITHUB_TOKEN Permissions
Test on bun 20.x (ubuntu-latest)	Set up job	2026-09-16T08:32:15.4012288Z Contents: read
Test on bun 20.x (ubuntu-latest)	Set up job	2026-09-16T08:32:15.4012938Z Metadata: read
Test on bun 20.x (ubuntu-latest)	Set up job	2026-09-16T08:32:15.4013522Z ##[endgroup]
Test on bun 20.x (ubuntu-latest)	Set up job	2026-09-16T08:32:15.4016381Z Secret source: Actions
Test on bun 20.x (ubuntu-latest)	Set up job	2026-09-16T08:32:15.4017843Z Cache mode: write
Test on bun 20.x (ubuntu-latest)	Set up job	2026-09-16T08:32:15.4018746Z Prepare workflow directory
Test on bun 20.x (ubuntu-latest)	Set up job	2026-09-16T08:32:15.4382830Z Prepare all required actions
Test on bun 20.x (ubuntu-latest)	Set up job	2026-09-16T08:32:15.4433842Z Getting action download info
Test on bun 20.x (ubuntu-latest)	Set up job	2026-09-16T08:32:15.7228680Z Download action repository 'actions/checkout@v6' (SHA:d23441a48e516b6c34aea4fa41551a30e30af803)
Test on bun 20.x (ubuntu-latest)	Set up job	2026-09-16T08:32:15.8472748Z Download action repository 'actions/setup-node@v6' (SHA:249970729cb0ef3589644e2896645e5dc5ba9c38)
Test on bun 20.x (ubuntu-latest)	Set up job	2026-09-16T08:32:16.3254591Z Download action repository 'oven-sh/setup-bun@v2' (SHA:0c5077e51419868618aeaa5fe8019c62421857d6)
Test on bun 20.x (ubuntu-latest)	Set up job	2026-09-16T08:32:16.7681437Z Download action repository 'denoland/setup-deno@v2' (SHA:22d081ff2d3a40755e97629de92e3bcbfa7cf2ed)
Test on bun 20.x (ubuntu-latest)	Set up job	2026-09-16T08:32:17.5576277Z Complete job name: Test on bun 20.x (ubuntu-latest)
Test on bun 20.x (ubuntu-latest)	Checkout code	﻿2026-09-16T08:32:17.6562741Z ##[group]Run actions/checkout@v6
Test on bun 20.x (ubuntu-latest)	Checkout code	2026-09-16T08:32:17.6564216Z with:
Test on bun 20.x (ubuntu-latest)	Checkout code	2026-09-16T08:32:17.6565141Z   repository: link-foundation/use-m
Test on bun 20.x (ubuntu-latest)	Checkout code	2026-09-16T08:32:17.6574418Z   token: ***
Test on bun 20.x (ubuntu-latest)	Checkout code	2026-09-16T08:32:17.6575321Z   ssh-strict: true
Test on bun 20.x (ubuntu-latest)	Checkout code	2026-09-16T08:32:17.6576236Z   ssh-user: git
Test on bun 20.x (ubuntu-latest)	Checkout code	2026-09-16T08:32:17.6577255Z   persist-credentials: true
Test on bun 20.x (ubuntu-latest)	Checkout code	2026-09-16T08:32:17.6578275Z   clean: true
Test on bun 20.x (ubuntu-latest)	Checkout code	2026-09-16T08:32:17.6579206Z   sparse-checkout-cone-mode: true
Test on bun 20.x (ubuntu-latest)	Checkout code	2026-09-16T08:32:17.6580279Z   fetch-depth: 1
Test on bun 20.x (ubuntu-latest)	Checkout code	2026-09-16T08:32:17.6581195Z   fetch-tags: false
Test on bun 20.x (ubuntu-latest)	Checkout code	2026-09-16T08:32:17.6582136Z   show-progress: true
Test on bun 20.x (ubuntu-latest)	Checkout code	2026-09-16T08:32:17.6583083Z   lfs: false
Test on bun 20.x (ubuntu-latest)	Checkout code	2026-09-16T08:32:17.6583949Z   submodules: false
Test on bun 20.x (ubuntu-latest)	Checkout code	2026-09-16T08:32:17.6584903Z   set-safe-directory: true
Test on bun 20.x (ubuntu-latest)	Checkout code	2026-09-16T08:32:17.6585958Z   allow-unsafe-pr-checkout: false
Test on bun 20.x (ubuntu-latest)	Checkout code	2026-09-16T08:32:17.6587464Z ##[endgroup]
Test on bun 20.x (ubuntu-latest)	Checkout code	2026-09-16T08:32:17.7689519Z Syncing repository: link-foundation/use-m
Test on bun 20.x (ubuntu-latest)	Checkout code	2026-09-16T08:32:17.7693335Z ##[group]Getting Git version info
Test on bun 20.x (ubuntu-latest)	Checkout code	2026-09-16T08:32:17.7694799Z Working directory is '/home/runner/work/use-m/use-m'
Test on bun 20.x (ubuntu-latest)	Checkout code	2026-09-16T08:32:17.7696846Z [command]/usr/bin/git version
Test on bun 20.x (ubuntu-latest)	Checkout code	2026-09-16T08:32:17.7742168Z git version 2.55.0
Test on bun 20.x (ubuntu-latest)	Checkout code	2026-09-16T08:32:17.7765935Z ##[endgroup]
Test on bun 20.x (ubuntu-latest)	Checkout code	2026-09-16T08:32:17.7793443Z Temporarily overriding HOME='/home/runner/work/_temp/1e4b8af6-2cbf-4b84-9553-d9f6ad53c8bf' before making global git config changes
Test on bun 20.x (ubuntu-latest)	Checkout code	2026-09-16T08:32:17.7798164Z Adding repository directory to the temporary git global config as a safe directory
Test on bun 20.x (ubuntu-latest)	Checkout code	2026-09-16T08:32:17.7812682Z [command]/usr/bin/git config --global --add safe.directory /home/runner/work/use-m/use-m
Test on bun 20.x (ubuntu-latest)	Checkout code	2026-09-16T08:32:17.7869704Z Deleting the contents of '/home/runner/work/use-m/use-m'
Test on bun 20.x (ubuntu-latest)	Checkout code	2026-09-16T08:32:17.7875900Z ##[group]Determining repository object format
Test on bun 20.x (ubuntu-latest)	Checkout code	2026-09-16T08:32:17.7879565Z ##[endgroup]
Test on bun 20.x (ubuntu-latest)	Checkout code	2026-09-16T08:32:17.7881290Z ##[group]Initializing the repository
Test on bun 20.x (ubuntu-latest)	Checkout code	2026-09-16T08:32:17.7883869Z [command]/usr/bin/git init /home/runner/work/use-m/use-m
Test on bun 20.x (ubuntu-latest)	Checkout code	2026-09-16T08:32:17.7968596Z hint: Using 'master' as the name for the initial branch. This default branch name
Test on bun 20.x (ubuntu-latest)	Checkout code	2026-09-16T08:32:17.7971409Z hint: will change to "main" in Git 3.0. To configure the initial branch name
Test on bun 20.x (ubuntu-latest)	Checkout code	2026-09-16T08:32:17.7976034Z hint: to use in all of your new repositories, which will suppress this warning,
Test on bun 20.x (ubuntu-latest)	Checkout code	2026-09-16T08:32:17.7978273Z hint: call:
Test on bun 20.x (ubuntu-latest)	Checkout code	2026-09-16T08:32:17.7979379Z hint:
Test on bun 20.x (ubuntu-latest)	Checkout code	2026-09-16T08:32:17.7982225Z hint: 	git config --global init.defaultBranch <name>
Test on bun 20.x (ubuntu-latest)	Checkout code	2026-09-16T08:32:17.7984012Z hint:
Test on bun 20.x (ubuntu-latest)	Checkout code	2026-09-16T08:32:17.7985714Z hint: Names commonly chosen instead of 'master' are 'main', 'trunk' and
Test on bun 20.x (ubuntu-latest)	Checkout code	2026-09-16T08:32:17.7988628Z hint: 'development'. The just-created branch can be renamed via this command:
Test on bun 20.x (ubuntu-latest)	Checkout code	2026-09-16T08:32:17.7990761Z hint:
Test on bun 20.x (ubuntu-latest)	Checkout code	2026-09-16T08:32:17.7991918Z hint: 	git branch -m <name>
Test on bun 20.x (ubuntu-latest)	Checkout code	2026-09-16T08:32:17.7993174Z hint:
Test on bun 20.x (ubuntu-latest)	Checkout code	2026-09-16T08:32:17.7994437Z hint: Disable this message with "git config set advice.defaultBranchName false"
Test on bun 20.x (ubuntu-latest)	Checkout code	2026-09-16T08:32:17.7996384Z Initialized empty Git repository in /home/runner/work/use-m/use-m/.git/
Test on bun 20.x (ubuntu-latest)	Checkout code	2026-09-16T08:32:17.8000038Z [command]/usr/bin/git remote add origin https://github.com/link-foundation/use-m
Test on bun 20.x (ubuntu-latest)	Checkout code	2026-09-16T08:32:17.8048527Z ##[endgroup]
Test on bun 20.x (ubuntu-latest)	Checkout code	2026-09-16T08:32:17.8050740Z ##[group]Disabling automatic garbage collection
Test on bun 20.x (ubuntu-latest)	Checkout code	2026-09-16T08:32:17.8053004Z [command]/usr/bin/git config --local gc.auto 0
Test on bun 20.x (ubuntu-latest)	Checkout code	2026-09-16T08:32:17.8091982Z ##[endgroup]
Test on bun 20.x (ubuntu-latest)	Checkout code	2026-09-16T08:32:17.8094133Z ##[group]Setting up auth
Test on bun 20.x (ubuntu-latest)	Checkout code	2026-09-16T08:32:17.8095700Z Removing SSH command configuration
Test on bun 20.x (ubuntu-latest)	Checkout code	2026-09-16T08:32:17.8101273Z [command]/usr/bin/git config --local --name-only --get-regexp core\.sshCommand
Test on bun 20.x (ubuntu-latest)	Checkout code	2026-09-16T08:32:17.8243750Z [command]/usr/bin/git submodule foreach --recursive sh -c "git config --local --name-only --get-regexp 'core\.sshCommand' && git config --local --unset-all 'core.sshCommand' || :"
Test on bun 20.x (ubuntu-latest)	Checkout code	2026-09-16T08:32:17.8526213Z Removing HTTP extra header
Test on bun 20.x (ubuntu-latest)	Checkout code	2026-09-16T08:32:17.8535659Z [command]/usr/bin/git config --local --name-only --get-regexp http\.https\:\/\/github\.com\/\.extraheader
Test on bun 20.x (ubuntu-latest)	Checkout code	2026-09-16T08:32:17.8581553Z [command]/usr/bin/git submodule foreach --recursive sh -c "git config --local --name-only --get-regexp 'http\.https\:\/\/github\.com\/\.extraheader' && git config --local --unset-all 'http.https://github.com/.extraheader' || :"
Test on bun 20.x (ubuntu-latest)	Checkout code	2026-09-16T08:32:17.8840488Z Removing includeIf entries pointing to credentials config files
Test on bun 20.x (ubuntu-latest)	Checkout code	2026-09-16T08:32:17.8848499Z [command]/usr/bin/git config --local --name-only --get-regexp ^includeIf\.gitdir:
Test on bun 20.x (ubuntu-latest)	Checkout code	2026-09-16T08:32:17.8890934Z [command]/usr/bin/git submodule foreach --recursive git config --local --show-origin --name-only --get-regexp remote.origin.url
Test on bun 20.x (ubuntu-latest)	Checkout code	2026-09-16T08:32:17.9151343Z [command]/usr/bin/git config --file /home/runner/work/_temp/git-credentials-48b7c0aa-ad9b-4401-b746-8ba258c0fcb1.config http.https://github.com/.extraheader AUTHORIZATION: basic ***
Test on bun 20.x (ubuntu-latest)	Checkout code	2026-09-16T08:32:17.9198751Z [command]/usr/bin/git config --local includeIf.gitdir:/home/runner/work/use-m/use-m/.git.path /home/runner/work/_temp/git-credentials-48b7c0aa-ad9b-4401-b746-8ba258c0fcb1.config
Test on bun 20.x (ubuntu-latest)	Checkout code	2026-09-16T08:32:17.9245012Z [command]/usr/bin/git config --local includeIf.gitdir:/home/runner/work/use-m/use-m/.git/worktrees/*.path /home/runner/work/_temp/git-credentials-48b7c0aa-ad9b-4401-b746-8ba258c0fcb1.config
Test on bun 20.x (ubuntu-latest)	Checkout code	2026-09-16T08:32:17.9284917Z [command]/usr/bin/git config --local includeIf.gitdir:/github/workspace/.git.path /github/runner_temp/git-credentials-48b7c0aa-ad9b-4401-b746-8ba258c0fcb1.config
Test on bun 20.x (ubuntu-latest)	Checkout code	2026-09-16T08:32:17.9324099Z [command]/usr/bin/git config --local includeIf.gitdir:/github/workspace/.git/worktrees/*.path /github/runner_temp/git-credentials-48b7c0aa-ad9b-4401-b746-8ba258c0fcb1.config
Test on bun 20.x (ubuntu-latest)	Checkout code	2026-09-16T08:32:17.9359469Z ##[endgroup]
Test on bun 20.x (ubuntu-latest)	Checkout code	2026-09-16T08:32:17.9360989Z ##[group]Fetching the repository
Test on bun 20.x (ubuntu-latest)	Checkout code	2026-09-16T08:32:17.9368814Z [command]/usr/bin/git -c protocol.version=2 fetch --no-tags --prune --no-recurse-submodules --depth=1 origin +cf37a7ea6b52c4c42810335e94425a7a2381cf13:refs/remotes/pull/51/merge
Test on bun 20.x (ubuntu-latest)	Checkout code	2026-09-16T08:32:18.6509442Z From https://github.com/link-foundation/use-m
Test on bun 20.x (ubuntu-latest)	Checkout code	2026-09-16T08:32:18.6510419Z  * [new ref]         cf37a7ea6b52c4c42810335e94425a7a2381cf13 -> pull/51/merge
Test on bun 20.x (ubuntu-latest)	Checkout code	2026-09-16T08:32:18.6515772Z ##[endgroup]
Test on bun 20.x (ubuntu-latest)	Checkout code	2026-09-16T08:32:18.6516551Z ##[group]Determining the checkout info
Test on bun 20.x (ubuntu-latest)	Checkout code	2026-09-16T08:32:18.6517788Z ##[endgroup]
Test on bun 20.x (ubuntu-latest)	Checkout code	2026-09-16T08:32:18.6522893Z [command]/usr/bin/git sparse-checkout disable
Test on bun 20.x (ubuntu-latest)	Checkout code	2026-09-16T08:32:18.6579104Z [command]/usr/bin/git config --local --unset-all extensions.worktreeConfig
Test on bun 20.x (ubuntu-latest)	Checkout code	2026-09-16T08:32:18.6618044Z ##[group]Checking out the ref
Test on bun 20.x (ubuntu-latest)	Checkout code	2026-09-16T08:32:18.6622686Z [command]/usr/bin/git checkout --progress --force refs/remotes/pull/51/merge
Test on bun 20.x (ubuntu-latest)	Checkout code	2026-09-16T08:32:18.7009196Z Note: switching to 'refs/remotes/pull/51/merge'.
Test on bun 20.x (ubuntu-latest)	Checkout code	2026-09-16T08:32:18.7009756Z 
Test on bun 20.x (ubuntu-latest)	Checkout code	2026-09-16T08:32:18.7010089Z You are in 'detached HEAD' state. You can look around, make experimental
Test on bun 20.x (ubuntu-latest)	Checkout code	2026-09-16T08:32:18.7010815Z changes and commit them, and you can discard any commits you make in this
Test on bun 20.x (ubuntu-latest)	Checkout code	2026-09-16T08:32:18.7011571Z state without impacting any branches by switching back to a branch.
Test on bun 20.x (ubuntu-latest)	Checkout code	2026-09-16T08:32:18.7011982Z 
Test on bun 20.x (ubuntu-latest)	Checkout code	2026-09-16T08:32:18.7012289Z If you want to create a new branch to retain commits you create, you may
Test on bun 20.x (ubuntu-latest)	Checkout code	2026-09-16T08:32:18.7013013Z do so (now or later) by using -c with the switch command. Example:
Test on bun 20.x (ubuntu-latest)	Checkout code	2026-09-16T08:32:18.7013386Z 
Test on bun 20.x (ubuntu-latest)	Checkout code	2026-09-16T08:32:18.7013603Z   git switch -c <new-branch-name>
Test on bun 20.x (ubuntu-latest)	Checkout code	2026-09-16T08:32:18.7013887Z 
Test on bun 20.x (ubuntu-latest)	Checkout code	2026-09-16T08:32:18.7014093Z Or undo this operation with:
Test on bun 20.x (ubuntu-latest)	Checkout code	2026-09-16T08:32:18.7014368Z 
Test on bun 20.x (ubuntu-latest)	Checkout code	2026-09-16T08:32:18.7014566Z   git switch -
Test on bun 20.x (ubuntu-latest)	Checkout code	2026-09-16T08:32:18.7014814Z 
Test on bun 20.x (ubuntu-latest)	Checkout code	2026-09-16T08:32:18.7015145Z Turn off this advice by setting config variable advice.detachedHead to false
Test on bun 20.x (ubuntu-latest)	Checkout code	2026-09-16T08:32:18.7015563Z 
Test on bun 20.x (ubuntu-latest)	Checkout code	2026-09-16T08:32:18.7016021Z HEAD is now at cf37a7e Merge a09e0e662b832c8e029f25fa3f31715ebf733eff into 5378cba033e9105307a25e3f1a176ff689b716f0
Test on bun 20.x (ubuntu-latest)	Checkout code	2026-09-16T08:32:18.7020704Z ##[endgroup]
Test on bun 20.x (ubuntu-latest)	Checkout code	2026-09-16T08:32:18.7071248Z [command]/usr/bin/git log -1 --format=%H
Test on bun 20.x (ubuntu-latest)	Checkout code	2026-09-16T08:32:18.7103972Z cf37a7ea6b52c4c42810335e94425a7a2381cf13
Test on bun 20.x (ubuntu-latest)	Setup Node.js	﻿2026-09-16T08:32:18.7471436Z ##[group]Run actions/setup-node@v6
Test on bun 20.x (ubuntu-latest)	Setup Node.js	2026-09-16T08:32:18.7471995Z with:
Test on bun 20.x (ubuntu-latest)	Setup Node.js	2026-09-16T08:32:18.7472402Z   node-version: 20.x
Test on bun 20.x (ubuntu-latest)	Setup Node.js	2026-09-16T08:32:18.7472828Z   cache: npm
Test on bun 20.x (ubuntu-latest)	Setup Node.js	2026-09-16T08:32:18.7473232Z   check-latest: false
Test on bun 20.x (ubuntu-latest)	Setup Node.js	2026-09-16T08:32:18.7476096Z   token: ***
Test on bun 20.x (ubuntu-latest)	Setup Node.js	2026-09-16T08:32:18.7476522Z   package-manager-cache: true
Test on bun 20.x (ubuntu-latest)	Setup Node.js	2026-09-16T08:32:18.7476979Z ##[endgroup]
Test on bun 20.x (ubuntu-latest)	Setup Node.js	2026-09-16T08:32:18.9048094Z Attempting to download 20.x...
Test on bun 20.x (ubuntu-latest)	Setup Node.js	2026-09-16T08:32:19.6888636Z Acquiring 20.20.2 - x64 from https://github.com/actions/node-versions/releases/download/20.20.2-23521894959/node-20.20.2-linux-x64.tar.gz
Test on bun 20.x (ubuntu-latest)	Setup Node.js	2026-09-16T08:32:20.2440054Z Extracting ...
Test on bun 20.x (ubuntu-latest)	Setup Node.js	2026-09-16T08:32:20.2565500Z [command]/usr/bin/tar xz --strip 1 --warning=no-unknown-keyword --overwrite -C /home/runner/work/_temp/6be08578-28b1-486e-87aa-7896939ca8c1 -f /home/runner/work/_temp/d53a2e85-d456-455a-ad75-3ed9e55fc34e
Test on bun 20.x (ubuntu-latest)	Setup Node.js	2026-09-16T08:32:21.3466925Z Adding to the cache ...
Test on bun 20.x (ubuntu-latest)	Setup Node.js	2026-09-16T08:32:22.9471811Z ##[group]Environment details
Test on bun 20.x (ubuntu-latest)	Setup Node.js	2026-09-16T08:32:23.1835230Z node: v20.20.2
Test on bun 20.x (ubuntu-latest)	Setup Node.js	2026-09-16T08:32:23.1835814Z npm: 10.8.2
Test on bun 20.x (ubuntu-latest)	Setup Node.js	2026-09-16T08:32:23.1836106Z yarn: 1.22.22
Test on bun 20.x (ubuntu-latest)	Setup Node.js	2026-09-16T08:32:23.1839653Z ##[endgroup]
Test on bun 20.x (ubuntu-latest)	Setup Node.js	2026-09-16T08:32:23.1855978Z [command]/opt/hostedtoolcache/node/20.20.2/x64/bin/npm config get cache
Test on bun 20.x (ubuntu-latest)	Setup Node.js	2026-09-16T08:32:23.2948775Z /home/runner/.npm
Test on bun 20.x (ubuntu-latest)	Setup Node.js	2026-09-16T08:32:23.4502180Z Cache hit for: node-cache-Linux-x64-npm-12813ae39a61b5fed7681502803cfede24735d033f8430fc26d535be6b212b6a
Test on bun 20.x (ubuntu-latest)	Setup Node.js	2026-09-16T08:32:24.4056718Z Received 14420882 of 14420882 (100.0%), 18.0 MBs/sec
Test on bun 20.x (ubuntu-latest)	Setup Node.js	2026-09-16T08:32:24.4057762Z Cache Size: ~14 MB (14420882 B)
Test on bun 20.x (ubuntu-latest)	Setup Node.js	2026-09-16T08:32:24.4166354Z [command]/usr/bin/tar -xf /home/runner/work/_temp/589b511e-4f1c-4dd5-9ba2-228f4915c9b6/cache.tzst -P -C /home/runner/work/use-m/use-m --use-compress-program unzstd
Test on bun 20.x (ubuntu-latest)	Setup Node.js	2026-09-16T08:32:24.5386526Z Cache restored successfully
Test on bun 20.x (ubuntu-latest)	Setup Node.js	2026-09-16T08:32:24.5399221Z Cache restored from key: node-cache-Linux-x64-npm-12813ae39a61b5fed7681502803cfede24735d033f8430fc26d535be6b212b6a
Test on bun 20.x (ubuntu-latest)	Setup Bun	﻿2026-09-16T08:32:24.5633415Z ##[group]Run oven-sh/setup-bun@v2
Test on bun 20.x (ubuntu-latest)	Setup Bun	2026-09-16T08:32:24.5633910Z with:
Test on bun 20.x (ubuntu-latest)	Setup Bun	2026-09-16T08:32:24.5634139Z   bun-version: latest
Test on bun 20.x (ubuntu-latest)	Setup Bun	2026-09-16T08:32:24.5634377Z   no-cache: false
Test on bun 20.x (ubuntu-latest)	Setup Bun	2026-09-16T08:32:24.5636897Z   token: ***
Test on bun 20.x (ubuntu-latest)	Setup Bun	2026-09-16T08:32:24.5637332Z ##[endgroup]
Test on bun 20.x (ubuntu-latest)	Setup Bun	2026-09-16T08:32:25.1332737Z Downloading a new version of Bun: https://github.com/oven-sh/bun/releases/download/bun-v1.4.2/bun-linux-x64.zip
Test on bun 20.x (ubuntu-latest)	Setup Bun	2026-09-16T08:32:25.5763310Z [command]/usr/bin/unzip -o -q /home/runner/work/_temp/77febcf6-3873-40fd-b3a9-6a0291eb3612.zip
Test on bun 20.x (ubuntu-latest)	Setup Bun	2026-09-16T08:32:26.2802087Z [command]/home/runner/.bun/bin/bun --revision
Test on bun 20.x (ubuntu-latest)	Setup Bun	2026-09-16T08:32:26.2856264Z 1.4.2+744846f84
Test on bun 20.x (ubuntu-latest)	Install dependencies	﻿2026-09-16T08:32:26.3042250Z ##[group]Run npm ci --no-audit --no-fund
Test on bun 20.x (ubuntu-latest)	Install dependencies	2026-09-16T08:32:26.3042723Z ^[[36;1mnpm ci --no-audit --no-fund^[[0m
Test on bun 20.x (ubuntu-latest)	Install dependencies	2026-09-16T08:32:26.3085818Z shell: /usr/bin/bash -e {0}
Test on bun 20.x (ubuntu-latest)	Install dependencies	2026-09-16T08:32:26.3086182Z ##[endgroup]
Test on bun 20.x (ubuntu-latest)	Install dependencies	2026-09-16T08:32:34.6883048Z 
Test on bun 20.x (ubuntu-latest)	Install dependencies	2026-09-16T08:32:34.6883707Z added 476 packages in 8s
Test on bun 20.x (ubuntu-latest)	Run Bun tests	﻿2026-09-16T08:32:34.7211466Z ##[group]Run bun test
Test on bun 20.x (ubuntu-latest)	Run Bun tests	2026-09-16T08:32:34.7211913Z ^[[36;1mbun test^[[0m
Test on bun 20.x (ubuntu-latest)	Run Bun tests	2026-09-16T08:32:34.7263559Z shell: /usr/bin/bash -e {0}
Test on bun 20.x (ubuntu-latest)	Run Bun tests	2026-09-16T08:32:34.7263983Z ##[endgroup]
Test on bun 20.x (ubuntu-latest)	Run Bun tests	2026-09-16T08:32:34.7361175Z bun test v1.4.2 (744846f84)
Test on bun 20.x (ubuntu-latest)	Run Bun tests	2026-09-16T08:32:34.7402107Z 
Test on bun 20.x (ubuntu-latest)	Run Bun tests	2026-09-16T08:32:34.7402945Z ##[group]tests/typescript.test.cjs:
Test on bun 20.x (ubuntu-latest)	Run Bun tests	2026-09-16T08:32:35.2619019Z (pass) [cjs module] typescript > [cjs module] use typescript [516.18ms]
Test on bun 20.x (ubuntu-latest)	Run Bun tests	2026-09-16T08:32:35.2619635Z 
Test on bun 20.x (ubuntu-latest)	Run Bun tests	2026-09-16T08:32:35.2620161Z ##[endgroup]
Test on bun 20.x (ubuntu-latest)	Run Bun tests	2026-09-16T08:32:35.2620396Z 
Test on bun 20.x (ubuntu-latest)	Run Bun tests	2026-09-16T08:32:35.2620902Z ##[group]tests/builtin-backward-compatibility.test.cjs:
Test on bun 20.x (ubuntu-latest)	Run Bun tests	2026-09-16T08:32:35.2669002Z (pass) [cjs module] Backward compatibility of previously hardcoded built-ins > [cjs module] 'console' still resolves with its documented exports [3.72ms]
Test on bun 20.x (ubuntu-latest)	Run Bun tests	2026-09-16T08:32:35.2684668Z (pass) [cjs module] Backward compatibility of previously hardcoded built-ins > [cjs module] 'crypto' still resolves with its documented exports [1.65ms]
Test on bun 20.x (ubuntu-latest)	Run Bun tests	2026-09-16T08:32:35.2694289Z (pass) [cjs module] Backward compatibility of previously hardcoded built-ins > [cjs module] 'url' still resolves with its documented exports [0.95ms]
Test on bun 20.x (ubuntu-latest)	Run Bun tests	2026-09-16T08:32:35.2701538Z (pass) [cjs module] Backward compatibility of previously hardcoded built-ins > [cjs module] 'performance' still resolves with its documented exports [0.65ms]
Test on bun 20.x (ubuntu-latest)	Run Bun tests	2026-09-16T08:32:35.2721592Z (pass) [cjs module] Backward compatibility of previously hardcoded built-ins > [cjs module] 'fs' still resolves with its documented exports [1.25ms]
Test on bun 20.x (ubuntu-latest)	Run Bun tests	2026-09-16T08:32:35.2724668Z (pass) [cjs module] Backward compatibility of previously hardcoded built-ins > [cjs module] 'fs/promises' still resolves with its documented exports [1.12ms]
Test on bun 20.x (ubuntu-latest)	Run Bun tests	2026-09-16T08:32:35.2736692Z (pass) [cjs module] Backward compatibility of previously hardcoded built-ins > [cjs module] 'dns/promises' still resolves with its documented exports [1.16ms]
Test on bun 20.x (ubuntu-latest)	Run Bun tests	2026-09-16T08:32:35.2740366Z (pass) [cjs module] Backward compatibility of previously hardcoded built-ins > [cjs module] 'stream/promises' still resolves with its documented exports [0.37ms]
Test on bun 20.x (ubuntu-latest)	Run Bun tests	2026-09-16T08:32:35.2764454Z (pass) [cjs module] Backward compatibility of previously hardcoded built-ins > [cjs module] 'readline/promises' still resolves with its documented exports [2.33ms]
Test on bun 20.x (ubuntu-latest)	Run Bun tests	2026-09-16T08:32:35.2768700Z (pass) [cjs module] Backward compatibility of previously hardcoded built-ins > [cjs module] 'timers/promises' still resolves with its documented exports [0.40ms]
Test on bun 20.x (ubuntu-latest)	Run Bun tests	2026-09-16T08:32:35.2770685Z (pass) [cjs module] Backward compatibility of previously hardcoded built-ins > [cjs module] 'path' still resolves with its documented exports [0.20ms]
Test on bun 20.x (ubuntu-latest)	Run Bun tests	2026-09-16T08:32:35.2772543Z (pass) [cjs module] Backward compatibility of previously hardcoded built-ins > [cjs module] 'os' still resolves with its documented exports [0.15ms]
Test on bun 20.x (ubuntu-latest)	Run Bun tests	2026-09-16T08:32:35.2774374Z (pass) [cjs module] Backward compatibility of previously hardcoded built-ins > [cjs module] 'util' still resolves with its documented exports [0.15ms]
Test on bun 20.x (ubuntu-latest)	Run Bun tests	2026-09-16T08:32:35.2776193Z (pass) [cjs module] Backward compatibility of previously hardcoded built-ins > [cjs module] 'events' still resolves with its documented exports [0.19ms]
Test on bun 20.x (ubuntu-latest)	Run Bun tests	2026-09-16T08:32:35.2778872Z (pass) [cjs module] Backward compatibility of previously hardcoded built-ins > [cjs module] 'stream' still resolves with its documented exports [0.17ms]
Test on bun 20.x (ubuntu-latest)	Run Bun tests	2026-09-16T08:32:35.2780686Z (pass) [cjs module] Backward compatibility of previously hardcoded built-ins > [cjs module] 'buffer' still resolves with its documented exports [0.13ms]
Test on bun 20.x (ubuntu-latest)	Run Bun tests	2026-09-16T08:32:35.2799145Z (pass) [cjs module] Backward compatibility of previously hardcoded built-ins > [cjs module] 'process' still resolves with its documented exports [1.65ms]
Test on bun 20.x (ubuntu-latest)	Run Bun tests	2026-09-16T08:32:35.2801330Z (pass) [cjs module] Backward compatibility of previously hardcoded built-ins > [cjs module] 'child_process' still resolves with its documented exports [0.14ms]
Test on bun 20.x (ubuntu-latest)	Run Bun tests	2026-09-16T08:32:35.2860344Z (pass) [cjs module] Backward compatibility of previously hardcoded built-ins > [cjs module] 'http' still resolves with its documented exports [6.32ms]
Test on bun 20.x (ubuntu-latest)	Run Bun tests	2026-09-16T08:32:35.2866621Z (pass) [cjs module] Backward compatibility of previously hardcoded built-ins > [cjs module] 'https' still resolves with its documented exports [0.62ms]
Test on bun 20.x (ubuntu-latest)	Run Bun tests	2026-09-16T08:32:35.2891508Z (pass) [cjs module] Backward compatibility of previously hardcoded built-ins > [cjs module] 'net' still resolves with its documented exports [2.47ms]
Test on bun 20.x (ubuntu-latest)	Run Bun tests	2026-09-16T08:32:35.2893394Z (pass) [cjs module] Backward compatibility of previously hardcoded built-ins > [cjs module] 'dns' still resolves with its documented exports [0.17ms]
Test on bun 20.x (ubuntu-latest)	Run Bun tests	2026-09-16T08:32:35.2909866Z (pass) [cjs module] Backward compatibility of previously hardcoded built-ins > [cjs module] 'zlib' still resolves with its documented exports [1.65ms]
Test on bun 20.x (ubuntu-latest)	Run Bun tests	2026-09-16T08:32:35.2917358Z (pass) [cjs module] Backward compatibility of previously hardcoded built-ins > [cjs module] 'querystring' still resolves with its documented exports [0.73ms]
Test on bun 20.x (ubuntu-latest)	Run Bun tests	2026-09-16T08:32:35.2932203Z (pass) [cjs module] Backward compatibility of previously hardcoded built-ins > [cjs module] 'assert' still resolves with its documented exports [1.49ms]
Test on bun 20.x (ubuntu-latest)	Run Bun tests	2026-09-16T08:32:35.2950176Z (pass) [cjs module] Backward compatibility of previously hardcoded built-ins > [cjs module] every previously hardcoded built-in is still claimed by the builtin resolver [1.53ms]
Test on bun 20.x (ubuntu-latest)	Run Bun tests	2026-09-16T08:32:35.2988949Z (pass) [cjs module] Backward compatibility of previously hardcoded built-ins > [cjs module] resolved built-ins expose every named export of the runtime's own module [3.08ms]
Test on bun 20.x (ubuntu-latest)	Run Bun tests	2026-09-16T08:32:35.3018789Z (pass) [cjs module] Backward compatibility of previously hardcoded built-ins > [cjs module] resolved built-ins keep the runtime's own default export [1.44ms]
Test on bun 20.x (ubuntu-latest)	Run Bun tests	2026-09-16T08:32:35.3028562Z (pass) [cjs module] Backward compatibility of previously hardcoded built-ins > [cjs module] 'events' and 'stream' keep their historical default exports [0.16ms]
Test on bun 20.x (ubuntu-latest)	Run Bun tests	2026-09-16T08:32:35.3030480Z (pass) [cjs module] Backward compatibility of previously hardcoded built-ins > [cjs module] 'assert' stays callable through its default export [1.05ms]
Test on bun 20.x (ubuntu-latest)	Run Bun tests	2026-09-16T08:32:35.3031972Z (pass) [cjs module] Backward compatibility of previously hardcoded built-ins > [cjs module] 'process' keeps the properties the Deno-specific branch used to copy [0.29ms]
Test on bun 20.x (ubuntu-latest)	Run Bun tests	2026-09-16T08:32:35.3033756Z (pass) [cjs module] Backward compatibility of previously hardcoded built-ins > [cjs module] 'performance' still maps onto the performance object [0.26ms]
Test on bun 20.x (ubuntu-latest)	Run Bun tests	2026-09-16T08:32:35.3035631Z (pass) [cjs module] Backward compatibility of previously hardcoded built-ins > [cjs module] rebuilt built-ins keep the full surface of the runtime's module [0.65ms]
Test on bun 20.x (ubuntu-latest)	Run Bun tests	2026-09-16T08:32:35.3048714Z (pass) [cjs module] Backward compatibility of previously hardcoded built-ins > [cjs module] built-ins resolve identically with and without the node: prefix [2.65ms]
Test on bun 20.x (ubuntu-latest)	Run Bun tests	2026-09-16T08:32:35.3050162Z 
Test on bun 20.x (ubuntu-latest)	Run Bun tests	2026-09-16T08:32:35.3050894Z ##[endgroup]
Test on bun 20.x (ubuntu-latest)	Run Bun tests	2026-09-16T08:32:35.3061693Z 
Test on bun 20.x (ubuntu-latest)	Run Bun tests	2026-09-16T08:32:35.3062508Z ##[group]tests/command-stream.test.mjs:
Test on bun 20.x (ubuntu-latest)	Run Bun tests	2026-09-16T08:32:35.5938354Z (pass) [mjs module] command-stream module import > [mjs module] Direct ESM Import [287.92ms]
Test on bun 20.x (ubuntu-latest)	Run Bun tests	2026-09-16T08:32:35.5984191Z (pass) [mjs module] command-stream module import > [mjs module] Dynamic ESM Import of CJS [4.71ms]
Test on bun 20.x (ubuntu-latest)	Run Bun tests	2026-09-16T08:32:35.6031027Z (pass) [mjs module] command-stream module import > [mjs module] Dynamic ESM Import of MJS [4.64ms]
Test on bun 20.x (ubuntu-latest)	Run Bun tests	2026-09-16T08:32:35.6031885Z 
Test on bun 20.x (ubuntu-latest)	Run Bun tests	2026-09-16T08:32:35.6032621Z ##[endgroup]
Test on bun 20.x (ubuntu-latest)	Run Bun tests	2026-09-16T08:32:35.6032897Z 
Test on bun 20.x (ubuntu-latest)	Run Bun tests	2026-09-16T08:32:35.6033447Z ##[group]tests/builtin-errors.test.mjs:
Test on bun 20.x (ubuntu-latest)	Run Bun tests	2026-09-16T08:32:35.6038600Z (pass) [mjs module] Built-in module error handling > [mjs module] should return null for non-builtin modules from builtin resolver [0.12ms]
Test on bun 20.x (ubuntu-latest)	Run Bun tests	2026-09-16T08:32:35.6040730Z (pass) [mjs module] Built-in module error handling > [mjs module] should throw error for unsupported builtin modules [0.17ms]
Test on bun 20.x (ubuntu-latest)	Run Bun tests	2026-09-16T08:32:35.6044961Z (pass) [mjs module] Built-in module error handling > [mjs module] should handle modules not available in browser environment [0.24ms]
Test on bun 20.x (ubuntu-latest)	Run Bun tests	2026-09-16T08:32:35.7661293Z (pass) [mjs module] Built-in module error handling > [mjs module] should only work with exact lowercase module names [160.42ms]
Test on bun 20.x (ubuntu-latest)	Run Bun tests	2026-09-16T08:32:35.7663730Z (pass) [mjs module] Built-in module error handling > [mjs module] should handle node: prefix removal correctly [0.40ms]
Test on bun 20.x (ubuntu-latest)	Run Bun tests	2026-09-16T08:32:35.7665479Z (pass) [mjs module] Built-in module error handling > [mjs module] should throw meaningful errors for import failures [0.13ms]
Test on bun 20.x (ubuntu-latest)	Run Bun tests	2026-09-16T08:32:35.7667668Z (pass) [mjs module] Built-in module error handling > [mjs module] builtin resolver should handle empty/invalid module specifiers gracefully [0.12ms]
Test on bun 20.x (ubuntu-latest)	Run Bun tests	2026-09-16T08:32:35.7669695Z (pass) [mjs module] Built-in module error handling > [mjs module] should handle modules with special characters in names [0.07ms]
Test on bun 20.x (ubuntu-latest)	Run Bun tests	2026-09-16T08:32:35.7670697Z 
Test on bun 20.x (ubuntu-latest)	Run Bun tests	2026-09-16T08:32:35.7671658Z ##[endgroup]
Test on bun 20.x (ubuntu-latest)	Run Bun tests	2026-09-16T08:32:35.7672025Z 
Test on bun 20.x (ubuntu-latest)	Run Bun tests	2026-09-16T08:32:35.7672669Z ##[group]tests/load.test.cjs:
Test on bun 20.x (ubuntu-latest)	Run Bun tests	2026-09-16T08:32:35.7678485Z (pass) [cjs module] looksLikeUseModule > [cjs module] accepts the real shipped use.js [0.39ms]
Test on bun 20.x (ubuntu-latest)	Run Bun tests	2026-09-16T08:32:35.7679917Z (pass) [cjs module] looksLikeUseModule > [cjs module] accepts a long module-like body [0.11ms]
Test on bun 20.x (ubuntu-latest)	Run Bun tests	2026-09-16T08:32:35.7681191Z (pass) [cjs module] looksLikeUseModule > [cjs module] rejects common CDN plain-text error bodies [0.07ms]
Test on bun 20.x (ubuntu-latest)	Run Bun tests	2026-09-16T08:32:35.7682360Z (pass) [cjs module] looksLikeUseModule > [cjs module] rejects HTML error pages [0.02ms]
Test on bun 20.x (ubuntu-latest)	Run Bun tests	2026-09-16T08:32:35.7683648Z (pass) [cjs module] looksLikeUseModule > [cjs module] rejects empty, whitespace, short, and non-string input [0.04ms]
Test on bun 20.x (ubuntu-latest)	Run Bun tests	2026-09-16T08:32:35.7685065Z (pass) [cjs module] DEFAULT_SOURCES > [cjs module] lists unpkg, jsDelivr and esm.sh in priority order [0.02ms]
Test on bun 20.x (ubuntu-latest)	Run Bun tests	2026-09-16T08:32:35.7708402Z (pass) [cjs module] loadUseM > [cjs module] resolves the use object from the first working source [1.19ms]
Test on bun 20.x (ubuntu-latest)	Run Bun tests	2026-09-16T08:32:35.7713600Z (pass) [cjs module] loadUseM > [cjs module] evaluates the real shipped use.js into a working module [2.12ms]
Test on bun 20.x (ubuntu-latest)	Run Bun tests	2026-09-16T08:32:35.7718584Z (pass) [cjs module] loadUseM > [cjs module] falls back to a later mirror when earlier ones fail [0.42ms]
Test on bun 20.x (ubuntu-latest)	Run Bun tests	2026-09-16T08:32:35.7728408Z (pass) [cjs module] loadUseM > [cjs module] retries a flaky source before succeeding [0.23ms]
Test on bun 20.x (ubuntu-latest)	Run Bun tests	2026-09-16T08:32:35.7730148Z (pass) [cjs module] loadUseM > [cjs module] throws a clear aggregated error (not SyntaxError) when every source fails [0.46ms]
Test on bun 20.x (ubuntu-latest)	Run Bun tests	2026-09-16T08:32:35.7732971Z (pass) [cjs module] loadUseM > [cjs module] surfaces the HTTP status for non-ok responses [0.18ms]
Test on bun 20.x (ubuntu-latest)	Run Bun tests	2026-09-16T08:32:35.7734963Z (pass) [cjs module] loadUseM > [cjs module] rejects when the evaluated module lacks a use function [0.26ms]
Test on bun 20.x (ubuntu-latest)	Run Bun tests	2026-09-16T08:32:35.7736551Z (pass) [cjs module] loadUseM > [cjs module] does not let eval errors from a malformed body escape [0.28ms]
Test on bun 20.x (ubuntu-latest)	Run Bun tests	2026-09-16T08:32:35.7738233Z (pass) [cjs module] loadUseM > [cjs module] reports a clear error when fetch is unavailable [0.13ms]
Test on bun 20.x (ubuntu-latest)	Run Bun tests	2026-09-16T08:32:35.7739577Z (pass) [cjs module] loadUseM > [cjs module] honors a custom evaluate hook [0.16ms]
Test on bun 20.x (ubuntu-latest)	Run Bun tests	2026-09-16T08:32:35.8242608Z (pass) [cjs module] loadUseM > [cjs module] times out a hanging request and reports it [50.59ms]
Test on bun 20.x (ubuntu-latest)	Run Bun tests	2026-09-16T08:32:35.8243731Z 
Test on bun 20.x (ubuntu-latest)	Run Bun tests	2026-09-16T08:32:35.8244218Z ##[endgroup]
Test on bun 20.x (ubuntu-latest)	Run Bun tests	2026-09-16T08:32:35.8244581Z 
Test on bun 20.x (ubuntu-latest)	Run Bun tests	2026-09-16T08:32:35.8245287Z ##[group]tests/esm-sh-polyfill-browser.test.mjs:
Test on bun 20.x (ubuntu-latest)	Run Bun tests	2026-09-16T08:32:47.8402846Z (pass) [mjs module] esm.sh browser polyfill handling > [mjs module] process and filename browser shims still use CDN resolver [1.13ms]
Test on bun 20.x (ubuntu-latest)	Run Bun tests	2026-09-16T08:32:48.0318404Z 
Test on bun 20.x (ubuntu-latest)	Run Bun tests	2026-09-16T08:32:48.0319418Z ##[endgroup]
Test on bun 20.x (ubuntu-latest)	Run Bun tests	2026-09-16T08:32:48.0319645Z 
Test on bun 20.x (ubuntu-latest)	Run Bun tests	2026-09-16T08:32:48.0320174Z ##[group]tests/fallback.test.cjs:
Test on bun 20.x (ubuntu-latest)	Run Bun tests	2026-09-16T08:32:48.0332202Z (pass) [cjs module] loadWithFallback (shared engine) > [cjs module] returns the first source's result without trying later ones [0.15ms]
Test on bun 20.x (ubuntu-latest)	Run Bun tests	2026-09-16T08:32:48.0333747Z (pass) [cjs module] loadWithFallback (shared engine) > [cjs module] falls back to a later source when earlier ones fail [0.19ms]
Test on bun 20.x (ubuntu-latest)	Run Bun tests	2026-09-16T08:32:48.0335294Z (pass) [cjs module] loadWithFallback (shared engine) > [cjs module] retries a flaky source before succeeding [0.18ms]
Test on bun 20.x (ubuntu-latest)	Run Bun tests	2026-09-16T08:32:48.0339720Z (pass) [cjs module] loadWithFallback (shared engine) > [cjs module] throws ONE aggregated error listing every attempt [0.33ms]
Test on bun 20.x (ubuntu-latest)	Run Bun tests	2026-09-16T08:32:48.0340808Z (pass) [cjs module] loadWithFallback (shared engine) > [cjs module] rejects empty or non-array sources [0.18ms]
Test on bun 20.x (ubuntu-latest)	Run Bun tests	2026-09-16T08:32:48.0341790Z (pass) [cjs module] loadWithFallback (shared engine) > [cjs module] rejects a missing load function [0.10ms]
Test on bun 20.x (ubuntu-latest)	Run Bun tests	2026-09-16T08:32:48.0345743Z (pass) [cjs module] makeUse per-package CDN fallback > [cjs module] falls back to the next mirror when one import fails [0.38ms]
Test on bun 20.x (ubuntu-latest)	Run Bun tests	2026-09-16T08:32:48.0349722Z (pass) [cjs module] makeUse per-package CDN fallback > [cjs module] throws a clear aggregated error when every mirror fails [0.39ms]
Test on bun 20.x (ubuntu-latest)	Run Bun tests	2026-09-16T08:32:48.0352850Z (pass) [cjs module] makeUse per-package CDN fallback > [cjs module] a single explicit resolver imports directly with its raw error (no aggregation) [0.29ms]
Test on bun 20.x (ubuntu-latest)	Run Bun tests	2026-09-16T08:32:48.0354674Z (pass) [cjs module] makeUse per-package CDN fallback > [cjs module] a single-entry specifierResolvers chain also imports directly [0.16ms]
Test on bun 20.x (ubuntu-latest)	Run Bun tests	2026-09-16T08:32:48.0355983Z (pass) [cjs module] makeUse per-package CDN fallback > [cjs module] exposes the default mirror chains [0.03ms]
Test on bun 20.x (ubuntu-latest)	Run Bun tests	2026-09-16T08:32:48.0356387Z 
Test on bun 20.x (ubuntu-latest)	Run Bun tests	2026-09-16T08:32:48.0356794Z ##[endgroup]
Test on bun 20.x (ubuntu-latest)	Run Bun tests	2026-09-16T08:32:48.0356924Z 
Test on bun 20.x (ubuntu-latest)	Run Bun tests	2026-09-16T08:32:48.0357414Z ##[group]tests/deno-support.test.mjs:
Test on bun 20.x (ubuntu-latest)	Run Bun tests	2026-09-16T08:32:48.0361097Z (pass) [mjs module] Deno support > [mjs module] Deno resolver should resolve npm packages to esm.sh [0.09ms]
Test on bun 20.x (ubuntu-latest)	Run Bun tests	2026-09-16T08:32:48.0362297Z (pass) [mjs module] Deno support > [mjs module] Deno resolver should handle scoped packages [0.04ms]
Test on bun 20.x (ubuntu-latest)	Run Bun tests	2026-09-16T08:32:48.0363047Z (pass) [mjs module] Deno support > [mjs module] Deno resolver should handle module paths [0.05ms]
Test on bun 20.x (ubuntu-latest)	Run Bun tests	2026-09-16T08:32:48.0363834Z (pass) [mjs module] Deno support > [mjs module] Deno resolver should handle latest version [0.04ms]
Test on bun 20.x (ubuntu-latest)	Run Bun tests	2026-09-16T08:32:48.0365128Z (pass) [mjs module] Deno support > [mjs module] makeUse should detect Deno runtime when Deno global is present [0.18ms]
Test on bun 20.x (ubuntu-latest)	Run Bun tests	2026-09-16T08:32:48.0366240Z (pass) [mjs module] Deno support > [mjs module] Deno resolver should work with complex package names [0.07ms]
Test on bun 20.x (ubuntu-latest)	Run Bun tests	2026-09-16T08:32:48.0367412Z (pass) [mjs module] Deno support > [mjs module] Deno resolver should handle packages without versions [0.05ms]
Test on bun 20.x (ubuntu-latest)	Run Bun tests	2026-09-16T08:32:48.0368136Z (pass) [mjs module] Deno support > [mjs module] makeUse with explicit deno resolver [0.08ms]
Test on bun 20.x (ubuntu-latest)	Run Bun tests	2026-09-16T08:32:48.0368466Z 
Test on bun 20.x (ubuntu-latest)	Run Bun tests	2026-09-16T08:32:48.0368767Z ##[endgroup]
Test on bun 20.x (ubuntu-latest)	Run Bun tests	2026-09-16T08:32:48.0368940Z 
Test on bun 20.x (ubuntu-latest)	Run Bun tests	2026-09-16T08:32:48.0369197Z ##[group]tests/import.test.mjs:
Test on bun 20.x (ubuntu-latest)	Run Bun tests	2026-09-16T08:32:48.0371339Z (pass) [mjs module] dynamic import support > [mjs module] supportsDynamicImport returns true in .mjs file [0.13ms]
Test on bun 20.x (ubuntu-latest)	Run Bun tests	2026-09-16T08:32:48.0372017Z 
Test on bun 20.x (ubuntu-latest)	Run Bun tests	2026-09-16T08:32:48.0372331Z ##[endgroup]
Test on bun 20.x (ubuntu-latest)	Run Bun tests	2026-09-16T08:32:48.0372461Z 
Test on bun 20.x (ubuntu-latest)	Run Bun tests	2026-09-16T08:32:48.0372766Z ##[group]tests/builtin-backward-compatibility.test.mjs:
Test on bun 20.x (ubuntu-latest)	Run Bun tests	2026-09-16T08:32:48.0385227Z (pass) [mjs module] Backward compatibility of previously hardcoded built-ins > [mjs module] 'console' still resolves with its documented exports [0.25ms]
Test on bun 20.x (ubuntu-latest)	Run Bun tests	2026-09-16T08:32:48.0388094Z (pass) [mjs module] Backward compatibility of previously hardcoded built-ins > [mjs module] 'crypto' still resolves with its documented exports [0.15ms]
Test on bun 20.x (ubuntu-latest)	Run Bun tests	2026-09-16T08:32:48.0390480Z (pass) [mjs module] Backward compatibility of previously hardcoded built-ins > [mjs module] 'url' still resolves with its documented exports [0.07ms]
Test on bun 20.x (ubuntu-latest)	Run Bun tests	2026-09-16T08:32:48.0392316Z (pass) [mjs module] Backward compatibility of previously hardcoded built-ins > [mjs module] 'performance' still resolves with its documented exports [0.19ms]
Test on bun 20.x (ubuntu-latest)	Run Bun tests	2026-09-16T08:32:48.0394120Z (pass) [mjs module] Backward compatibility of previously hardcoded built-ins > [mjs module] 'fs' still resolves with its documented exports [0.20ms]
Test on bun 20.x (ubuntu-latest)	Run Bun tests	2026-09-16T08:32:48.0400807Z (pass) [mjs module] Backward compatibility of previously hardcoded built-ins > [mjs module] 'fs/promises' still resolves with its documented exports [0.91ms]
Test on bun 20.x (ubuntu-latest)	Run Bun tests	2026-09-16T08:32:48.0403059Z (pass) [mjs module] Backward compatibility of previously hardcoded built-ins > [mjs module] 'dns/promises' still resolves with its documented exports [0.15ms]
Test on bun 20.x (ubuntu-latest)	Run Bun tests	2026-09-16T08:32:48.0405147Z (pass) [mjs module] Backward compatibility of previously hardcoded built-ins > [mjs module] 'stream/promises' still resolves with its documented exports [0.08ms]
Test on bun 20.x (ubuntu-latest)	Run Bun tests	2026-09-16T08:32:48.0407391Z (pass) [mjs module] Backward compatibility of previously hardcoded built-ins > [mjs module] 'readline/promises' still resolves with its documented exports [0.07ms]
Test on bun 20.x (ubuntu-latest)	Run Bun tests	2026-09-16T08:32:48.0409380Z (pass) [mjs module] Backward compatibility of previously hardcoded built-ins > [mjs module] 'timers/promises' still resolves with its documented exports [0.06ms]
Test on bun 20.x (ubuntu-latest)	Run Bun tests	2026-09-16T08:32:48.0411253Z (pass) [mjs module] Backward compatibility of previously hardcoded built-ins > [mjs module] 'path' still resolves with its documented exports [0.07ms]
Test on bun 20.x (ubuntu-latest)	Run Bun tests	2026-09-16T08:32:48.0413034Z (pass) [mjs module] Backward compatibility of previously hardcoded built-ins > [mjs module] 'os' still resolves with its documented exports [0.10ms]
Test on bun 20.x (ubuntu-latest)	Run Bun tests	2026-09-16T08:32:48.0414832Z (pass) [mjs module] Backward compatibility of previously hardcoded built-ins > [mjs module] 'util' still resolves with its documented exports [0.09ms]
Test on bun 20.x (ubuntu-latest)	Run Bun tests	2026-09-16T08:32:48.0416693Z (pass) [mjs module] Backward compatibility of previously hardcoded built-ins > [mjs module] 'events' still resolves with its documented exports [0.10ms]
Test on bun 20.x (ubuntu-latest)	Run Bun tests	2026-09-16T08:32:48.0418794Z (pass) [mjs module] Backward compatibility of previously hardcoded built-ins > [mjs module] 'stream' still resolves with its documented exports [0.08ms]
Test on bun 20.x (ubuntu-latest)	Run Bun tests	2026-09-16T08:32:48.0420685Z (pass) [mjs module] Backward compatibility of previously hardcoded built-ins > [mjs module] 'buffer' still resolves with its documented exports [0.06ms]
Test on bun 20.x (ubuntu-latest)	Run Bun tests	2026-09-16T08:32:48.0422598Z (pass) [mjs module] Backward compatibility of previously hardcoded built-ins > [mjs module] 'process' still resolves with its documented exports [0.13ms]
Test on bun 20.x (ubuntu-latest)	Run Bun tests	2026-09-16T08:32:48.0424542Z (pass) [mjs module] Backward compatibility of previously hardcoded built-ins > [mjs module] 'child_process' still resolves with its documented exports [0.10ms]
Test on bun 20.x (ubuntu-latest)	Run Bun tests	2026-09-16T08:32:48.0426420Z (pass) [mjs module] Backward compatibility of previously hardcoded built-ins > [mjs module] 'http' still resolves with its documented exports [0.07ms]
Test on bun 20.x (ubuntu-latest)	Run Bun tests	2026-09-16T08:32:48.0428575Z (pass) [mjs module] Backward compatibility of previously hardcoded built-ins > [mjs module] 'https' still resolves with its documented exports [0.05ms]
Test on bun 20.x (ubuntu-latest)	Run Bun tests	2026-09-16T08:32:48.0430423Z (pass) [mjs module] Backward compatibility of previously hardcoded built-ins > [mjs module] 'net' still resolves with its documented exports [0.08ms]
Test on bun 20.x (ubuntu-latest)	Run Bun tests	2026-09-16T08:32:48.0432211Z (pass) [mjs module] Backward compatibility of previously hardcoded built-ins > [mjs module] 'dns' still resolves with its documented exports [0.09ms]
Test on bun 20.x (ubuntu-latest)	Run Bun tests	2026-09-16T08:32:48.0434053Z (pass) [mjs module] Backward compatibility of previously hardcoded built-ins > [mjs module] 'zlib' still resolves with its documented exports [0.08ms]
Test on bun 20.x (ubuntu-latest)	Run Bun tests	2026-09-16T08:32:48.0436294Z (pass) [mjs module] Backward compatibility of previously hardcoded built-ins > [mjs module] 'querystring' still resolves with its documented exports [0.06ms]
Test on bun 20.x (ubuntu-latest)	Run Bun tests	2026-09-16T08:32:48.0438417Z (pass) [mjs module] Backward compatibility of previously hardcoded built-ins > [mjs module] 'assert' still resolves with its documented exports [0.06ms]
Test on bun 20.x (ubuntu-latest)	Run Bun tests	2026-09-16T08:32:48.0440443Z (pass) [mjs module] Backward compatibility of previously hardcoded built-ins > [mjs module] every previously hardcoded built-in is still claimed by the builtin resolver [1.34ms]
Test on bun 20.x (ubuntu-latest)	Run Bun tests	2026-09-16T08:32:48.0448189Z (pass) [mjs module] Backward compatibility of previously hardcoded built-ins > [mjs module] resolved built-ins expose every named export of the runtime's own module [1.57ms]
Test on bun 20.x (ubuntu-latest)	Run Bun tests	2026-09-16T08:32:48.0457498Z (pass) [mjs module] Backward compatibility of previously hardcoded built-ins > [mjs module] resolved built-ins keep the runtime's own default export [0.91ms]
Test on bun 20.x (ubuntu-latest)	Run Bun tests	2026-09-16T08:32:48.0460247Z (pass) [mjs module] Backward compatibility of previously hardcoded built-ins > [mjs module] 'events' and 'stream' keep their historical default exports [0.24ms]
Test on bun 20.x (ubuntu-latest)	Run Bun tests	2026-09-16T08:32:48.0461685Z (pass) [mjs module] Backward compatibility of previously hardcoded built-ins > [mjs module] 'assert' stays callable through its default export [0.31ms]
Test on bun 20.x (ubuntu-latest)	Run Bun tests	2026-09-16T08:32:48.0464976Z (pass) [mjs module] Backward compatibility of previously hardcoded built-ins > [mjs module] 'process' keeps the properties the Deno-specific branch used to copy [0.30ms]
Test on bun 20.x (ubuntu-latest)	Run Bun tests	2026-09-16T08:32:48.0466698Z (pass) [mjs module] Backward compatibility of previously hardcoded built-ins > [mjs module] 'performance' still maps onto the performance object [0.18ms]
Test on bun 20.x (ubuntu-latest)	Run Bun tests	2026-09-16T08:32:48.0472386Z (pass) [mjs module] Backward compatibility of previously hardcoded built-ins > [mjs module] rebuilt built-ins keep the full surface of the runtime's module [0.51ms]
Test on bun 20.x (ubuntu-latest)	Run Bun tests	2026-09-16T08:32:48.0491027Z (pass) [mjs module] Backward compatibility of previously hardcoded built-ins > [mjs module] built-ins resolve identically with and without the node: prefix [1.82ms]
Test on bun 20.x (ubuntu-latest)	Run Bun tests	2026-09-16T08:32:48.0491817Z 
Test on bun 20.x (ubuntu-latest)	Run Bun tests	2026-09-16T08:32:48.0492280Z ##[endgroup]
Test on bun 20.x (ubuntu-latest)	Run Bun tests	2026-09-16T08:32:48.0492413Z 
Test on bun 20.x (ubuntu-latest)	Run Bun tests	2026-09-16T08:32:48.0492712Z ##[group]tests/module-specifier.test.cjs:
Test on bun 20.x (ubuntu-latest)	Run Bun tests	2026-09-16T08:32:48.0497165Z (pass) [cjs module] parseModuleSpecifier > [cjs module] parses package with name and version [0.03ms]
Test on bun 20.x (ubuntu-latest)	Run Bun tests	2026-09-16T08:32:48.0498655Z (pass) [cjs module] parseModuleSpecifier > [cjs module] parses scoped package with name and version [0.01ms]
Test on bun 20.x (ubuntu-latest)	Run Bun tests	2026-09-16T08:32:48.0499554Z (pass) [cjs module] parseModuleSpecifier > [cjs module] parses package with name, version, and inner path [0.01ms]
Test on bun 20.x (ubuntu-latest)	Run Bun tests	2026-09-16T08:32:48.0500442Z (pass) [cjs module] parseModuleSpecifier > [cjs module] parses package with name, version, and inner path with latest [0.02ms]
Test on bun 20.x (ubuntu-latest)	Run Bun tests	2026-09-16T08:32:48.0501376Z (pass) [cjs module] parseModuleSpecifier > [cjs module] parses scoped package with name, version, and inner path [0.02ms]
Test on bun 20.x (ubuntu-latest)	Run Bun tests	2026-09-16T08:32:48.0502200Z (pass) [cjs module] parseModuleSpecifier > [cjs module] parses package with name only [0.01ms]
Test on bun 20.x (ubuntu-latest)	Run Bun tests	2026-09-16T08:32:48.0502935Z (pass) [cjs module] parseModuleSpecifier > [cjs module] parses scoped package with name only [0.03ms]
Test on bun 20.x (ubuntu-latest)	Run Bun tests	2026-09-16T08:32:48.0503688Z (pass) [cjs module] parseModuleSpecifier > [cjs module] parses yargs@17.7.2/helpers [0.02ms]
Test on bun 20.x (ubuntu-latest)	Run Bun tests	2026-09-16T08:32:48.0504393Z (pass) [cjs module] parseModuleSpecifier > [cjs module] parses yargs@latest/helpers [0.01ms]
Test on bun 20.x (ubuntu-latest)	Run Bun tests	2026-09-16T08:32:48.0505158Z (pass) [cjs module] parseModuleSpecifier > [cjs module] parses yargs/helpers [0.01ms]
Test on bun 20.x (ubuntu-latest)	Run Bun tests	2026-09-16T08:32:48.0505912Z (pass) [cjs module] parseModuleSpecifier > [cjs module] throws error for invalid package identifier [0.03ms]
Test on bun 20.x (ubuntu-latest)	Run Bun tests	2026-09-16T08:32:48.0506317Z 
Test on bun 20.x (ubuntu-latest)	Run Bun tests	2026-09-16T08:32:48.0506584Z ##[endgroup]
Test on bun 20.x (ubuntu-latest)	Run Bun tests	2026-09-16T08:32:48.0506717Z 
Test on bun 20.x (ubuntu-latest)	Run Bun tests	2026-09-16T08:32:48.0507282Z ##[group]tests/resolvers.test.cjs:
Test on bun 20.x (ubuntu-latest)	Run Bun tests	2026-09-16T08:32:48.7840349Z (pass) [cjs module] resolvers tests > [cjs module] npm resolver resolves package path [733.26ms]
Test on bun 20.x (ubuntu-latest)	Run Bun tests	2026-09-16T08:32:49.6642779Z (pass) [cjs module] resolvers tests > [cjs module] npm resolver resolves scoped package path for @octokit/core@6.1.5 [880.23ms]
Test on bun 20.x (ubuntu-latest)	Run Bun tests	2026-09-16T08:32:52.3096748Z (pass) [cjs module] resolvers tests > [cjs module] npm resolver resolves package path with version [2645.38ms]
Test on bun 20.x (ubuntu-latest)	Run Bun tests	2026-09-16T08:32:53.0435339Z (pass) [cjs module] resolvers tests > [cjs module] npm resolver resolves yargs/helpers [733.85ms]
Test on bun 20.x (ubuntu-latest)	Run Bun tests	2026-09-16T08:32:53.6230649Z (pass) [cjs module] resolvers tests > [cjs module] npm resolver resolves yargs@18.0.0/helpers [579.56ms]
Test on bun 20.x (ubuntu-latest)	Run Bun tests	2026-09-16T08:32:54.1325583Z (pass) [cjs module] resolvers tests > [cjs module] npm resolver resolves yargs@latest/helpers [509.45ms]
Test on bun 20.x (ubuntu-latest)	Run Bun tests	2026-09-16T08:32:54.1326856Z (pass) [cjs module] resolvers tests > [cjs module] skypack resolver resolves URL [0.18ms]
Test on bun 20.x (ubuntu-latest)	Run Bun tests	2026-09-16T08:32:54.1328113Z (pass) [cjs module] resolvers tests > [cjs module] skypack resolver resolves subpath [0.07ms]
Test on bun 20.x (ubuntu-latest)	Run Bun tests	2026-09-16T08:32:54.1329181Z (pass) [cjs module] resolvers tests > [cjs module] jsdelivr resolver resolves URL [0.17ms]
Test on bun 20.x (ubuntu-latest)	Run Bun tests	2026-09-16T08:32:54.1330630Z (pass) [cjs module] resolvers tests > [cjs module] jsdelivr resolver resolves subpath [0.07ms]
Test on bun 20.x (ubuntu-latest)	Run Bun tests	2026-09-16T08:32:54.1331655Z (pass) [cjs module] resolvers tests > [cjs module] unpkg resolver resolves URL [0.08ms]
Test on bun 20.x (ubuntu-latest)	Run Bun tests	2026-09-16T08:32:54.1332689Z (pass) [cjs module] resolvers tests > [cjs module] unpkg resolver resolves subpath [0.07ms]
Test on bun 20.x (ubuntu-latest)	Run Bun tests	2026-09-16T08:32:54.1333688Z (pass) [cjs module] resolvers tests > [cjs module] esm resolver resolves URL [0.05ms]
Test on bun 20.x (ubuntu-latest)	Run Bun tests	2026-09-16T08:32:54.1334685Z (pass) [cjs module] resolvers tests > [cjs module] esm resolver resolves subpath [0.04ms]
Test on bun 20.x (ubuntu-latest)	Run Bun tests	2026-09-16T08:32:54.1335689Z (pass) [cjs module] resolvers tests > [cjs module] jspm resolver resolves URL [0.04ms]
Test on bun 20.x (ubuntu-latest)	Run Bun tests	2026-09-16T08:32:54.1336692Z (pass) [cjs module] resolvers tests > [cjs module] jspm resolver resolves subpath [0.05ms]
Test on bun 20.x (ubuntu-latest)	Run Bun tests	2026-09-16T08:32:54.2829873Z (pass) [cjs module] resolvers tests > [cjs module] bun resolver resolves package path [149.49ms]
Test on bun 20.x (ubuntu-latest)	Run Bun tests	2026-09-16T08:32:54.5072375Z (pass) [cjs module] resolvers tests > [cjs module] bun resolver resolves yargs/helpers [224.23ms]
Test on bun 20.x (ubuntu-latest)	Run Bun tests	2026-09-16T08:32:54.6114523Z (pass) [cjs module] resolvers tests > [cjs module] bun resolver resolves yargs@latest/helpers [104.18ms]
Test on bun 20.x (ubuntu-latest)	Run Bun tests	2026-09-16T08:32:54.6115242Z 
Test on bun 20.x (ubuntu-latest)	Run Bun tests	2026-09-16T08:32:54.6115765Z ##[endgroup]
Test on bun 20.x (ubuntu-latest)	Run Bun tests	2026-09-16T08:32:54.6115958Z 
Test on bun 20.x (ubuntu-latest)	Run Bun tests	2026-09-16T08:32:54.6116350Z ##[group]tests/filename.test.cjs:
Test on bun 20.x (ubuntu-latest)	Run Bun tests	2026-09-16T08:32:54.6126296Z (pass) [cjs module] scriptPath detection in CJS (functional) > [cjs module] default pathResolver resolves modules relative to this test file [0.23ms]
Test on bun 20.x (ubuntu-latest)	Run Bun tests	2026-09-16T08:32:54.6129194Z (pass) [cjs module] scriptPath detection in CJS (functional) > [cjs module] override scriptPath does not change pathResolver behavior [0.30ms]
Test on bun 20.x (ubuntu-latest)	Run Bun tests	2026-09-16T08:32:54.6130784Z (pass) [cjs module] scriptPath detection in CJS (fallback) > [cjs module] fallback default resolves modules relative to this test file [0.16ms]
Test on bun 20.x (ubuntu-latest)	Run Bun tests	2026-09-16T08:32:54.6132594Z (pass) [cjs module] scriptPath detection in CJS (fallback) > [cjs module] fallback override scriptPath does not change pathResolver behavior [0.16ms]
Test on bun 20.x (ubuntu-latest)	Run Bun tests	2026-09-16T08:32:54.6134303Z (pass) [cjs module] scriptPath detection in CJS (fallback) > [cjs module] fallback meta override does not change pathResolver behavior [0.16ms]
Test on bun 20.x (ubuntu-latest)	Run Bun tests	2026-09-16T08:32:54.6138168Z (pass) [cjs module] scriptPath detection in CJS (meta URL) > [cjs module] meta override with use.js URL resolves relative to use.js [0.35ms]
Test on bun 20.x (ubuntu-latest)	Run Bun tests	2026-09-16T08:32:54.6138953Z 
Test on bun 20.x (ubuntu-latest)	Run Bun tests	2026-09-16T08:32:54.6139373Z ##[endgroup]
Test on bun 20.x (ubuntu-latest)	Run Bun tests	2026-09-16T08:32:54.6139561Z 
Test on bun 20.x (ubuntu-latest)	Run Bun tests	2026-09-16T08:32:54.6139963Z ##[group]tests/npm-global-prefix.test.mjs:
Test on bun 20.x (ubuntu-latest)	Run Bun tests	2026-09-16T08:32:54.6157285Z (pass) [mjs module] npm global prefix handling > [mjs module] keeps latest and pinned aliases loadable when they share a package binary [0.23ms]
Test on bun 20.x (ubuntu-latest)	Run Bun tests	2026-09-16T08:32:54.6158989Z (pass) [mjs module] npm global prefix handling > [mjs module] never force-installs over an unrelated global executable [0.22ms]
Test on bun 20.x (ubuntu-latest)	Run Bun tests	2026-09-16T08:32:54.6160471Z (pass) [mjs module] npm global prefix handling > [mjs module] redirects installs to use-m cache when npm global root is not writable [0.13ms]
Test on bun 20.x (ubuntu-latest)	Run Bun tests	2026-09-16T08:32:54.6162326Z (pass) [mjs module] npm global prefix handling > [mjs module] keeps the configured npm root when it is writable [0.09ms]
Test on bun 20.x (ubuntu-latest)	Run Bun tests	2026-09-16T08:32:54.6163718Z (pass) [mjs module] npm global prefix handling > [mjs module] respects an explicit npm_config_prefix override [0.12ms]
Test on bun 20.x (ubuntu-latest)	Run Bun tests	2026-09-16T08:32:54.6165141Z (pass) [mjs module] npm global prefix handling > [mjs module] retries transient npm install failures and removes partial aliases [0.10ms]
Test on bun 20.x (ubuntu-latest)	Run Bun tests	2026-09-16T08:32:54.6166812Z (pass) [mjs module] npm global prefix handling > [mjs module] reports captured npm output and cleans up after exhausted retries [0.12ms]
Test on bun 20.x (ubuntu-latest)	Run Bun tests	2026-09-16T08:32:54.6168498Z (pass) [mjs module] npm global prefix handling > [mjs module] gives corrupt-alias cleanup a recursive rm retry budget [0.11ms]
Test on bun 20.x (ubuntu-latest)	Run Bun tests	2026-09-16T08:32:54.6170072Z (pass) [mjs module] npm global prefix handling > [mjs module] repairs a truncated entry point and bypasses the cached syntax failure [0.09ms]
Test on bun 20.x (ubuntu-latest)	Run Bun tests	2026-09-16T08:32:54.6171971Z (pass) [mjs module] npm global prefix handling > [mjs module] repairs an alias missing an internal ESM dependency [0.21ms]
Test on bun 20.x (ubuntu-latest)	Run Bun tests	2026-09-16T08:32:54.6173756Z (pass) [mjs module] npm global prefix handling > [mjs module] repairs an alias with invalid package metadata [0.16ms]
Test on bun 20.x (ubuntu-latest)	Run Bun tests	2026-09-16T08:32:54.6175151Z (pass) [mjs module] npm global prefix handling > [mjs module] repairs an alias whose declared entry point is missing [0.12ms]
Test on bun 20.x (ubuntu-latest)	Run Bun tests	2026-09-16T08:32:54.6176689Z (pass) [mjs module] npm global prefix handling > [mjs module] does not reinstall for an unrelated unwrapped missing-module error [0.08ms]
Test on bun 20.x (ubuntu-latest)	Run Bun tests	2026-09-16T08:32:54.6178579Z (pass) [mjs module] npm global prefix handling > [mjs module] collapses concurrent requests for one package into a single install [0.11ms]
Test on bun 20.x (ubuntu-latest)	Run Bun tests	2026-09-16T08:32:54.6180018Z (pass) [mjs module] npm global prefix handling > [mjs module] keeps a shared failed install retryable [0.12ms]
Test on bun 20.x (ubuntu-latest)	Run Bun tests	2026-09-16T08:32:54.6181456Z (pass) [mjs module] npm global prefix handling > [mjs module] never lets separate processes install one alias at the same time [0.19ms]
Test on bun 20.x (ubuntu-latest)	Run Bun tests	2026-09-16T08:32:54.6181952Z 
Test on bun 20.x (ubuntu-latest)	Run Bun tests	2026-09-16T08:32:54.6182294Z ##[endgroup]
Test on bun 20.x (ubuntu-latest)	Run Bun tests	2026-09-16T08:32:54.6182427Z 
Test on bun 20.x (ubuntu-latest)	Run Bun tests	2026-09-16T08:32:54.6182708Z ##[group]tests/builtin-universal.test.mjs:
Test on bun 20.x (ubuntu-latest)	Run Bun tests	2026-09-16T08:32:54.6187390Z (pass) [mjs module] Universal built-in modules (work in all environments) > [mjs module] console module should work [0.16ms]
Test on bun 20.x (ubuntu-latest)	Run Bun tests	2026-09-16T08:32:54.6188931Z (pass) [mjs module] Universal built-in modules (work in all environments) > [mjs module] crypto module should work [0.19ms]
Test on bun 20.x (ubuntu-latest)	Run Bun tests	2026-09-16T08:32:54.6190359Z (pass) [mjs module] Universal built-in modules (work in all environments) > [mjs module] url module should work [0.16ms]
Test on bun 20.x (ubuntu-latest)	Run Bun tests	2026-09-16T08:32:54.6191809Z (pass) [mjs module] Universal built-in modules (work in all environments) > [mjs module] performance module should work [0.13ms]
Test on bun 20.x (ubuntu-latest)	Run Bun tests	2026-09-16T08:32:54.6193359Z (pass) [mjs module] Universal built-in modules (work in all environments) > [mjs module] modules should work with node: prefix [0.10ms]
Test on bun 20.x (ubuntu-latest)	Run Bun tests	2026-09-16T08:32:54.6194131Z 
Test on bun 20.x (ubuntu-latest)	Run Bun tests	2026-09-16T08:32:54.6194465Z ##[endgroup]
Test on bun 20.x (ubuntu-latest)	Run Bun tests	2026-09-16T08:32:54.6194593Z 
Test on bun 20.x (ubuntu-latest)	Run Bun tests	2026-09-16T08:32:54.6194876Z ##[group]tests/fallback.test.mjs:
Test on bun 20.x (ubuntu-latest)	Run Bun tests	2026-09-16T08:32:54.6203741Z (pass) [mjs module] loadWithFallback (shared engine) > [mjs module] returns the first source's result without trying later ones [0.42ms]
Test on bun 20.x (ubuntu-latest)	Run Bun tests	2026-09-16T08:32:54.6206549Z (pass) [mjs module] loadWithFallback (shared engine) > [mjs module] falls back to a later source when earlier ones fail [0.29ms]
Test on bun 20.x (ubuntu-latest)	Run Bun tests	2026-09-16T08:32:54.6208287Z (pass) [mjs module] loadWithFallback (shared engine) > [mjs module] retries a flaky source before succeeding [0.14ms]
Test on bun 20.x (ubuntu-latest)	Run Bun tests	2026-09-16T08:32:54.6210421Z (pass) [mjs module] loadWithFallback (shared engine) > [mjs module] throws ONE aggregated error listing every attempt [0.27ms]
Test on bun 20.x (ubuntu-latest)	Run Bun tests	2026-09-16T08:32:54.6211593Z (pass) [mjs module] loadWithFallback (shared engine) > [mjs module] rejects empty or non-array sources [0.12ms]
Test on bun 20.x (ubuntu-latest)	Run Bun tests	2026-09-16T08:32:54.6212574Z (pass) [mjs module] loadWithFallback (shared engine) > [mjs module] rejects a missing load function [0.06ms]
Test on bun 20.x (ubuntu-latest)	Run Bun tests	2026-09-16T08:32:54.6217831Z (pass) [mjs module] makeUse per-package CDN fallback > [mjs module] falls back to the next mirror when one import fails [0.46ms]
Test on bun 20.x (ubuntu-latest)	Run Bun tests	2026-09-16T08:32:54.6221468Z (pass) [mjs module] makeUse per-package CDN fallback > [mjs module] throws a clear aggregated error when every mirror fails [0.37ms]
Test on bun 20.x (ubuntu-latest)	Run Bun tests	2026-09-16T08:32:54.6224485Z (pass) [mjs module] makeUse per-package CDN fallback > [mjs module] a single explicit resolver imports directly with its raw error (no aggregation) [0.27ms]
Test on bun 20.x (ubuntu-latest)	Run Bun tests	2026-09-16T08:32:54.6226194Z (pass) [mjs module] makeUse per-package CDN fallback > [mjs module] a single-entry specifierResolvers chain also imports directly [0.19ms]
Test on bun 20.x (ubuntu-latest)	Run Bun tests	2026-09-16T08:32:54.6227573Z (pass) [mjs module] makeUse per-package CDN fallback > [mjs module] exposes the default mirror chains [0.03ms]
Test on bun 20.x (ubuntu-latest)	Run Bun tests	2026-09-16T08:32:54.6227986Z 
Test on bun 20.x (ubuntu-latest)	Run Bun tests	2026-09-16T08:32:54.6228302Z ##[endgroup]
Test on bun 20.x (ubuntu-latest)	Run Bun tests	2026-09-16T08:32:54.6228441Z 
Test on bun 20.x (ubuntu-latest)	Run Bun tests	2026-09-16T08:32:54.6228723Z ##[group]tests/builtin-errors.test.cjs:
Test on bun 20.x (ubuntu-latest)	Run Bun tests	2026-09-16T08:32:54.6232936Z (pass) [cjs module] Built-in module error handling > [cjs module] should return null for non-builtin modules from builtin resolver [0.08ms]
Test on bun 20.x (ubuntu-latest)	Run Bun tests	2026-09-16T08:32:54.6234200Z (pass) [cjs module] Built-in module error handling > [cjs module] should throw error for unsupported builtin modules [0.08ms]
Test on bun 20.x (ubuntu-latest)	Run Bun tests	2026-09-16T08:32:54.6235503Z (pass) [cjs module] Built-in module error handling > [cjs module] should handle modules not available in browser environment [0.18ms]
Test on bun 20.x (ubuntu-latest)	Run Bun tests	2026-09-16T08:32:54.6829513Z (pass) [cjs module] Built-in module error handling > [cjs module] should only work with exact lowercase module names [59.31ms]
Test on bun 20.x (ubuntu-latest)	Run Bun tests	2026-09-16T08:32:54.6832286Z (pass) [cjs module] Built-in module error handling > [cjs module] should handle node: prefix removal correctly [0.33ms]
Test on bun 20.x (ubuntu-latest)	Run Bun tests	2026-09-16T08:32:54.6833695Z (pass) [cjs module] Built-in module error handling > [cjs module] should throw meaningful errors for import failures [0.13ms]
Test on bun 20.x (ubuntu-latest)	Run Bun tests	2026-09-16T08:32:54.6835342Z (pass) [cjs module] Built-in module error handling > [cjs module] builtin resolver should handle empty/invalid module specifiers gracefully [0.11ms]
Test on bun 20.x (ubuntu-latest)	Run Bun tests	2026-09-16T08:32:54.6836663Z (pass) [cjs module] Built-in module error handling > [cjs module] should handle modules with special characters in names [0.07ms]
Test on bun 20.x (ubuntu-latest)	Run Bun tests	2026-09-16T08:32:54.6837281Z 
Test on bun 20.x (ubuntu-latest)	Run Bun tests	2026-09-16T08:32:54.6837651Z ##[endgroup]
Test on bun 20.x (ubuntu-latest)	Run Bun tests	2026-09-16T08:32:54.6837784Z 
Test on bun 20.x (ubuntu-latest)	Run Bun tests	2026-09-16T08:32:54.6838095Z ##[group]tests/module-specifier.test.mjs:
Test on bun 20.x (ubuntu-latest)	Run Bun tests	2026-09-16T08:32:54.6841403Z (pass) [mjs module] parseModuleSpecifier > [mjs module] parses package with name and version [0.04ms]
Test on bun 20.x (ubuntu-latest)	Run Bun tests	2026-09-16T08:32:54.6842676Z (pass) [mjs module] parseModuleSpecifier > [mjs module] parses scoped package with name and version [0.02ms]
Test on bun 20.x (ubuntu-latest)	Run Bun tests	2026-09-16T08:32:54.6844005Z (pass) [mjs module] parseModuleSpecifier > [mjs module] parses package with name, version, and inner path [0.02ms]
Test on bun 20.x (ubuntu-latest)	Run Bun tests	2026-09-16T08:32:54.6845141Z (pass) [mjs module] parseModuleSpecifier > [mjs module] parses package with name, version, and inner path with latest [0.02ms]
Test on bun 20.x (ubuntu-latest)	Run Bun tests	2026-09-16T08:32:54.6846078Z (pass) [mjs module] parseModuleSpecifier > [mjs module] parses scoped package with name, version, and inner path [0.02ms]
Test on bun 20.x (ubuntu-latest)	Run Bun tests	2026-09-16T08:32:54.6846879Z (pass) [mjs module] parseModuleSpecifier > [mjs module] parses package with name only [0.02ms]
Test on bun 20.x (ubuntu-latest)	Run Bun tests	2026-09-16T08:32:54.6847801Z (pass) [mjs module] parseModuleSpecifier > [mjs module] parses scoped package with name only [0.02ms]
Test on bun 20.x (ubuntu-latest)	Run Bun tests	2026-09-16T08:32:54.6848521Z (pass) [mjs module] parseModuleSpecifier > [mjs module] parses yargs@17.7.2/helpers [0.02ms]
Test on bun 20.x (ubuntu-latest)	Run Bun tests	2026-09-16T08:32:54.6849195Z (pass) [mjs module] parseModuleSpecifier > [mjs module] parses yargs@latest/helpers [0.02ms]
Test on bun 20.x (ubuntu-latest)	Run Bun tests	2026-09-16T08:32:54.6850228Z (pass) [mjs module] parseModuleSpecifier > [mjs module] parses yargs/helpers [0.02ms]
Test on bun 20.x (ubuntu-latest)	Run Bun tests	2026-09-16T08:32:54.6851269Z (pass) [mjs module] parseModuleSpecifier > [mjs module] throws error for invalid package identifier [0.05ms]
Test on bun 20.x (ubuntu-latest)	Run Bun tests	2026-09-16T08:32:54.6851908Z 
Test on bun 20.x (ubuntu-latest)	Run Bun tests	2026-09-16T08:32:54.6852193Z ##[endgroup]
Test on bun 20.x (ubuntu-latest)	Run Bun tests	2026-09-16T08:32:54.6852327Z 
Test on bun 20.x (ubuntu-latest)	Run Bun tests	2026-09-16T08:32:54.6852604Z ##[group]tests/builtin-universal.test.cjs:
Test on bun 20.x (ubuntu-latest)	Run Bun tests	2026-09-16T08:32:54.6853994Z (pass) [cjs module] Universal built-in modules (work in all environments) > [cjs module] console module should work [0.14ms]
Test on bun 20.x (ubuntu-latest)	Run Bun tests	2026-09-16T08:32:54.6855408Z (pass) [cjs module] Universal built-in modules (work in all environments) > [cjs module] crypto module should work [0.14ms]
Test on bun 20.x (ubuntu-latest)	Run Bun tests	2026-09-16T08:32:54.6856661Z (pass) [cjs module] Universal built-in modules (work in all environments) > [cjs module] url module should work [0.16ms]
Test on bun 20.x (ubuntu-latest)	Run Bun tests	2026-09-16T08:32:54.6858020Z (pass) [cjs module] Universal built-in modules (work in all environments) > [cjs module] performance module should work [0.13ms]
Test on bun 20.x (ubuntu-latest)	Run Bun tests	2026-09-16T08:32:54.6859014Z (pass) [cjs module] Universal built-in modules (work in all environments) > [cjs module] modules should work with node: prefix [0.12ms]
Test on bun 20.x (ubuntu-latest)	Run Bun tests	2026-09-16T08:32:54.6859481Z 
Test on bun 20.x (ubuntu-latest)	Run Bun tests	2026-09-16T08:32:54.6859752Z ##[endgroup]
Test on bun 20.x (ubuntu-latest)	Run Bun tests	2026-09-16T08:32:54.6859887Z 
Test on bun 20.x (ubuntu-latest)	Run Bun tests	2026-09-16T08:32:54.6860145Z ##[group]tests/builtin-nodejs.test.mjs:
Test on bun 20.x (ubuntu-latest)	Run Bun tests	2026-09-16T08:32:54.6866469Z (pass) [mjs module] Node.js/Bun-only built-in modules > [mjs module] fs module should work [0.18ms]
Test on bun 20.x (ubuntu-latest)	Run Bun tests	2026-09-16T08:32:54.6868209Z (pass) [mjs module] Node.js/Bun-only built-in modules > [mjs module] path module should work [0.19ms]
Test on bun 20.x (ubuntu-latest)	Run Bun tests	2026-09-16T08:32:54.6871401Z (pass) [mjs module] Node.js/Bun-only built-in modules > [mjs module] os module should work [0.29ms]
Test on bun 20.x (ubuntu-latest)	Run Bun tests	2026-09-16T08:32:54.6886780Z (pass) [mjs module] Node.js/Bun-only built-in modules > [mjs module] util module should work [1.52ms]
Test on bun 20.x (ubuntu-latest)	Run Bun tests	2026-09-16T08:32:54.6890403Z (pass) [mjs module] Node.js/Bun-only built-in modules > [mjs module] events module should work [0.35ms]
Test on bun 20.x (ubuntu-latest)	Run Bun tests	2026-09-16T08:32:54.6891867Z (pass) [mjs module] Node.js/Bun-only built-in modules > [mjs module] stream module should work [0.15ms]
Test on bun 20.x (ubuntu-latest)	Run Bun tests	2026-09-16T08:32:54.6893435Z (pass) [mjs module] Node.js/Bun-only built-in modules > [mjs module] buffer module should work [0.14ms]
Test on bun 20.x (ubuntu-latest)	Run Bun tests	2026-09-16T08:32:54.6895374Z (pass) [mjs module] Node.js/Bun-only built-in modules > [mjs module] process module should work [0.18ms]
Test on bun 20.x (ubuntu-latest)	Run Bun tests	2026-09-16T08:32:54.6896612Z (pass) [mjs module] Node.js/Bun-only built-in modules > [mjs module] child_process module should work [0.11ms]
Test on bun 20.x (ubuntu-latest)	Run Bun tests	2026-09-16T08:32:54.6897925Z (pass) [mjs module] Node.js/Bun-only built-in modules > [mjs module] http module should work [0.11ms]
Test on bun 20.x (ubuntu-latest)	Run Bun tests	2026-09-16T08:32:54.6899237Z (pass) [mjs module] Node.js/Bun-only built-in modules > [mjs module] https module should work [0.11ms]
Test on bun 20.x (ubuntu-latest)	Run Bun tests	2026-09-16T08:32:54.6900420Z (pass) [mjs module] Node.js/Bun-only built-in modules > [mjs module] net module should work [0.11ms]
Test on bun 20.x (ubuntu-latest)	Run Bun tests	2026-09-16T08:32:54.6901682Z (pass) [mjs module] Node.js/Bun-only built-in modules > [mjs module] dns module should work [0.12ms]
Test on bun 20.x (ubuntu-latest)	Run Bun tests	2026-09-16T08:32:54.6902966Z (pass) [mjs module] Node.js/Bun-only built-in modules > [mjs module] zlib module should work [0.12ms]
Test on bun 20.x (ubuntu-latest)	Run Bun tests	2026-09-16T08:32:54.6908583Z (pass) [mjs module] Node.js/Bun-only built-in modules > [mjs module] querystring module should work [0.52ms]
Test on bun 20.x (ubuntu-latest)	Run Bun tests	2026-09-16T08:32:54.6911213Z (pass) [mjs module] Node.js/Bun-only built-in modules > [mjs module] assert module should work [0.26ms]
Test on bun 20.x (ubuntu-latest)	Run Bun tests	2026-09-16T08:32:54.6913620Z (pass) [mjs module] Node.js/Bun-only built-in modules > [mjs module] all modules should work with node: prefix [0.22ms]
Test on bun 20.x (ubuntu-latest)	Run Bun tests	2026-09-16T08:32:54.6914190Z 
Test on bun 20.x (ubuntu-latest)	Run Bun tests	2026-09-16T08:32:54.6914506Z ##[endgroup]
Test on bun 20.x (ubuntu-latest)	Run Bun tests	2026-09-16T08:32:54.6914628Z 
Test on bun 20.x (ubuntu-latest)	Run Bun tests	2026-09-16T08:32:54.6914905Z ##[group]tests/network-imports.test.mjs:
Test on bun 20.x (ubuntu-latest)	Run Bun tests	2026-09-16T08:32:54.9121864Z (pass) [mjs module] imports using --experimental-network-imports > [mjs module] Import using --experimental-network-imports for CJS file [220.24ms]
Test on bun 20.x (ubuntu-latest)	Run Bun tests	2026-09-16T08:32:55.2954449Z (pass) [mjs module] imports using --experimental-network-imports > [mjs module] Import using --experimental-network-imports for MJS file [383.31ms]
Test on bun 20.x (ubuntu-latest)	Run Bun tests	2026-09-16T08:32:55.2955109Z 
Test on bun 20.x (ubuntu-latest)	Run Bun tests	2026-09-16T08:32:55.2955491Z ##[endgroup]
Test on bun 20.x (ubuntu-latest)	Run Bun tests	2026-09-16T08:32:55.2955637Z 
Test on bun 20.x (ubuntu-latest)	Run Bun tests	2026-09-16T08:32:55.2955954Z ##[group]tests/release-workflow-policy.test.mjs:
Test on bun 20.x (ubuntu-latest)	Run Bun tests	2026-09-16T08:32:55.2966539Z (pass) release workflow policy > uses npm package metadata that matches registry and trusted publishing expectations [0.19ms]
Test on bun 20.x (ubuntu-latest)	Run Bun tests	2026-09-16T08:32:55.2968001Z (pass) release workflow policy > keeps CI and publishing in the trusted-publisher release workflow [0.13ms]
Test on bun 20.x (ubuntu-latest)	Run Bun tests	2026-09-16T08:32:55.2968918Z (pass) release workflow policy > publishes with npm trusted publishing instead of token auth [0.11ms]
Test on bun 20.x (ubuntu-latest)	Run Bun tests	2026-09-16T08:32:55.2972298Z (pass) release workflow policy > runs tests before publishing and preserves main-branch release runs [0.31ms]
Test on bun 20.x (ubuntu-latest)	Run Bun tests	2026-09-16T08:32:55.2974138Z (pass) release workflow policy > fails release runs when the package, tag, and GitHub release already exist [0.16ms]
Test on bun 20.x (ubuntu-latest)	Run Bun tests	2026-09-16T08:32:55.2977374Z (pass) release workflow policy > runs the Node.js test job on every Node.js line the library supports [0.19ms]
Test on bun 20.x (ubuntu-latest)	Run Bun tests	2026-09-16T08:32:55.2978773Z (pass) release workflow policy > keeps dependency install logs quiet while auditing shipped dependencies [0.07ms]
Test on bun 20.x (ubuntu-latest)	Run Bun tests	2026-09-16T08:32:55.2980028Z (pass) release workflow policy > uses current action versions and explicit job timeouts [0.26ms]
Test on bun 20.x (ubuntu-latest)	Run Bun tests	2026-09-16T08:32:55.2981287Z (pass) release workflow policy > retries Deno network-import tests without hiding persistent failures [0.08ms]
Test on bun 20.x (ubuntu-latest)	Run Bun tests	2026-09-16T08:32:55.2982188Z 
Test on bun 20.x (ubuntu-latest)	Run Bun tests	2026-09-16T08:32:55.2982597Z ##[endgroup]
Test on bun 20.x (ubuntu-latest)	Run Bun tests	2026-09-16T08:32:55.2982803Z 
Test on bun 20.x (ubuntu-latest)	Run Bun tests	2026-09-16T08:32:55.2983093Z ##[group]tests/npm-global-prefix.test.cjs:
Test on bun 20.x (ubuntu-latest)	Run Bun tests	2026-09-16T08:32:55.3000982Z (pass) [cjs module] npm global prefix handling > [cjs module] keeps latest and pinned aliases loadable when they share a package binary [0.31ms]
Test on bun 20.x (ubuntu-latest)	Run Bun tests	2026-09-16T08:32:55.3002464Z (pass) [cjs module] npm global prefix handling > [cjs module] never force-installs over an unrelated global executable [0.18ms]
Test on bun 20.x (ubuntu-latest)	Run Bun tests	2026-09-16T08:32:55.3003970Z (pass) [cjs module] npm global prefix handling > [cjs module] redirects installs to use-m cache when npm global root is not writable [0.12ms]
Test on bun 20.x (ubuntu-latest)	Run Bun tests	2026-09-16T08:32:55.3005422Z (pass) [cjs module] npm global prefix handling > [cjs module] keeps the configured npm root when it is writable [0.10ms]
Test on bun 20.x (ubuntu-latest)	Run Bun tests	2026-09-16T08:32:55.3006802Z (pass) [cjs module] npm global prefix handling > [cjs module] respects an explicit npm_config_prefix override [0.10ms]
Test on bun 20.x (ubuntu-latest)	Run Bun tests	2026-09-16T08:32:55.3008342Z (pass) [cjs module] npm global prefix handling > [cjs module] retries transient npm install failures and removes partial aliases [0.09ms]
Test on bun 20.x (ubuntu-latest)	Run Bun tests	2026-09-16T08:32:55.3009944Z (pass) [cjs module] npm global prefix handling > [cjs module] reports captured npm output and cleans up after exhausted retries [0.14ms]
Test on bun 20.x (ubuntu-latest)	Run Bun tests	2026-09-16T08:32:55.3011443Z (pass) [cjs module] npm global prefix handling > [cjs module] gives corrupt-alias cleanup a recursive rm retry budget [0.10ms]
Test on bun 20.x (ubuntu-latest)	Run Bun tests	2026-09-16T08:32:55.3013010Z (pass) [cjs module] npm global prefix handling > [cjs module] repairs a truncated entry point and bypasses the cached syntax failure [0.08ms]
Test on bun 20.x (ubuntu-latest)	Run Bun tests	2026-09-16T08:32:55.3014478Z (pass) [cjs module] npm global prefix handling > [cjs module] repairs an alias missing an internal ESM dependency [0.09ms]
Test on bun 20.x (ubuntu-latest)	Run Bun tests	2026-09-16T08:32:55.3015711Z (pass) [cjs module] npm global prefix handling > [cjs module] repairs an alias with invalid package metadata [0.08ms]
Test on bun 20.x (ubuntu-latest)	Run Bun tests	2026-09-16T08:32:55.3017203Z (pass) [cjs module] npm global prefix handling > [cjs module] repairs an alias whose declared entry point is missing [0.08ms]
Test on bun 20.x (ubuntu-latest)	Run Bun tests	2026-09-16T08:32:55.3018705Z (pass) [cjs module] npm global prefix handling > [cjs module] does not reinstall for an unrelated unwrapped missing-module error [0.08ms]
Test on bun 20.x (ubuntu-latest)	Run Bun tests	2026-09-16T08:32:55.3020315Z (pass) [cjs module] npm global prefix handling > [cjs module] collapses concurrent requests for one package into a single install [0.11ms]
Test on bun 20.x (ubuntu-latest)	Run Bun tests	2026-09-16T08:32:55.3021741Z (pass) [cjs module] npm global prefix handling > [cjs module] keeps a shared failed install retryable [0.15ms]
Test on bun 20.x (ubuntu-latest)	Run Bun tests	2026-09-16T08:32:55.3023185Z (pass) [cjs module] npm global prefix handling > [cjs module] never lets separate processes install one alias at the same time [0.19ms]
Test on bun 20.x (ubuntu-latest)	Run Bun tests	2026-09-16T08:32:55.3023989Z 
Test on bun 20.x (ubuntu-latest)	Run Bun tests	2026-09-16T08:32:55.3024389Z ##[endgroup]
Test on bun 20.x (ubuntu-latest)	Run Bun tests	2026-09-16T08:32:55.3024586Z 
Test on bun 20.x (ubuntu-latest)	Run Bun tests	2026-09-16T08:32:55.3024993Z ##[group]tests/relative-paths.test.mjs:
Test on bun 20.x (ubuntu-latest)	Run Bun tests	2026-09-16T08:32:55.3028056Z (pass) Relative Path Resolution > should import JS file from same directory using ./ [0.45ms]
Test on bun 20.x (ubuntu-latest)	Run Bun tests	2026-09-16T08:32:55.3031180Z (pass) Relative Path Resolution > should import JSON file from same directory using ./ [0.31ms]
Test on bun 20.x (ubuntu-latest)	Run Bun tests	2026-09-16T08:32:55.3032332Z (pass) Relative Path Resolution > should import JS file from parent directory using ../ [0.12ms]
Test on bun 20.x (ubuntu-latest)	Run Bun tests	2026-09-16T08:32:55.3035555Z (pass) Relative Path Resolution > should import from subdirectory using ./subfolder/ [0.31ms]
Test on bun 20.x (ubuntu-latest)	Run Bun tests	2026-09-16T08:32:55.3037322Z (pass) Relative Path Resolution > should import JSON from subdirectory [0.18ms]
Test on bun 20.x (ubuntu-latest)	Run Bun tests	2026-09-16T08:32:55.3039869Z (pass) Relative Path Resolution > should handle complex relative paths (../) [0.24ms]
Test on bun 20.x (ubuntu-latest)	Run Bun tests	2026-09-16T08:32:55.3278192Z (pass) Relative Path Resolution > should work with mixed relative and npm imports [23.69ms]
Test on bun 20.x (ubuntu-latest)	Run Bun tests	2026-09-16T08:32:55.3280151Z (pass) Relative Path Resolution > should maintain correct context for nested relative imports [0.32ms]
Test on bun 20.x (ubuntu-latest)	Run Bun tests	2026-09-16T08:32:55.3280562Z 
Test on bun 20.x (ubuntu-latest)	Run Bun tests	2026-09-16T08:32:55.3280941Z ##[endgroup]
Test on bun 20.x (ubuntu-latest)	Run Bun tests	2026-09-16T08:32:55.3281083Z 
Test on bun 20.x (ubuntu-latest)	Run Bun tests	2026-09-16T08:32:55.3281729Z ##[group]tests/builtin-browser.test.mjs:
Test on bun 20.x (ubuntu-latest)	Run Bun tests	2026-09-16T08:32:58.2678144Z (pass) [mjs module] Universal built-in modules in browser > [mjs module] console module should work in browser [0.83ms]
Test on bun 20.x (ubuntu-latest)	Run Bun tests	2026-09-16T08:32:58.2682999Z (pass) [mjs module] Universal built-in modules in browser > [mjs module] crypto module should work in browser [0.61ms]
Test on bun 20.x (ubuntu-latest)	Run Bun tests	2026-09-16T08:32:58.2688924Z (pass) [mjs module] Universal built-in modules in browser > [mjs module] url module should work in browser [0.59ms]
Test on bun 20.x (ubuntu-latest)	Run Bun tests	2026-09-16T08:32:58.2695423Z (pass) [mjs module] Universal built-in modules in browser > [mjs module] performance module should work in browser [0.63ms]
Test on bun 20.x (ubuntu-latest)	Run Bun tests	2026-09-16T08:32:58.2702402Z (pass) [mjs module] Universal built-in modules in browser > [mjs module] fs module should fail in browser with correct error [0.68ms]
Test on bun 20.x (ubuntu-latest)	Run Bun tests	2026-09-16T08:32:58.2709075Z (pass) [mjs module] Universal built-in modules in browser > [mjs module] node: prefix should work with universal modules [0.67ms]
Test on bun 20.x (ubuntu-latest)	Run Bun tests	2026-09-16T08:32:58.2715456Z (pass) [mjs module] Universal built-in modules in browser > [mjs module] uppercase module names should fail (strict lowercase only) [0.63ms]
Test on bun 20.x (ubuntu-latest)	Run Bun tests	2026-09-16T08:32:58.2721498Z (pass) [mjs module] Universal built-in modules in browser > [mjs module] all browser tests should pass [0.61ms]
Test on bun 20.x (ubuntu-latest)	Run Bun tests	2026-09-16T08:32:58.3448166Z 
Test on bun 20.x (ubuntu-latest)	Run Bun tests	2026-09-16T08:32:58.3449141Z ##[endgroup]
Test on bun 20.x (ubuntu-latest)	Run Bun tests	2026-09-16T08:32:58.3449702Z 
Test on bun 20.x (ubuntu-latest)	Run Bun tests	2026-09-16T08:32:58.3450326Z ##[group]tests/typescript.test.mjs:
Test on bun 20.x (ubuntu-latest)	Run Bun tests	2026-09-16T08:32:58.3580257Z (pass) [mjs module] typescript > [mjs module] use typescript [12.56ms]
Test on bun 20.x (ubuntu-latest)	Run Bun tests	2026-09-16T08:32:58.3580653Z 
Test on bun 20.x (ubuntu-latest)	Run Bun tests	2026-09-16T08:32:58.3581032Z ##[endgroup]
Test on bun 20.x (ubuntu-latest)	Run Bun tests	2026-09-16T08:32:58.3581177Z 
Test on bun 20.x (ubuntu-latest)	Run Bun tests	2026-09-16T08:32:58.3581558Z ##[group]tests/network-imports.test.cjs:
Test on bun 20.x (ubuntu-latest)	Run Bun tests	2026-09-16T08:32:58.5745228Z (pass) [cjs module] imports using --experimental-network-imports > [cjs module] Import using --experimental-network-imports for CJS file [215.79ms]
Test on bun 20.x (ubuntu-latest)	Run Bun tests	2026-09-16T08:32:58.9951756Z (pass) [cjs module] imports using --experimental-network-imports > [cjs module] Import using --experimental-network-imports for MJS file [420.60ms]
Test on bun 20.x (ubuntu-latest)	Run Bun tests	2026-09-16T08:32:58.9952824Z 
Test on bun 20.x (ubuntu-latest)	Run Bun tests	2026-09-16T08:32:58.9953408Z ##[endgroup]
Test on bun 20.x (ubuntu-latest)	Run Bun tests	2026-09-16T08:32:58.9953602Z 
Test on bun 20.x (ubuntu-latest)	Run Bun tests	2026-09-16T08:32:58.9954012Z ##[group]tests/builtin-nodejs.test.cjs:
Test on bun 20.x (ubuntu-latest)	Run Bun tests	2026-09-16T08:32:58.9966367Z (pass) [cjs module] Node.js/Bun-only built-in modules > [cjs module] fs module should work [0.24ms]
Test on bun 20.x (ubuntu-latest)	Run Bun tests	2026-09-16T08:32:58.9968152Z (pass) [cjs module] Node.js/Bun-only built-in modules > [cjs module] path module should work [0.21ms]
Test on bun 20.x (ubuntu-latest)	Run Bun tests	2026-09-16T08:32:58.9971635Z (pass) [cjs module] Node.js/Bun-only built-in modules > [cjs module] os module should work [0.31ms]
Test on bun 20.x (ubuntu-latest)	Run Bun tests	2026-09-16T08:32:58.9974841Z (pass) [cjs module] Node.js/Bun-only built-in modules > [cjs module] util module should work [0.31ms]
Test on bun 20.x (ubuntu-latest)	Run Bun tests	2026-09-16T08:32:58.9977292Z (pass) [cjs module] Node.js/Bun-only built-in modules > [cjs module] events module should work [0.24ms]
Test on bun 20.x (ubuntu-latest)	Run Bun tests	2026-09-16T08:32:58.9978991Z (pass) [cjs module] Node.js/Bun-only built-in modules > [cjs module] stream module should work [0.19ms]
Test on bun 20.x (ubuntu-latest)	Run Bun tests	2026-09-16T08:32:58.9980797Z (pass) [cjs module] Node.js/Bun-only built-in modules > [cjs module] buffer module should work [0.17ms]
Test on bun 20.x (ubuntu-latest)	Run Bun tests	2026-09-16T08:32:58.9983186Z (pass) [cjs module] Node.js/Bun-only built-in modules > [cjs module] process module should work [0.23ms]
Test on bun 20.x (ubuntu-latest)	Run Bun tests	2026-09-16T08:32:58.9984664Z (pass) [cjs module] Node.js/Bun-only built-in modules > [cjs module] child_process module should work [0.13ms]
Test on bun 20.x (ubuntu-latest)	Run Bun tests	2026-09-16T08:32:58.9986008Z (pass) [cjs module] Node.js/Bun-only built-in modules > [cjs module] http module should work [0.14ms]
Test on bun 20.x (ubuntu-latest)	Run Bun tests	2026-09-16T08:32:58.9989287Z (pass) [cjs module] Node.js/Bun-only built-in modules > [cjs module] https module should work [0.14ms]
Test on bun 20.x (ubuntu-latest)	Run Bun tests	2026-09-16T08:32:58.9990572Z (pass) [cjs module] Node.js/Bun-only built-in modules > [cjs module] net module should work [0.17ms]
Test on bun 20.x (ubuntu-latest)	Run Bun tests	2026-09-16T08:32:58.9991749Z (pass) [cjs module] Node.js/Bun-only built-in modules > [cjs module] dns module should work [0.15ms]
Test on bun 20.x (ubuntu-latest)	Run Bun tests	2026-09-16T08:32:58.9992957Z (pass) [cjs module] Node.js/Bun-only built-in modules > [cjs module] zlib module should work [0.15ms]
Test on bun 20.x (ubuntu-latest)	Run Bun tests	2026-09-16T08:32:58.9994506Z (pass) [cjs module] Node.js/Bun-only built-in modules > [cjs module] querystring module should work [0.18ms]
Test on bun 20.x (ubuntu-latest)	Run Bun tests	2026-09-16T08:32:58.9998123Z (pass) [cjs module] Node.js/Bun-only built-in modules > [cjs module] assert module should work [0.32ms]
Test on bun 20.x (ubuntu-latest)	Run Bun tests	2026-09-16T08:32:59.0000465Z (pass) [cjs module] Node.js/Bun-only built-in modules > [cjs module] all modules should work with node: prefix [0.24ms]
Test on bun 20.x (ubuntu-latest)	Run Bun tests	2026-09-16T08:32:59.0001199Z 
Test on bun 20.x (ubuntu-latest)	Run Bun tests	2026-09-16T08:32:59.0001700Z ##[endgroup]
Test on bun 20.x (ubuntu-latest)	Run Bun tests	2026-09-16T08:32:59.0002049Z 
Test on bun 20.x (ubuntu-latest)	Run Bun tests	2026-09-16T08:32:59.0002587Z ##[group]tests/use.test.mjs:
Test on bun 20.x (ubuntu-latest)	Run Bun tests	2026-09-16T08:32:59.0057900Z (pass) [mjs module] 'use' import strategies > [mjs module] Direct ESM Import lodash@4.17.21 [4.95ms]
Test on bun 20.x (ubuntu-latest)	Run Bun tests	2026-09-16T08:32:59.0107246Z (pass) [mjs module] 'use' import strategies > [mjs module] Dynamic ESM Import of CSJ [4.88ms]
Test on bun 20.x (ubuntu-latest)	Run Bun tests	2026-09-16T08:32:59.0158448Z (pass) [mjs module] 'use' import strategies > [mjs module] Dynamic ESM Import of MJS [4.15ms]
Test on bun 20.x (ubuntu-latest)	Run Bun tests	2026-09-16T08:32:59.0160073Z (pass) [mjs module] 'use' import strategies > [mjs module] Universal (then style) [0.04ms]
Test on bun 20.x (ubuntu-latest)	Run Bun tests	2026-09-16T08:32:59.0162020Z (pass) [mjs module] 'use' import strategies > [mjs module] Universal (then style, use inside) [0.01ms]
Test on bun 20.x (ubuntu-latest)	Run Bun tests	2026-09-16T08:32:59.0165407Z (pass) [mjs module] 'use' import strategies > [mjs module] Universal (eval style) [0.01ms]
Test on bun 20.x (ubuntu-latest)	Run Bun tests	2026-09-16T08:32:59.0167172Z (pass) [mjs module] 'use' import strategies > [mjs module] Universal (single then style) [0.01ms]
Test on bun 20.x (ubuntu-latest)	Run Bun tests	2026-09-16T08:32:59.1146758Z (pass) [mjs module] 'use' import strategies > [mjs module] use.all with require [99.75ms]
Test on bun 20.x (ubuntu-latest)	Run Bun tests	2026-09-16T08:32:59.1198779Z (pass) [mjs module] 'use' import strategies > [mjs module] use.all [4.59ms]
Test on bun 20.x (ubuntu-latest)	Run Bun tests	2026-09-16T08:32:59.1200241Z (pass) [mjs module] 'use' import strategies > [mjs module] use.all (script) [0.04ms]
Test on bun 20.x (ubuntu-latest)	Run Bun tests	2026-09-16T08:32:59.1201823Z (pass) [mjs module] 'use' import strategies > [mjs module] Universal (script) @octokit/core@6.1.5
Test on bun 20.x (ubuntu-latest)	Run Bun tests	2026-09-16T08:32:59.1203531Z (pass) [mjs module] 'use' import strategies > [mjs module] Universal (script) @octokit/core@5 [0.01ms]
Test on bun 20.x (ubuntu-latest)	Run Bun tests	2026-09-16T08:32:59.1205135Z (pass) [mjs module] 'use' import strategies > [mjs module] Universal (script) @octokit/core (latest)
Test on bun 20.x (ubuntu-latest)	Run Bun tests	2026-09-16T08:32:59.4660832Z (pass) [mjs module] 'use' import strategies > [mjs module] @octokit/core (latest) [346.69ms]
Test on bun 20.x (ubuntu-latest)	Run Bun tests	2026-09-16T08:32:59.4661553Z 
Test on bun 20.x (ubuntu-latest)	Run Bun tests	2026-09-16T08:32:59.4662062Z ##[endgroup]
Test on bun 20.x (ubuntu-latest)	Run Bun tests	2026-09-16T08:32:59.4662260Z 
Test on bun 20.x (ubuntu-latest)	Run Bun tests	2026-09-16T08:32:59.4662729Z ##[group]tests/relative-paths.integration.test.mjs:
Test on bun 20.x (ubuntu-latest)	Run Bun tests	2026-09-16T08:32:59.4677287Z /home/runner/work/use-m/use-m/tests
Test on bun 20.x (ubuntu-latest)	Run Bun tests	2026-09-16T08:32:59.4866072Z (pass) [mjs module] Relative Path Resolution (Integration) > [mjs module] relative paths should work when run directly with Node.js [18.97ms]
Test on bun 20.x (ubuntu-latest)	Run Bun tests	2026-09-16T08:32:59.4866983Z 
Test on bun 20.x (ubuntu-latest)	Run Bun tests	2026-09-16T08:32:59.4867641Z ##[endgroup]
Test on bun 20.x (ubuntu-latest)	Run Bun tests	2026-09-16T08:32:59.4868211Z Testing relative paths from tests directory...
Test on bun 20.x (ubuntu-latest)	Run Bun tests	2026-09-16T08:32:59.4868562Z 
Test on bun 20.x (ubuntu-latest)	Run Bun tests	2026-09-16T08:32:59.4868831Z 1. Testing ./browser-server/test-helper.js
Test on bun 20.x (ubuntu-latest)	Run Bun tests	2026-09-16T08:32:59.4869537Z    ✓ Message: Helper module loaded
Test on bun 20.x (ubuntu-latest)	Run Bun tests	2026-09-16T08:32:59.4869731Z 
Test on bun 20.x (ubuntu-latest)	Run Bun tests	2026-09-16T08:32:59.4869959Z 2. Testing ./browser-server/test-data.json
Test on bun 20.x (ubuntu-latest)	Run Bun tests	2026-09-16T08:32:59.4870673Z    ✓ Value: 123
Test on bun 20.x (ubuntu-latest)	Run Bun tests	2026-09-16T08:32:59.4870933Z    ✓ Test: data
Test on bun 20.x (ubuntu-latest)	Run Bun tests	2026-09-16T08:32:59.4871053Z 
Test on bun 20.x (ubuntu-latest)	Run Bun tests	2026-09-16T08:32:59.4871180Z 3. Testing ../src/use.mjs
Test on bun 20.x (ubuntu-latest)	Run Bun tests	2026-09-16T08:32:59.4871495Z    ✓ use function exists: true
Test on bun 20.x (ubuntu-latest)	Run Bun tests	2026-09-16T08:32:59.4871667Z 
Test on bun 20.x (ubuntu-latest)	Run Bun tests	2026-09-16T08:32:59.4871860Z 4. Testing ./browser-server/subfolder/nested.js
Test on bun 20.x (ubuntu-latest)	Run Bun tests	2026-09-16T08:32:59.4872242Z    ✓ Nested: true Level: subfolder
Test on bun 20.x (ubuntu-latest)	Run Bun tests	2026-09-16T08:32:59.4872421Z 
Test on bun 20.x (ubuntu-latest)	Run Bun tests	2026-09-16T08:32:59.4872623Z 5. Testing ./browser-server/subfolder/nested-data.json
Test on bun 20.x (ubuntu-latest)	Run Bun tests	2026-09-16T08:32:59.4872994Z    ✓ Level: nested Depth: 1
Test on bun 20.x (ubuntu-latest)	Run Bun tests	2026-09-16T08:32:59.4873157Z 
Test on bun 20.x (ubuntu-latest)	Run Bun tests	2026-09-16T08:32:59.4873271Z 6. Testing ../package.json
Test on bun 20.x (ubuntu-latest)	Run Bun tests	2026-09-16T08:32:59.4873556Z    ✓ Package name: use-m
Test on bun 20.x (ubuntu-latest)	Run Bun tests	2026-09-16T08:32:59.4873704Z 
Test on bun 20.x (ubuntu-latest)	Run Bun tests	2026-09-16T08:32:59.4873890Z ✅ All direct tests passed!
Test on bun 20.x (ubuntu-latest)	Run Bun tests	2026-09-16T08:32:59.4874053Z 
Test on bun 20.x (ubuntu-latest)	Run Bun tests	2026-09-16T08:32:59.4874068Z 
Test on bun 20.x (ubuntu-latest)	Run Bun tests	2026-09-16T08:32:59.4874351Z ##[group]tests/resolvers.test.mjs:
Test on bun 20.x (ubuntu-latest)	Run Bun tests	2026-09-16T08:32:59.5870324Z (pass) [mjs module] resolvers tests > [mjs module] npm resolver resolves package path [99.57ms]
Test on bun 20.x (ubuntu-latest)	Run Bun tests	2026-09-16T08:32:59.6875685Z (pass) [mjs module] resolvers tests > [mjs module] npm resolver resolves scoped package path for @octokit/core@6.1.5 [100.51ms]
Test on bun 20.x (ubuntu-latest)	Run Bun tests	2026-09-16T08:33:01.6124354Z (pass) [mjs module] resolvers tests > [mjs module] npm resolver resolves package path with version [1924.89ms]
Test on bun 20.x (ubuntu-latest)	Run Bun tests	2026-09-16T08:33:01.7148260Z (pass) [mjs module] resolvers tests > [mjs module] npm resolver resolves yargs/helpers [102.35ms]
Test on bun 20.x (ubuntu-latest)	Run Bun tests	2026-09-16T08:33:01.8153898Z (pass) [mjs module] resolvers tests > [mjs module] npm resolver resolves yargs@18.0.0/helpers [100.53ms]
Test on bun 20.x (ubuntu-latest)	Run Bun tests	2026-09-16T08:33:02.2992324Z (pass) [mjs module] resolvers tests > [mjs module] npm resolver resolves yargs@latest/helpers [483.84ms]
Test on bun 20.x (ubuntu-latest)	Run Bun tests	2026-09-16T08:33:02.2993616Z (pass) [mjs module] resolvers tests > [mjs module] skypack resolver resolves URL [0.20ms]
Test on bun 20.x (ubuntu-latest)	Run Bun tests	2026-09-16T08:33:02.2994650Z (pass) [mjs module] resolvers tests > [mjs module] skypack resolver resolves subpath [0.06ms]
Test on bun 20.x (ubuntu-latest)	Run Bun tests	2026-09-16T08:33:02.2995822Z (pass) [mjs module] resolvers tests > [mjs module] jsdelivr resolver resolves URL [0.14ms]
Test on bun 20.x (ubuntu-latest)	Run Bun tests	2026-09-16T08:33:02.2996937Z (pass) [mjs module] resolvers tests > [mjs module] jsdelivr resolver resolves subpath [0.06ms]
Test on bun 20.x (ubuntu-latest)	Run Bun tests	2026-09-16T08:33:02.2998256Z (pass) [mjs module] resolvers tests > [mjs module] unpkg resolver resolves URL [0.10ms]
Test on bun 20.x (ubuntu-latest)	Run Bun tests	2026-09-16T08:33:02.2999326Z (pass) [mjs module] resolvers tests > [mjs module] unpkg resolver resolves subpath [0.08ms]
Test on bun 20.x (ubuntu-latest)	Run Bun tests	2026-09-16T08:33:02.3000335Z (pass) [mjs module] resolvers tests > [mjs module] esm resolver resolves URL [0.06ms]
Test on bun 20.x (ubuntu-latest)	Run Bun tests	2026-09-16T08:33:02.3001237Z (pass) [mjs module] resolvers tests > [mjs module] esm resolver resolves subpath [0.05ms]
Test on bun 20.x (ubuntu-latest)	Run Bun tests	2026-09-16T08:33:02.3002125Z (pass) [mjs module] resolvers tests > [mjs module] jspm resolver resolves URL [0.05ms]
Test on bun 20.x (ubuntu-latest)	Run Bun tests	2026-09-16T08:33:02.3003028Z (pass) [mjs module] resolvers tests > [mjs module] jspm resolver resolves subpath [0.05ms]
Test on bun 20.x (ubuntu-latest)	Run Bun tests	2026-09-16T08:33:02.3040909Z (pass) [mjs module] resolvers tests > [mjs module] bun resolver resolves package path [3.96ms]
Test on bun 20.x (ubuntu-latest)	Run Bun tests	2026-09-16T08:33:02.4155660Z (pass) [mjs module] resolvers tests > [mjs module] bun resolver resolves scoped package path for @octokit/core@6.1.5 [111.39ms]
Test on bun 20.x (ubuntu-latest)	Run Bun tests	2026-09-16T08:33:02.4195317Z (pass) [mjs module] resolvers tests > [mjs module] bun resolver resolves yargs/helpers [3.95ms]
Test on bun 20.x (ubuntu-latest)	Run Bun tests	2026-09-16T08:33:02.4295349Z (pass) [mjs module] resolvers tests > [mjs module] bun resolver resolves yargs@latest/helpers [9.98ms]
Test on bun 20.x (ubuntu-latest)	Run Bun tests	2026-09-16T08:33:02.4296237Z 
Test on bun 20.x (ubuntu-latest)	Run Bun tests	2026-09-16T08:33:02.4296959Z ##[endgroup]
Test on bun 20.x (ubuntu-latest)	Run Bun tests	2026-09-16T08:33:02.4297327Z 
Test on bun 20.x (ubuntu-latest)	Run Bun tests	2026-09-16T08:33:02.4297747Z ##[group]tests/filename.test.mjs:
Test on bun 20.x (ubuntu-latest)	Run Bun tests	2026-09-16T08:33:02.4308794Z (pass) [mjs module] scriptPath detection in ESM (functional) > [mjs module] default pathResolver resolves modules relative to use.mjs [0.27ms]
Test on bun 20.x (ubuntu-latest)	Run Bun tests	2026-09-16T08:33:02.4311675Z (pass) [mjs module] scriptPath detection in ESM (functional) > [mjs module] override scriptPath resolves relative to provided path [0.33ms]
Test on bun 20.x (ubuntu-latest)	Run Bun tests	2026-09-16T08:33:02.4313634Z (pass) [mjs module] scriptPath detection in ESM (createRequire fallback) > [mjs module] fallback default resolves modules relative to use.mjs [0.19ms]
Test on bun 20.x (ubuntu-latest)	Run Bun tests	2026-09-16T08:33:02.4315774Z (pass) [mjs module] scriptPath detection in ESM (createRequire fallback) > [mjs module] fallback explicit scriptPath resolves relative to provided path [0.18ms]
Test on bun 20.x (ubuntu-latest)	Run Bun tests	2026-09-16T08:33:02.4317887Z (pass) [mjs module] scriptPath detection in ESM (createRequire fallback) > [mjs module] fallback meta override changes pathResolver behavior in ESM [0.20ms]
Test on bun 20.x (ubuntu-latest)	Run Bun tests	2026-09-16T08:33:02.4319820Z (pass) [mjs module] scriptPath detection in ESM (meta URL) > [mjs module] meta override resolves modules relative to provided meta URL (use.js) [0.20ms]
Test on bun 20.x (ubuntu-latest)	Run Bun tests	2026-09-16T08:33:02.4320514Z 
Test on bun 20.x (ubuntu-latest)	Run Bun tests	2026-09-16T08:33:02.4320810Z ##[endgroup]
Test on bun 20.x (ubuntu-latest)	Run Bun tests	2026-09-16T08:33:02.4320939Z 
Test on bun 20.x (ubuntu-latest)	Run Bun tests	2026-09-16T08:33:02.4321199Z ##[group]tests/loader.test.mjs:
Test on bun 20.x (ubuntu-latest)	Run Bun tests	2026-09-16T08:33:02.4330238Z (pass) [mjs module] loader resolve hook > [mjs module] returns the default resolver's result when it succeeds [0.32ms]
Test on bun 20.x (ubuntu-latest)	Run Bun tests	2026-09-16T08:33:02.5333409Z (pass) [mjs module] loader resolve hook > [mjs module] falls back to the npm resolver when the default resolver throws [100.19ms]
Test on bun 20.x (ubuntu-latest)	Run Bun tests	2026-09-16T08:33:02.9668203Z (pass) [mjs module] loader resolve hook > [mjs module] surfaces a clear aggregated error when BOTH resolvers fail [433.45ms]
Test on bun 20.x (ubuntu-latest)	Run Bun tests	2026-09-16T08:33:02.9668787Z 
Test on bun 20.x (ubuntu-latest)	Run Bun tests	2026-09-16T08:33:02.9669156Z ##[endgroup]
Test on bun 20.x (ubuntu-latest)	Run Bun tests	2026-09-16T08:33:02.9669297Z 
Test on bun 20.x (ubuntu-latest)	Run Bun tests	2026-09-16T08:33:02.9669578Z ##[group]tests/script-sync.test.mjs:
Test on bun 20.x (ubuntu-latest)	Run Bun tests	2026-09-16T08:33:02.9684560Z (pass) [mjs module] distributed script synchronization > [mjs module] npm recovery stays synchronized across mjs, cjs, and universal builds [1.04ms]
Test on bun 20.x (ubuntu-latest)	Run Bun tests	2026-09-16T08:33:02.9685261Z 
Test on bun 20.x (ubuntu-latest)	Run Bun tests	2026-09-16T08:33:02.9685538Z ##[endgroup]
Test on bun 20.x (ubuntu-latest)	Run Bun tests	2026-09-16T08:33:02.9685675Z 
Test on bun 20.x (ubuntu-latest)	Run Bun tests	2026-09-16T08:33:02.9685937Z ##[group]tests/relative-paths.test.cjs:
Test on bun 20.x (ubuntu-latest)	Run Bun tests	2026-09-16T08:33:02.9691035Z (pass) Relative Path Resolution (CommonJS) > should import JS file from same directory using ./ [0.19ms]
Test on bun 20.x (ubuntu-latest)	Run Bun tests	2026-09-16T08:33:02.9692657Z (pass) Relative Path Resolution (CommonJS) > should import JSON file from same directory using ./ [0.17ms]
Test on bun 20.x (ubuntu-latest)	Run Bun tests	2026-09-16T08:33:02.9693932Z (pass) Relative Path Resolution (CommonJS) > should import JS file from parent directory using ../ [0.12ms]
Test on bun 20.x (ubuntu-latest)	Run Bun tests	2026-09-16T08:33:02.9695380Z (pass) Relative Path Resolution (CommonJS) > should import from subdirectory using ./subfolder/ [0.13ms]
Test on bun 20.x (ubuntu-latest)	Run Bun tests	2026-09-16T08:33:02.9696571Z (pass) Relative Path Resolution (CommonJS) > should import JSON from subdirectory [0.12ms]
Test on bun 20.x (ubuntu-latest)	Run Bun tests	2026-09-16T08:33:02.9703198Z (pass) Relative Path Resolution (CommonJS) > should handle complex relative paths (../) [0.19ms]
Test on bun 20.x (ubuntu-latest)	Run Bun tests	2026-09-16T08:33:02.9753812Z (pass) Relative Path Resolution (CommonJS) > should work with mixed relative and npm imports [5.38ms]
Test on bun 20.x (ubuntu-latest)	Run Bun tests	2026-09-16T08:33:02.9758334Z (pass) Relative Path Resolution (CommonJS) > should maintain correct context for nested relative imports [0.43ms]
Test on bun 20.x (ubuntu-latest)	Run Bun tests	2026-09-16T08:33:02.9759060Z 
Test on bun 20.x (ubuntu-latest)	Run Bun tests	2026-09-16T08:33:02.9759486Z ##[endgroup]
Test on bun 20.x (ubuntu-latest)	Run Bun tests	2026-09-16T08:33:02.9759693Z 
Test on bun 20.x (ubuntu-latest)	Run Bun tests	2026-09-16T08:33:02.9760007Z ##[group]tests/lodash.test.mjs:
Test on bun 20.x (ubuntu-latest)	Run Bun tests	2026-09-16T08:33:03.1157581Z (pass) [mjs module] 'lodash' imports tests > [mjs module] npm: lodash [139.31ms]
Test on bun 20.x (ubuntu-latest)	Run Bun tests	2026-09-16T08:33:03.1256141Z (pass) [mjs module] 'lodash' imports tests > [mjs module] npm: lodash@latest [9.83ms]
Test on bun 20.x (ubuntu-latest)	Run Bun tests	2026-09-16T08:33:03.1364675Z (pass) [mjs module] 'lodash' imports tests > [mjs module] npm: lodash@ [10.88ms]
Test on bun 20.x (ubuntu-latest)	Run Bun tests	2026-09-16T08:33:03.1410790Z (pass) [mjs module] 'lodash' imports tests > [mjs module] npm: lodash@4.17.21 [4.58ms]
Test on bun 20.x (ubuntu-latest)	Run Bun tests	2026-09-16T08:33:03.1470404Z (pass) [mjs module] 'lodash' imports tests > [mjs module] npm: lodash@4.17.21/add [5.95ms]
Test on bun 20.x (ubuntu-latest)	Run Bun tests	2026-09-16T08:33:03.1504243Z (pass) [mjs module] 'lodash' imports tests > [mjs module] npm: lodash@4.17.21/add.js [3.38ms]
Test on bun 20.x (ubuntu-latest)	Run Bun tests	2026-09-16T08:33:03.1545959Z (pass) [mjs module] 'lodash' imports tests > [mjs module] npm: lodash@4.17.21/not-found.js [4.16ms]
Test on bun 20.x (ubuntu-latest)	Run Bun tests	2026-09-16T08:33:03.1546583Z 
Test on bun 20.x (ubuntu-latest)	Run Bun tests	2026-09-16T08:33:03.1547266Z ##[endgroup]
Test on bun 20.x (ubuntu-latest)	Run Bun tests	2026-09-16T08:33:03.1547444Z 
Test on bun 20.x (ubuntu-latest)	Run Bun tests	2026-09-16T08:33:03.1547834Z ##[group]tests/lodash.test.cjs:
Test on bun 20.x (ubuntu-latest)	Run Bun tests	2026-09-16T08:33:03.1650055Z (pass) [cjs module] 'lodash' imports tests > [cjs module] npm: lodash [9.79ms]
Test on bun 20.x (ubuntu-latest)	Run Bun tests	2026-09-16T08:33:03.1747318Z (pass) [cjs module] 'lodash' imports tests > [cjs module] npm: lodash@latest [9.63ms]
Test on bun 20.x (ubuntu-latest)	Run Bun tests	2026-09-16T08:33:03.1846292Z (pass) [cjs module] 'lodash' imports tests > [cjs module] npm: lodash@ [9.95ms]
Test on bun 20.x (ubuntu-latest)	Run Bun tests	2026-09-16T08:33:03.1889905Z (pass) [cjs module] 'lodash' imports tests > [cjs module] npm: lodash@4.17.21 [4.37ms]
Test on bun 20.x (ubuntu-latest)	Run Bun tests	2026-09-16T08:33:03.1923499Z (pass) [cjs module] 'lodash' imports tests > [cjs module] npm: lodash@4.17.21/add [3.34ms]
Test on bun 20.x (ubuntu-latest)	Run Bun tests	2026-09-16T08:33:03.1962623Z (pass) [cjs module] 'lodash' imports tests > [cjs module] npm: lodash@4.17.21/add.js [3.97ms]
Test on bun 20.x (ubuntu-latest)	Run Bun tests	2026-09-16T08:33:03.2004945Z (pass) [cjs module] 'lodash' imports tests > [cjs module] npm: lodash@4.17.21/not-found.js [4.19ms]
Test on bun 20.x (ubuntu-latest)	Run Bun tests	2026-09-16T08:33:03.2005409Z 
Test on bun 20.x (ubuntu-latest)	Run Bun tests	2026-09-16T08:33:03.2005794Z ##[endgroup]
Test on bun 20.x (ubuntu-latest)	Run Bun tests	2026-09-16T08:33:03.2005934Z 
Test on bun 20.x (ubuntu-latest)	Run Bun tests	2026-09-16T08:33:03.2006251Z ##[group]tests/get-script-url.test.mjs:
Test on bun 20.x (ubuntu-latest)	Run Bun tests	2026-09-16T08:33:03.2014664Z (pass) [mjs module] import.meta.url workaround > [mjs module] scriptUrl matches import.meta.url [0.35ms]
Test on bun 20.x (ubuntu-latest)	Run Bun tests	2026-09-16T08:33:03.2016283Z (pass) [mjs module] import.meta.url workaround > [mjs module] scriptUrl matches import.meta.url in eval [0.16ms]
Test on bun 20.x (ubuntu-latest)	Run Bun tests	2026-09-16T08:33:03.2016780Z 
Test on bun 20.x (ubuntu-latest)	Run Bun tests	2026-09-16T08:33:03.2017331Z ##[endgroup]
Test on bun 20.x (ubuntu-latest)	Run Bun tests	2026-09-16T08:33:03.2017520Z 
Test on bun 20.x (ubuntu-latest)	Run Bun tests	2026-09-16T08:33:03.2017944Z ##[group]tests/relative-paths-browser.test.mjs:
Test on bun 20.x (ubuntu-latest)	Run Bun tests	2026-09-16T08:33:04.8512198Z (pass) [mjs module] Relative path resolution in browser > [mjs module] ./ path for JS file in same directory should work [0.89ms]
Test on bun 20.x (ubuntu-latest)	Run Bun tests	2026-09-16T08:33:04.8517290Z (pass) [mjs module] Relative path resolution in browser > [mjs module] ./ path for JSON file in same directory should work [0.61ms]
Test on bun 20.x (ubuntu-latest)	Run Bun tests	2026-09-16T08:33:04.8522952Z (pass) [mjs module] Relative path resolution in browser > [mjs module] ../../ path for JS file in parent directory should work [0.58ms]
Test on bun 20.x (ubuntu-latest)	Run Bun tests	2026-09-16T08:33:04.8529544Z (pass) [mjs module] Relative path resolution in browser > [mjs module] ./subfolder/ path for nested JS file should work [0.65ms]
Test on bun 20.x (ubuntu-latest)	Run Bun tests	2026-09-16T08:33:04.8535262Z (pass) [mjs module] Relative path resolution in browser > [mjs module] ./subfolder/ path for nested JSON file should work [0.57ms]
Test on bun 20.x (ubuntu-latest)	Run Bun tests	2026-09-16T08:33:04.8541308Z (pass) [mjs module] Relative path resolution in browser > [mjs module] mixed relative and npm imports should work [0.60ms]
Test on bun 20.x (ubuntu-latest)	Run Bun tests	2026-09-16T08:33:04.8546901Z (pass) [mjs module] Relative path resolution in browser > [mjs module] all relative path browser tests should pass [0.56ms]
Test on bun 20.x (ubuntu-latest)	Run Bun tests	2026-09-16T08:33:04.9307209Z 
Test on bun 20.x (ubuntu-latest)	Run Bun tests	2026-09-16T08:33:04.9308169Z ##[endgroup]
Test on bun 20.x (ubuntu-latest)	Run Bun tests	2026-09-16T08:33:04.9308405Z 
Test on bun 20.x (ubuntu-latest)	Run Bun tests	2026-09-16T08:33:04.9308844Z ##[group]tests/deno-support.test.cjs:
Test on bun 20.x (ubuntu-latest)	Run Bun tests	2026-09-16T08:33:04.9317618Z (pass) [cjs module] Deno support > [cjs module] Deno resolver should resolve npm packages to esm.sh [0.12ms]
Test on bun 20.x (ubuntu-latest)	Run Bun tests	2026-09-16T08:33:04.9318889Z (pass) [cjs module] Deno support > [cjs module] Deno resolver should handle scoped packages [0.06ms]
Test on bun 20.x (ubuntu-latest)	Run Bun tests	2026-09-16T08:33:04.9320011Z (pass) [cjs module] Deno support > [cjs module] Deno resolver should handle module paths [0.05ms]
Test on bun 20.x (ubuntu-latest)	Run Bun tests	2026-09-16T08:33:04.9321255Z (pass) [cjs module] Deno support > [cjs module] Deno resolver should handle latest version [0.05ms]
Test on bun 20.x (ubuntu-latest)	Run Bun tests	2026-09-16T08:33:04.9322575Z (pass) [cjs module] Deno support > [cjs module] makeUse should detect Deno runtime when Deno global is present [0.24ms]
Test on bun 20.x (ubuntu-latest)	Run Bun tests	2026-09-16T08:33:04.9323917Z (pass) [cjs module] Deno support > [cjs module] Deno resolver should work with complex package names [0.08ms]
Test on bun 20.x (ubuntu-latest)	Run Bun tests	2026-09-16T08:33:04.9325204Z (pass) [cjs module] Deno support > [cjs module] Deno resolver should handle packages without versions [0.05ms]
Test on bun 20.x (ubuntu-latest)	Run Bun tests	2026-09-16T08:33:04.9326385Z (pass) [cjs module] Deno support > [cjs module] makeUse with explicit deno resolver [0.06ms]
Test on bun 20.x (ubuntu-latest)	Run Bun tests	2026-09-16T08:33:04.9326922Z 
Test on bun 20.x (ubuntu-latest)	Run Bun tests	2026-09-16T08:33:04.9327537Z ##[endgroup]
Test on bun 20.x (ubuntu-latest)	Run Bun tests	2026-09-16T08:33:04.9327724Z 
Test on bun 20.x (ubuntu-latest)	Run Bun tests	2026-09-16T08:33:04.9328280Z ##[group]tests/fs-promises.test.mjs:
Test on bun 20.x (ubuntu-latest)	Run Bun tests	2026-09-16T08:33:04.9336788Z (pass) mjs module fs/promises support > mjs module fs/promises should return promise-based functions [0.37ms]
Test on bun 20.x (ubuntu-latest)	Run Bun tests	2026-09-16T08:33:04.9351495Z (pass) mjs module fs/promises support > mjs module fs/promises should work functionally [1.16ms]
Test on bun 20.x (ubuntu-latest)	Run Bun tests	2026-09-16T08:33:04.9353300Z (pass) mjs module fs/promises support > mjs module fs/promises should expose every function the runtime ships [0.38ms]
Test on bun 20.x (ubuntu-latest)	Run Bun tests	2026-09-16T08:33:04.9362457Z (pass) mjs module fs/promises support > mjs module fs/promises should forward arguments beyond the declared arity [0.93ms]
Test on bun 20.x (ubuntu-latest)	Run Bun tests	2026-09-16T08:33:04.9366023Z (pass) mjs module fs/promises support > mjs module fs/promises should differ from regular fs [0.36ms]
Test on bun 20.x (ubuntu-latest)	Run Bun tests	2026-09-16T08:33:04.9370156Z (pass) mjs module fs/promises support > mjs module fs/promises should report the same arity on every runtime [0.39ms]
Test on bun 20.x (ubuntu-latest)	Run Bun tests	2026-09-16T08:33:04.9374624Z (pass) mjs module fs/promises support > mjs module every rebuilt fs/promises function should be a named async function [0.41ms]
Test on bun 20.x (ubuntu-latest)	Run Bun tests	2026-09-16T08:33:04.9377170Z (pass) mjs module fs/promises support > mjs module fs/promises watch should be the runtime's promise watcher, not fs.watch [0.27ms]
Test on bun 20.x (ubuntu-latest)	Run Bun tests	2026-09-16T08:33:04.9397564Z (pass) mjs module fs/promises support > mjs module rebuilt fs/promises functions should work end to end [2.02ms]
Test on bun 20.x (ubuntu-latest)	Run Bun tests	2026-09-16T08:33:04.9398527Z 
Test on bun 20.x (ubuntu-latest)	Run Bun tests	2026-09-16T08:33:04.9398996Z ##[endgroup]
Test on bun 20.x (ubuntu-latest)	Run Bun tests	2026-09-16T08:33:04.9399200Z 
Test on bun 20.x (ubuntu-latest)	Run Bun tests	2026-09-16T08:33:04.9399590Z ##[group]tests/load.test.mjs:
Test on bun 20.x (ubuntu-latest)	Run Bun tests	2026-09-16T08:33:04.9417821Z (pass) [mjs module] looksLikeUseModule > [mjs module] accepts the real shipped use.js [0.26ms]
Test on bun 20.x (ubuntu-latest)	Run Bun tests	2026-09-16T08:33:04.9419085Z (pass) [mjs module] looksLikeUseModule > [mjs module] accepts a long module-like body [0.02ms]
Test on bun 20.x (ubuntu-latest)	Run Bun tests	2026-09-16T08:33:04.9420316Z (pass) [mjs module] looksLikeUseModule > [mjs module] rejects common CDN plain-text error bodies [0.07ms]
Test on bun 20.x (ubuntu-latest)	Run Bun tests	2026-09-16T08:33:04.9421477Z (pass) [mjs module] looksLikeUseModule > [mjs module] rejects HTML error pages [0.02ms]
Test on bun 20.x (ubuntu-latest)	Run Bun tests	2026-09-16T08:33:04.9422765Z (pass) [mjs module] looksLikeUseModule > [mjs module] rejects empty, whitespace, short, and non-string input [0.03ms]
Test on bun 20.x (ubuntu-latest)	Run Bun tests	2026-09-16T08:33:04.9424153Z (pass) [mjs module] DEFAULT_SOURCES > [mjs module] lists unpkg, jsDelivr and esm.sh in priority order [0.01ms]
Test on bun 20.x (ubuntu-latest)	Run Bun tests	2026-09-16T08:33:04.9427910Z (pass) [mjs module] loadUseM > [mjs module] resolves the use object from the first working source [0.78ms]
Test on bun 20.x (ubuntu-latest)	Run Bun tests	2026-09-16T08:33:04.9442685Z (pass) [mjs module] loadUseM > [mjs module] evaluates the real shipped use.js into a working module [1.51ms]
Test on bun 20.x (ubuntu-latest)	Run Bun tests	2026-09-16T08:33:04.9446276Z (pass) [mjs module] loadUseM > [mjs module] falls back to a later mirror when earlier ones fail [0.36ms]
Test on bun 20.x (ubuntu-latest)	Run Bun tests	2026-09-16T08:33:04.9448335Z (pass) [mjs module] loadUseM > [mjs module] retries a flaky source before succeeding [0.24ms]
Test on bun 20.x (ubuntu-latest)	Run Bun tests	2026-09-16T08:33:04.9462390Z (pass) [mjs module] loadUseM > [mjs module] throws a clear aggregated error (not SyntaxError) when every source fails [0.40ms]
Test on bun 20.x (ubuntu-latest)	Run Bun tests	2026-09-16T08:33:04.9463530Z (pass) [mjs module] loadUseM > [mjs module] surfaces the HTTP status for non-ok responses [0.26ms]
Test on bun 20.x (ubuntu-latest)	Run Bun tests	2026-09-16T08:33:04.9464336Z (pass) [mjs module] loadUseM > [mjs module] rejects when the evaluated module lacks a use function [0.16ms]
Test on bun 20.x (ubuntu-latest)	Run Bun tests	2026-09-16T08:33:04.9465241Z (pass) [mjs module] loadUseM > [mjs module] does not let eval errors from a malformed body escape [0.25ms]
Test on bun 20.x (ubuntu-latest)	Run Bun tests	2026-09-16T08:33:04.9466312Z (pass) [mjs module] loadUseM > [mjs module] reports a clear error when fetch is unavailable [0.13ms]
Test on bun 20.x (ubuntu-latest)	Run Bun tests	2026-09-16T08:33:04.9467422Z (pass) [mjs module] loadUseM > [mjs module] honors a custom evaluate hook [0.14ms]
Test on bun 20.x (ubuntu-latest)	Run Bun tests	2026-09-16T08:33:04.9969608Z (pass) [mjs module] loadUseM > [mjs module] times out a hanging request and reports it [50.53ms]
Test on bun 20.x (ubuntu-latest)	Run Bun tests	2026-09-16T08:33:04.9970217Z 
Test on bun 20.x (ubuntu-latest)	Run Bun tests	2026-09-16T08:33:04.9970594Z ##[endgroup]
Test on bun 20.x (ubuntu-latest)	Run Bun tests	2026-09-16T08:33:04.9970733Z 
Test on bun 20.x (ubuntu-latest)	Run Bun tests	2026-09-16T08:33:04.9971018Z ##[group]tests/get-script-url.test.cjs:
Test on bun 20.x (ubuntu-latest)	Run Bun tests	2026-09-16T08:33:04.9978510Z (pass) [cjs module] __filename workaround > [cjs module] scriptUrl matches __filename as URL [0.22ms]
Test on bun 20.x (ubuntu-latest)	Run Bun tests	2026-09-16T08:33:04.9980144Z (pass) [cjs module] __filename workaround > [cjs module] scriptUrl matches __filename as URL in eval [0.22ms]
Test on bun 20.x (ubuntu-latest)	Run Bun tests	2026-09-16T08:33:04.9980771Z 
Test on bun 20.x (ubuntu-latest)	Run Bun tests	2026-09-16T08:33:04.9981056Z ##[endgroup]
Test on bun 20.x (ubuntu-latest)	Run Bun tests	2026-09-16T08:33:04.9981197Z 
Test on bun 20.x (ubuntu-latest)	Run Bun tests	2026-09-16T08:33:04.9981454Z ##[group]tests/import.test.cjs:
Test on bun 20.x (ubuntu-latest)	Run Bun tests	2026-09-16T08:33:04.9984846Z (pass) [cjs module] dynamic import support > [cjs module] supportsDynamicImport returns true in .cjs file [0.11ms]
Test on bun 20.x (ubuntu-latest)	Run Bun tests	2026-09-16T08:33:04.9985478Z 
Test on bun 20.x (ubuntu-latest)	Run Bun tests	2026-09-16T08:33:04.9985744Z ##[endgroup]
Test on bun 20.x (ubuntu-latest)	Run Bun tests	2026-09-16T08:33:04.9985867Z 
Test on bun 20.x (ubuntu-latest)	Run Bun tests	2026-09-16T08:33:04.9986129Z ##[group]tests/root-entries.test.mjs:
Test on bun 20.x (ubuntu-latest)	Run Bun tests	2026-09-16T08:33:04.9998221Z (pass) [mjs module] root entry mirrors > [mjs module] mirrors exactly src/use.js, src/use.cjs and src/use.mjs [0.02ms]
Test on bun 20.x (ubuntu-latest)	Run Bun tests	2026-09-16T08:33:04.9999517Z (pass) [mjs module] root entry mirrors > [mjs module] use.js exists at the package root [0.06ms]
Test on bun 20.x (ubuntu-latest)	Run Bun tests	2026-09-16T08:33:05.0003116Z (pass) [mjs module] root entry mirrors > [mjs module] root use.js is in sync with src/use.js [0.49ms]
Test on bun 20.x (ubuntu-latest)	Run Bun tests	2026-09-16T08:33:05.0007680Z (pass) [mjs module] root entry mirrors > [mjs module] root use.js contains the full src/use.js body [0.41ms]
Test on bun 20.x (ubuntu-latest)	Run Bun tests	2026-09-16T08:33:05.0008728Z (pass) [mjs module] root entry mirrors > [mjs module] use.cjs exists at the package root [0.01ms]
Test on bun 20.x (ubuntu-latest)	Run Bun tests	2026-09-16T08:33:05.0010769Z (pass) [mjs module] root entry mirrors > [mjs module] root use.cjs is in sync with src/use.cjs [0.33ms]
Test on bun 20.x (ubuntu-latest)	Run Bun tests	2026-09-16T08:33:05.0014924Z (pass) [mjs module] root entry mirrors > [mjs module] root use.cjs contains the full src/use.cjs body [0.36ms]
Test on bun 20.x (ubuntu-latest)	Run Bun tests	2026-09-16T08:33:05.0016171Z (pass) [mjs module] root entry mirrors > [mjs module] use.mjs exists at the package root [0.01ms]
Test on bun 20.x (ubuntu-latest)	Run Bun tests	2026-09-16T08:33:05.0017559Z (pass) [mjs module] root entry mirrors > [mjs module] root use.mjs is in sync with src/use.mjs [0.24ms]
Test on bun 20.x (ubuntu-latest)	Run Bun tests	2026-09-16T08:33:05.0019811Z (pass) [mjs module] root entry mirrors > [mjs module] root use.mjs contains the full src/use.mjs body [0.25ms]
Test on bun 20.x (ubuntu-latest)	Run Bun tests	2026-09-16T08:33:05.0034520Z (pass) [mjs module] root entry mirrors > [mjs module] root use.js eval()s to a working use function [1.43ms]
Test on bun 20.x (ubuntu-latest)	Run Bun tests	2026-09-16T08:33:05.0037531Z (pass) [mjs module] root entry mirrors > [mjs module] the 404 "Not found" body is not a valid module body [0.29ms]
Test on bun 20.x (ubuntu-latest)	Run Bun tests	2026-09-16T08:33:05.0072007Z (pass) [mjs module] root entry mirrors > [mjs module] root use.mjs imports to a working use function [3.44ms]
Test on bun 20.x (ubuntu-latest)	Run Bun tests	2026-09-16T08:33:05.0075126Z (pass) [mjs module] root entry mirrors > [mjs module] package.json ships the root mirrors and keeps src canonical [0.30ms]
Test on bun 20.x (ubuntu-latest)	Run Bun tests	2026-09-16T08:33:05.0075838Z 
Test on bun 20.x (ubuntu-latest)	Run Bun tests	2026-09-16T08:33:05.0076213Z ##[endgroup]
Test on bun 20.x (ubuntu-latest)	Run Bun tests	2026-09-16T08:33:05.0076367Z 
Test on bun 20.x (ubuntu-latest)	Run Bun tests	2026-09-16T08:33:05.0076652Z ##[group]tests/use.test.cjs:
Test on bun 20.x (ubuntu-latest)	Run Bun tests	2026-09-16T08:33:05.0134493Z (pass) [cjs module] 'use' import strategies > [cjs module] Direct CJS Require [4.40ms]
Test on bun 20.x (ubuntu-latest)	Run Bun tests	2026-09-16T08:33:05.0178941Z (pass) [cjs module] 'use' import strategies > [cjs module] Dynamic Import with await import() of CJS [4.62ms]
Test on bun 20.x (ubuntu-latest)	Run Bun tests	2026-09-16T08:33:05.0219951Z (pass) [cjs module] 'use' import strategies > [cjs module] Dynamic Import with await import() of MJS [4.66ms]
Test on bun 20.x (ubuntu-latest)	Run Bun tests	2026-09-16T08:33:05.0222046Z (pass) [cjs module] 'use' import strategies > [cjs module] Universal (then style) [0.05ms]
Test on bun 20.x (ubuntu-latest)	Run Bun tests	2026-09-16T08:33:05.0223872Z (pass) [cjs module] 'use' import strategies > [cjs module] Universal (then style, use inside) [0.01ms]
Test on bun 20.x (ubuntu-latest)	Run Bun tests	2026-09-16T08:33:05.0225474Z (pass) [cjs module] 'use' import strategies > [cjs module] Universal (eval style) [0.01ms]
Test on bun 20.x (ubuntu-latest)	Run Bun tests	2026-09-16T08:33:05.0226736Z (pass) [cjs module] 'use' import strategies > [cjs module] Universal (single then style) [0.01ms]
Test on bun 20.x (ubuntu-latest)	Run Bun tests	2026-09-16T08:33:05.0279670Z (pass) [cjs module] 'use' import strategies > [cjs module] use.all [5.94ms]
Test on bun 20.x (ubuntu-latest)	Run Bun tests	2026-09-16T08:33:05.0338221Z (pass) [cjs module] 'use' import strategies > [cjs module] use.all with dynamic import [5.63ms]
Test on bun 20.x (ubuntu-latest)	Run Bun tests	2026-09-16T08:33:05.0340128Z (pass) [cjs module] 'use' import strategies > [cjs module] use.all (script) [0.06ms]
Test on bun 20.x (ubuntu-latest)	Run Bun tests	2026-09-16T08:33:05.0342128Z (pass) [cjs module] 'use' import strategies > [cjs module] Universal (script) @octokit/core@6.1.5 [0.01ms]
Test on bun 20.x (ubuntu-latest)	Run Bun tests	2026-09-16T08:33:05.0343403Z (pass) [cjs module] 'use' import strategies > [cjs module] Universal (script) @octokit/core@5 [0.01ms]
Test on bun 20.x (ubuntu-latest)	Run Bun tests	2026-09-16T08:33:05.0344700Z (pass) [cjs module] 'use' import strategies > [cjs module] Universal (script) @octokit/core (latest)
Test on bun 20.x (ubuntu-latest)	Run Bun tests	2026-09-16T08:33:05.0464696Z (pass) [cjs module] 'use' import strategies > [cjs module] @octokit/core (latest) [12.60ms]
Test on bun 20.x (ubuntu-latest)	Run Bun tests	2026-09-16T08:33:05.0465784Z 
Test on bun 20.x (ubuntu-latest)	Run Bun tests	2026-09-16T08:33:05.0466308Z ##[endgroup]
Test on bun 20.x (ubuntu-latest)	Run Bun tests	2026-09-16T08:33:05.0466500Z 
Test on bun 20.x (ubuntu-latest)	Run Bun tests	2026-09-16T08:33:05.0466935Z ##[group]tests/command-stream.test.cjs:
Test on bun 20.x (ubuntu-latest)	Run Bun tests	2026-09-16T08:33:05.0507693Z (pass) [cjs module] command-stream module import > [cjs module] Direct CJS Require [3.73ms]
Test on bun 20.x (ubuntu-latest)	Run Bun tests	2026-09-16T08:33:05.0546352Z (pass) [cjs module] command-stream module import > [cjs module] Dynamic Import with await import() of CJS [3.81ms]
Test on bun 20.x (ubuntu-latest)	Run Bun tests	2026-09-16T08:33:05.0581968Z (pass) [cjs module] command-stream module import > [cjs module] Dynamic Import with await import() of MJS [3.67ms]
Test on bun 20.x (ubuntu-latest)	Run Bun tests	2026-09-16T08:33:05.0582735Z 
Test on bun 20.x (ubuntu-latest)	Run Bun tests	2026-09-16T08:33:05.0583269Z ##[endgroup]
Test on bun 20.x (ubuntu-latest)	Run Bun tests	2026-09-16T08:33:05.0583457Z 
Test on bun 20.x (ubuntu-latest)	Run Bun tests	2026-09-16T08:33:05.0583878Z ##[group]tests/dynamic-builtins.test.cjs:
Test on bun 20.x (ubuntu-latest)	Run Bun tests	2026-09-16T08:33:05.0594148Z (pass) [cjs module] Dynamic built-in module detection > [cjs module] tty module should work (dynamically detected) [0.19ms]
Test on bun 20.x (ubuntu-latest)	Run Bun tests	2026-09-16T08:33:05.0603356Z (pass) [cjs module] Dynamic built-in module detection > [cjs module] cluster module should work (dynamically detected) [0.90ms]
Test on bun 20.x (ubuntu-latest)	Run Bun tests	2026-09-16T08:33:05.0605589Z (pass) [cjs module] Dynamic built-in module detection > [cjs module] readline module should work (dynamically detected) [0.19ms]
Test on bun 20.x (ubuntu-latest)	Run Bun tests	2026-09-16T08:33:05.0607479Z (pass) [cjs module] Dynamic built-in module detection > [cjs module] string_decoder module should work (dynamically detected) [0.15ms]
Test on bun 20.x (ubuntu-latest)	Run Bun tests	2026-09-16T08:33:05.0609123Z (pass) [cjs module] Dynamic built-in module detection > [cjs module] timers module should work (dynamically detected) [0.16ms]
Test on bun 20.x (ubuntu-latest)	Run Bun tests	2026-09-16T08:33:05.0628374Z (pass) [cjs module] Dynamic built-in module detection > [cjs module] worker_threads module should work (dynamically detected) [1.95ms]
Test on bun 20.x (ubuntu-latest)	Run Bun tests	2026-09-16T08:33:05.0636223Z (pass) [cjs module] Dynamic built-in module detection > [cjs module] vm module should work (dynamically detected) [0.80ms]
Test on bun 20.x (ubuntu-latest)	Run Bun tests	2026-09-16T08:33:05.0637914Z (pass) [cjs module] Dynamic built-in module detection > [cjs module] node:tty should work with prefix [0.14ms]
Test on bun 20.x (ubuntu-latest)	Run Bun tests	2026-09-16T08:33:05.0639748Z (pass) [cjs module] Dynamic built-in module detection > [cjs module] subpath built-ins should work (dns/promises, stream/promises) [0.22ms]
Test on bun 20.x (ubuntu-latest)	Run Bun tests	2026-09-16T08:33:05.0820625Z (node:2348) [DEP0125] DeprecationWarning: The _stream_wrap module is deprecated.
Test on bun 20.x (ubuntu-latest)	Run Bun tests	2026-09-16T08:33:05.0821737Z (Use `bun --trace-warnings ...` to show where the warning was created)
Test on bun 20.x (ubuntu-latest)	Run Bun tests	2026-09-16T08:33:05.0822764Z (node:2348) [DEP0192] DeprecationWarning: The _tls_common module is deprecated. Use `node:tls` instead.
Test on bun 20.x (ubuntu-latest)	Run Bun tests	2026-09-16T08:33:05.0823968Z (node:2348) [DEP0192] DeprecationWarning: The _tls_wrap module is deprecated. Use `node:tls` instead.
Test on bun 20.x (ubuntu-latest)	Run Bun tests	2026-09-16T08:33:05.0825443Z (pass) [cjs module] Dynamic built-in module detection > [cjs module] every built-in reported by node:module should be claimed by the builtin resolver [18.01ms]
Test on bun 20.x (ubuntu-latest)	Run Bun tests	2026-09-16T08:33:05.0827398Z (pass) [cjs module] Dynamic built-in module detection > [cjs module] prefix-only built-ins should not shadow npm packages of the same name [0.16ms]
Test on bun 20.x (ubuntu-latest)	Run Bun tests	2026-09-16T08:33:05.0829102Z (pass) [cjs module] Dynamic built-in module detection > [cjs module] unknown module names should not be claimed as built-ins [0.08ms]
Test on bun 20.x (ubuntu-latest)	Run Bun tests	2026-09-16T08:33:05.0829847Z 
Test on bun 20.x (ubuntu-latest)	Run Bun tests	2026-09-16T08:33:05.0830340Z ##[endgroup]
Test on bun 20.x (ubuntu-latest)	Run Bun tests	2026-09-16T08:33:05.0830532Z 
Test on bun 20.x (ubuntu-latest)	Run Bun tests	2026-09-16T08:33:05.0830958Z ##[group]tests/dynamic-builtins.test.mjs:
Test on bun 20.x (ubuntu-latest)	Run Bun tests	2026-09-16T08:33:05.0834200Z (pass) [mjs module] Dynamic built-in module detection > [mjs module] tty module should work (dynamically detected) [0.15ms]
Test on bun 20.x (ubuntu-latest)	Run Bun tests	2026-09-16T08:33:05.0835752Z (pass) [mjs module] Dynamic built-in module detection > [mjs module] cluster module should work (dynamically detected) [0.15ms]
Test on bun 20.x (ubuntu-latest)	Run Bun tests	2026-09-16T08:33:05.0837505Z (pass) [mjs module] Dynamic built-in module detection > [mjs module] readline module should work (dynamically detected) [0.10ms]
Test on bun 20.x (ubuntu-latest)	Run Bun tests	2026-09-16T08:33:05.0839096Z (pass) [mjs module] Dynamic built-in module detection > [mjs module] string_decoder module should work (dynamically detected) [0.10ms]
Test on bun 20.x (ubuntu-latest)	Run Bun tests	2026-09-16T08:33:05.0840654Z (pass) [mjs module] Dynamic built-in module detection > [mjs module] timers module should work (dynamically detected) [0.12ms]
Test on bun 20.x (ubuntu-latest)	Run Bun tests	2026-09-16T08:33:05.0842714Z (pass) [mjs module] Dynamic built-in module detection > [mjs module] worker_threads module should work (dynamically detected) [0.11ms]
Test on bun 20.x (ubuntu-latest)	Run Bun tests	2026-09-16T08:33:05.0844233Z (pass) [mjs module] Dynamic built-in module detection > [mjs module] vm module should work (dynamically detected) [0.10ms]
Test on bun 20.x (ubuntu-latest)	Run Bun tests	2026-09-16T08:33:05.0845567Z (pass) [mjs module] Dynamic built-in module detection > [mjs module] node:tty should work with prefix [0.08ms]
Test on bun 20.x (ubuntu-latest)	Run Bun tests	2026-09-16T08:33:05.0847281Z (pass) [mjs module] Dynamic built-in module detection > [mjs module] subpath built-ins should work (dns/promises, stream/promises) [0.16ms]
Test on bun 20.x (ubuntu-latest)	Run Bun tests	2026-09-16T08:33:05.0859756Z (pass) [mjs module] Dynamic built-in module detection > [mjs module] every built-in reported by node:module should be claimed by the builtin resolver [1.51ms]
Test on bun 20.x (ubuntu-latest)	Run Bun tests	2026-09-16T08:33:05.0868236Z (pass) [mjs module] Dynamic built-in module detection > [mjs module] prefix-only built-ins should not shadow npm packages of the same name [0.16ms]
Test on bun 20.x (ubuntu-latest)	Run Bun tests	2026-09-16T08:33:05.0870105Z (pass) [mjs module] Dynamic built-in module detection > [mjs module] unknown module names should not be claimed as built-ins [0.07ms]
Test on bun 20.x (ubuntu-latest)	Run Bun tests	2026-09-16T08:33:05.0870796Z 
Test on bun 20.x (ubuntu-latest)	Run Bun tests	2026-09-16T08:33:05.0871209Z ##[endgroup]
Test on bun 20.x (ubuntu-latest)	Run Bun tests	2026-09-16T08:33:05.0871389Z 
Test on bun 20.x (ubuntu-latest)	Run Bun tests	2026-09-16T08:33:05.0871531Z  458 pass
Test on bun 20.x (ubuntu-latest)	Run Bun tests	2026-09-16T08:33:05.0871830Z  0 fail
Test on bun 20.x (ubuntu-latest)	Run Bun tests	2026-09-16T08:33:05.0872117Z  1159 expect() calls
Test on bun 20.x (ubuntu-latest)	Run Bun tests	2026-09-16T08:33:05.0872538Z Ran 458 tests across 49 files. [30.35s]
Test on bun 20.x (ubuntu-latest)	Post Setup Bun	﻿2026-09-16T08:33:05.1013812Z Post job cleanup.
Test on bun 20.x (ubuntu-latest)	Post Setup Node.js	﻿2026-09-16T08:33:05.2868062Z Post job cleanup.
Test on bun 20.x (ubuntu-latest)	Post Setup Node.js	2026-09-16T08:33:05.4173842Z Cache hit occurred on the primary key node-cache-Linux-x64-npm-12813ae39a61b5fed7681502803cfede24735d033f8430fc26d535be6b212b6a, not saving cache.
Test on bun 20.x (ubuntu-latest)	Post Checkout code	﻿2026-09-16T08:33:05.4309841Z Post job cleanup.
Test on bun 20.x (ubuntu-latest)	Post Checkout code	2026-09-16T08:33:05.5225608Z [command]/usr/bin/git version
Test on bun 20.x (ubuntu-latest)	Post Checkout code	2026-09-16T08:33:05.5270724Z git version 2.55.0
Test on bun 20.x (ubuntu-latest)	Post Checkout code	2026-09-16T08:33:05.5311379Z Temporarily overriding HOME='/home/runner/work/_temp/c8979697-907e-405c-935d-82024627e4a0' before making global git config changes
Test on bun 20.x (ubuntu-latest)	Post Checkout code	2026-09-16T08:33:05.5312916Z Adding repository directory to the temporary git global config as a safe directory
Test on bun 20.x (ubuntu-latest)	Post Checkout code	2026-09-16T08:33:05.5316301Z [command]/usr/bin/git config --global --add safe.directory /home/runner/work/use-m/use-m
Test on bun 20.x (ubuntu-latest)	Post Checkout code	2026-09-16T08:33:05.5355277Z Removing SSH command configuration
Test on bun 20.x (ubuntu-latest)	Post Checkout code	2026-09-16T08:33:05.5363042Z [command]/usr/bin/git config --local --name-only --get-regexp core\.sshCommand
Test on bun 20.x (ubuntu-latest)	Post Checkout code	2026-09-16T08:33:05.5406601Z [command]/usr/bin/git submodule foreach --recursive sh -c "git config --local --name-only --get-regexp 'core\.sshCommand' && git config --local --unset-all 'core.sshCommand' || :"
Test on bun 20.x (ubuntu-latest)	Post Checkout code	2026-09-16T08:33:05.5681352Z Removing HTTP extra header
Test on bun 20.x (ubuntu-latest)	Post Checkout code	2026-09-16T08:33:05.5682437Z [command]/usr/bin/git config --local --name-only --get-regexp http\.https\:\/\/github\.com\/\.extraheader
Test on bun 20.x (ubuntu-latest)	Post Checkout code	2026-09-16T08:33:05.5732067Z [command]/usr/bin/git submodule foreach --recursive sh -c "git config --local --name-only --get-regexp 'http\.https\:\/\/github\.com\/\.extraheader' && git config --local --unset-all 'http.https://github.com/.extraheader' || :"
Test on bun 20.x (ubuntu-latest)	Post Checkout code	2026-09-16T08:33:05.6040051Z Removing includeIf entries pointing to credentials config files
Test on bun 20.x (ubuntu-latest)	Post Checkout code	2026-09-16T08:33:05.6064019Z [command]/usr/bin/git config --local --name-only --get-regexp ^includeIf\.gitdir:
Test on bun 20.x (ubuntu-latest)	Post Checkout code	2026-09-16T08:33:05.6095173Z includeif.gitdir:/home/runner/work/use-m/use-m/.git.path
Test on bun 20.x (ubuntu-latest)	Post Checkout code	2026-09-16T08:33:05.6118137Z includeif.gitdir:/home/runner/work/use-m/use-m/.git/worktrees/*.path
Test on bun 20.x (ubuntu-latest)	Post Checkout code	2026-09-16T08:33:05.6126364Z includeif.gitdir:/github/workspace/.git.path
Test on bun 20.x (ubuntu-latest)	Post Checkout code	2026-09-16T08:33:05.6127713Z includeif.gitdir:/github/workspace/.git/worktrees/*.path
Test on bun 20.x (ubuntu-latest)	Post Checkout code	2026-09-16T08:33:05.6130032Z [command]/usr/bin/git config --local --get-all includeif.gitdir:/home/runner/work/use-m/use-m/.git.path
Test on bun 20.x (ubuntu-latest)	Post Checkout code	2026-09-16T08:33:05.6153039Z /home/runner/work/_temp/git-credentials-48b7c0aa-ad9b-4401-b746-8ba258c0fcb1.config
Test on bun 20.x (ubuntu-latest)	Post Checkout code	2026-09-16T08:33:05.6173163Z [command]/usr/bin/git config --local --unset includeif.gitdir:/home/runner/work/use-m/use-m/.git.path /home/runner/work/_temp/git-credentials-48b7c0aa-ad9b-4401-b746-8ba258c0fcb1.config
Test on bun 20.x (ubuntu-latest)	Post Checkout code	2026-09-16T08:33:05.6256098Z [command]/usr/bin/git config --local --get-all includeif.gitdir:/home/runner/work/use-m/use-m/.git/worktrees/*.path
Test on bun 20.x (ubuntu-latest)	Post Checkout code	2026-09-16T08:33:05.6318821Z /home/runner/work/_temp/git-credentials-48b7c0aa-ad9b-4401-b746-8ba258c0fcb1.config
Test on bun 20.x (ubuntu-latest)	Post Checkout code	2026-09-16T08:33:05.6340973Z [command]/usr/bin/git config --local --unset includeif.gitdir:/home/runner/work/use-m/use-m/.git/worktrees/*.path /home/runner/work/_temp/git-credentials-48b7c0aa-ad9b-4401-b746-8ba258c0fcb1.config
Test on bun 20.x (ubuntu-latest)	Post Checkout code	2026-09-16T08:33:05.6380077Z [command]/usr/bin/git config --local --get-all includeif.gitdir:/github/workspace/.git.path
Test on bun 20.x (ubuntu-latest)	Post Checkout code	2026-09-16T08:33:05.6414751Z /github/runner_temp/git-credentials-48b7c0aa-ad9b-4401-b746-8ba258c0fcb1.config
Test on bun 20.x (ubuntu-latest)	Post Checkout code	2026-09-16T08:33:05.6426154Z [command]/usr/bin/git config --local --unset includeif.gitdir:/github/workspace/.git.path /github/runner_temp/git-credentials-48b7c0aa-ad9b-4401-b746-8ba258c0fcb1.config
Test on bun 20.x (ubuntu-latest)	Post Checkout code	2026-09-16T08:33:05.6470979Z [command]/usr/bin/git config --local --get-all includeif.gitdir:/github/workspace/.git/worktrees/*.path
Test on bun 20.x (ubuntu-latest)	Post Checkout code	2026-09-16T08:33:05.6503182Z /github/runner_temp/git-credentials-48b7c0aa-ad9b-4401-b746-8ba258c0fcb1.config
Test on bun 20.x (ubuntu-latest)	Post Checkout code	2026-09-16T08:33:05.6512659Z [command]/usr/bin/git config --local --unset includeif.gitdir:/github/workspace/.git/worktrees/*.path /github/runner_temp/git-credentials-48b7c0aa-ad9b-4401-b746-8ba258c0fcb1.config
Test on bun 20.x (ubuntu-latest)	Post Checkout code	2026-09-16T08:33:05.6583473Z [command]/usr/bin/git submodule foreach --recursive git config --local --show-origin --name-only --get-regexp remote.origin.url
Test on bun 20.x (ubuntu-latest)	Post Checkout code	2026-09-16T08:33:05.6850014Z Removing credentials config '/home/runner/work/_temp/git-credentials-48b7c0aa-ad9b-4401-b746-8ba258c0fcb1.config'
Test on bun 20.x (ubuntu-latest)	Complete job	﻿2026-09-16T08:33:05.7010319Z Cleaning up orphan processes
Test on deno 20.x (ubuntu-latest)	Set up job	﻿2026-09-16T08:32:16.0276633Z Current runner version: '2.337.0'
Test on deno 20.x (ubuntu-latest)	Set up job	2026-09-16T08:32:16.0303857Z ##[group]Runner Image Provisioner
Test on deno 20.x (ubuntu-latest)	Set up job	2026-09-16T08:32:16.0305090Z Hosted Compute Agent
Test on deno 20.x (ubuntu-latest)	Set up job	2026-09-16T08:32:16.0305863Z Version: 20260828.587
Test on deno 20.x (ubuntu-latest)	Set up job	2026-09-16T08:32:16.0306542Z Commit: abac92662cab4cc7352de4f9f9d2e2419aad9c29
Test on deno 20.x (ubuntu-latest)	Set up job	2026-09-16T08:32:16.0307380Z Build Date: 2026-08-28T16:44:25Z
Test on deno 20.x (ubuntu-latest)	Set up job	2026-09-16T08:32:16.0308071Z Worker ID: {831053b6-f31a-4456-8fd4-e3b64c0c990a}
Test on deno 20.x (ubuntu-latest)	Set up job	2026-09-16T08:32:16.0308770Z Azure Region: westus
Test on deno 20.x (ubuntu-latest)	Set up job	2026-09-16T08:32:16.0309437Z ##[endgroup]
Test on deno 20.x (ubuntu-latest)	Set up job	2026-09-16T08:32:16.0311306Z ##[group]Operating System
Test on deno 20.x (ubuntu-latest)	Set up job	2026-09-16T08:32:16.0312060Z Ubuntu
Test on deno 20.x (ubuntu-latest)	Set up job	2026-09-16T08:32:16.0312615Z 24.04.5
Test on deno 20.x (ubuntu-latest)	Set up job	2026-09-16T08:32:16.0313133Z LTS
Test on deno 20.x (ubuntu-latest)	Set up job	2026-09-16T08:32:16.0313735Z ##[endgroup]
Test on deno 20.x (ubuntu-latest)	Set up job	2026-09-16T08:32:16.0314540Z ##[group]Runner Image
Test on deno 20.x (ubuntu-latest)	Set up job	2026-09-16T08:32:16.0315333Z Image: ubuntu-24.04
Test on deno 20.x (ubuntu-latest)	Set up job	2026-09-16T08:32:16.0315928Z Version: 20260907.300.1
Test on deno 20.x (ubuntu-latest)	Set up job	2026-09-16T08:32:16.0317005Z Included Software: https://github.com/actions/runner-images/blob/ubuntu24/20260907.300/images/ubuntu/Ubuntu2404-Readme.md
Test on deno 20.x (ubuntu-latest)	Set up job	2026-09-16T08:32:16.0318908Z Image Release: https://github.com/actions/runner-images/releases/tag/ubuntu24%2F20260907.300
Test on deno 20.x (ubuntu-latest)	Set up job	2026-09-16T08:32:16.0319916Z ##[endgroup]
Test on deno 20.x (ubuntu-latest)	Set up job	2026-09-16T08:32:16.0320999Z ##[group]GITHUB_TOKEN Permissions
Test on deno 20.x (ubuntu-latest)	Set up job	2026-09-16T08:32:16.0323193Z Contents: read
Test on deno 20.x (ubuntu-latest)	Set up job	2026-09-16T08:32:16.0323859Z Metadata: read
Test on deno 20.x (ubuntu-latest)	Set up job	2026-09-16T08:32:16.0324806Z ##[endgroup]
Test on deno 20.x (ubuntu-latest)	Set up job	2026-09-16T08:32:16.0326969Z Secret source: Actions
Test on deno 20.x (ubuntu-latest)	Set up job	2026-09-16T08:32:16.0328003Z Cache mode: write
Test on deno 20.x (ubuntu-latest)	Set up job	2026-09-16T08:32:16.0328799Z Prepare workflow directory
Test on deno 20.x (ubuntu-latest)	Set up job	2026-09-16T08:32:16.0670269Z Prepare all required actions
Test on deno 20.x (ubuntu-latest)	Set up job	2026-09-16T08:32:16.0720071Z Getting action download info
Test on deno 20.x (ubuntu-latest)	Set up job	2026-09-16T08:32:16.4804623Z Download action repository 'actions/checkout@v6' (SHA:d23441a48e516b6c34aea4fa41551a30e30af803)
Test on deno 20.x (ubuntu-latest)	Set up job	2026-09-16T08:32:16.5936924Z Download action repository 'actions/setup-node@v6' (SHA:249970729cb0ef3589644e2896645e5dc5ba9c38)
Test on deno 20.x (ubuntu-latest)	Set up job	2026-09-16T08:32:16.7168508Z Download action repository 'oven-sh/setup-bun@v2' (SHA:0c5077e51419868618aeaa5fe8019c62421857d6)
Test on deno 20.x (ubuntu-latest)	Set up job	2026-09-16T08:32:17.0527767Z Download action repository 'denoland/setup-deno@v2' (SHA:22d081ff2d3a40755e97629de92e3bcbfa7cf2ed)
Test on deno 20.x (ubuntu-latest)	Set up job	2026-09-16T08:32:17.4805964Z Complete job name: Test on deno 20.x (ubuntu-latest)
Test on deno 20.x (ubuntu-latest)	Checkout code	﻿2026-09-16T08:32:17.5634411Z ##[group]Run actions/checkout@v6
Test on deno 20.x (ubuntu-latest)	Checkout code	2026-09-16T08:32:17.5635911Z with:
Test on deno 20.x (ubuntu-latest)	Checkout code	2026-09-16T08:32:17.5636644Z   repository: link-foundation/use-m
Test on deno 20.x (ubuntu-latest)	Checkout code	2026-09-16T08:32:17.5642076Z   token: ***
Test on deno 20.x (ubuntu-latest)	Checkout code	2026-09-16T08:32:17.5642806Z   ssh-strict: true
Test on deno 20.x (ubuntu-latest)	Checkout code	2026-09-16T08:32:17.5643423Z   ssh-user: git
Test on deno 20.x (ubuntu-latest)	Checkout code	2026-09-16T08:32:17.5643916Z   persist-credentials: true
Test on deno 20.x (ubuntu-latest)	Checkout code	2026-09-16T08:32:17.5644798Z   clean: true
Test on deno 20.x (ubuntu-latest)	Checkout code	2026-09-16T08:32:17.5645299Z   sparse-checkout-cone-mode: true
Test on deno 20.x (ubuntu-latest)	Checkout code	2026-09-16T08:32:17.5645883Z   fetch-depth: 1
Test on deno 20.x (ubuntu-latest)	Checkout code	2026-09-16T08:32:17.5646400Z   fetch-tags: false
Test on deno 20.x (ubuntu-latest)	Checkout code	2026-09-16T08:32:17.5646893Z   show-progress: true
Test on deno 20.x (ubuntu-latest)	Checkout code	2026-09-16T08:32:17.5647380Z   lfs: false
Test on deno 20.x (ubuntu-latest)	Checkout code	2026-09-16T08:32:17.5648078Z   submodules: false
Test on deno 20.x (ubuntu-latest)	Checkout code	2026-09-16T08:32:17.5649043Z   set-safe-directory: true
Test on deno 20.x (ubuntu-latest)	Checkout code	2026-09-16T08:32:17.5650030Z   allow-unsafe-pr-checkout: false
Test on deno 20.x (ubuntu-latest)	Checkout code	2026-09-16T08:32:17.5651837Z ##[endgroup]
Test on deno 20.x (ubuntu-latest)	Checkout code	2026-09-16T08:32:17.6849209Z Syncing repository: link-foundation/use-m
Test on deno 20.x (ubuntu-latest)	Checkout code	2026-09-16T08:32:17.6852796Z ##[group]Getting Git version info
Test on deno 20.x (ubuntu-latest)	Checkout code	2026-09-16T08:32:17.6854450Z Working directory is '/home/runner/work/use-m/use-m'
Test on deno 20.x (ubuntu-latest)	Checkout code	2026-09-16T08:32:17.6856773Z [command]/usr/bin/git version
Test on deno 20.x (ubuntu-latest)	Checkout code	2026-09-16T08:32:17.6977398Z git version 2.55.0
Test on deno 20.x (ubuntu-latest)	Checkout code	2026-09-16T08:32:17.7050159Z ##[endgroup]
Test on deno 20.x (ubuntu-latest)	Checkout code	2026-09-16T08:32:17.7065727Z Temporarily overriding HOME='/home/runner/work/_temp/d9bfbb28-533f-490e-98f9-a2d4180b3ec4' before making global git config changes
Test on deno 20.x (ubuntu-latest)	Checkout code	2026-09-16T08:32:17.7068518Z Adding repository directory to the temporary git global config as a safe directory
Test on deno 20.x (ubuntu-latest)	Checkout code	2026-09-16T08:32:17.7071061Z [command]/usr/bin/git config --global --add safe.directory /home/runner/work/use-m/use-m
Test on deno 20.x (ubuntu-latest)	Checkout code	2026-09-16T08:32:17.7100861Z Deleting the contents of '/home/runner/work/use-m/use-m'
Test on deno 20.x (ubuntu-latest)	Checkout code	2026-09-16T08:32:17.7105644Z ##[group]Determining repository object format
Test on deno 20.x (ubuntu-latest)	Checkout code	2026-09-16T08:32:17.7108514Z ##[endgroup]
Test on deno 20.x (ubuntu-latest)	Checkout code	2026-09-16T08:32:17.7109863Z ##[group]Initializing the repository
Test on deno 20.x (ubuntu-latest)	Checkout code	2026-09-16T08:32:17.7115730Z [command]/usr/bin/git init /home/runner/work/use-m/use-m
Test on deno 20.x (ubuntu-latest)	Checkout code	2026-09-16T08:32:17.7255115Z hint: Using 'master' as the name for the initial branch. This default branch name
Test on deno 20.x (ubuntu-latest)	Checkout code	2026-09-16T08:32:17.7257524Z hint: will change to "main" in Git 3.0. To configure the initial branch name
Test on deno 20.x (ubuntu-latest)	Checkout code	2026-09-16T08:32:17.7259496Z hint: to use in all of your new repositories, which will suppress this warning,
Test on deno 20.x (ubuntu-latest)	Checkout code	2026-09-16T08:32:17.7261167Z hint: call:
Test on deno 20.x (ubuntu-latest)	Checkout code	2026-09-16T08:32:17.7262129Z hint:
Test on deno 20.x (ubuntu-latest)	Checkout code	2026-09-16T08:32:17.7263277Z hint: 	git config --global init.defaultBranch <name>
Test on deno 20.x (ubuntu-latest)	Checkout code	2026-09-16T08:32:17.7265039Z hint:
Test on deno 20.x (ubuntu-latest)	Checkout code	2026-09-16T08:32:17.7266490Z hint: Names commonly chosen instead of 'master' are 'main', 'trunk' and
Test on deno 20.x (ubuntu-latest)	Checkout code	2026-09-16T08:32:17.7268551Z hint: 'development'. The just-created branch can be renamed via this command:
Test on deno 20.x (ubuntu-latest)	Checkout code	2026-09-16T08:32:17.7270110Z hint:
Test on deno 20.x (ubuntu-latest)	Checkout code	2026-09-16T08:32:17.7271176Z hint: 	git branch -m <name>
Test on deno 20.x (ubuntu-latest)	Checkout code	2026-09-16T08:32:17.7272364Z hint:
Test on deno 20.x (ubuntu-latest)	Checkout code	2026-09-16T08:32:17.7273884Z hint: Disable this message with "git config set advice.defaultBranchName false"
Test on deno 20.x (ubuntu-latest)	Checkout code	2026-09-16T08:32:17.7277061Z Initialized empty Git repository in /home/runner/work/use-m/use-m/.git/
Test on deno 20.x (ubuntu-latest)	Checkout code	2026-09-16T08:32:17.7285689Z [command]/usr/bin/git remote add origin https://github.com/link-foundation/use-m
Test on deno 20.x (ubuntu-latest)	Checkout code	2026-09-16T08:32:17.7340458Z ##[endgroup]
Test on deno 20.x (ubuntu-latest)	Checkout code	2026-09-16T08:32:17.7342084Z ##[group]Disabling automatic garbage collection
Test on deno 20.x (ubuntu-latest)	Checkout code	2026-09-16T08:32:17.7344834Z [command]/usr/bin/git config --local gc.auto 0
Test on deno 20.x (ubuntu-latest)	Checkout code	2026-09-16T08:32:17.7386035Z ##[endgroup]
Test on deno 20.x (ubuntu-latest)	Checkout code	2026-09-16T08:32:17.7387993Z ##[group]Setting up auth
Test on deno 20.x (ubuntu-latest)	Checkout code	2026-09-16T08:32:17.7389436Z Removing SSH command configuration
Test on deno 20.x (ubuntu-latest)	Checkout code	2026-09-16T08:32:17.7397417Z [command]/usr/bin/git config --local --name-only --get-regexp core\.sshCommand
Test on deno 20.x (ubuntu-latest)	Checkout code	2026-09-16T08:32:17.7439844Z [command]/usr/bin/git submodule foreach --recursive sh -c "git config --local --name-only --get-regexp 'core\.sshCommand' && git config --local --unset-all 'core.sshCommand' || :"
Test on deno 20.x (ubuntu-latest)	Checkout code	2026-09-16T08:32:17.7911758Z Removing HTTP extra header
Test on deno 20.x (ubuntu-latest)	Checkout code	2026-09-16T08:32:17.7922027Z [command]/usr/bin/git config --local --name-only --get-regexp http\.https\:\/\/github\.com\/\.extraheader
Test on deno 20.x (ubuntu-latest)	Checkout code	2026-09-16T08:32:17.7976898Z [command]/usr/bin/git submodule foreach --recursive sh -c "git config --local --name-only --get-regexp 'http\.https\:\/\/github\.com\/\.extraheader' && git config --local --unset-all 'http.https://github.com/.extraheader' || :"
Test on deno 20.x (ubuntu-latest)	Checkout code	2026-09-16T08:32:17.8248709Z Removing includeIf entries pointing to credentials config files
Test on deno 20.x (ubuntu-latest)	Checkout code	2026-09-16T08:32:17.8253125Z [command]/usr/bin/git config --local --name-only --get-regexp ^includeIf\.gitdir:
Test on deno 20.x (ubuntu-latest)	Checkout code	2026-09-16T08:32:17.8295071Z [command]/usr/bin/git submodule foreach --recursive git config --local --show-origin --name-only --get-regexp remote.origin.url
Test on deno 20.x (ubuntu-latest)	Checkout code	2026-09-16T08:32:17.8543103Z [command]/usr/bin/git config --file /home/runner/work/_temp/git-credentials-6dc5c596-33ee-4a9e-9017-c552853799ca.config http.https://github.com/.extraheader AUTHORIZATION: basic ***
Test on deno 20.x (ubuntu-latest)	Checkout code	2026-09-16T08:32:17.8595441Z [command]/usr/bin/git config --local includeIf.gitdir:/home/runner/work/use-m/use-m/.git.path /home/runner/work/_temp/git-credentials-6dc5c596-33ee-4a9e-9017-c552853799ca.config
Test on deno 20.x (ubuntu-latest)	Checkout code	2026-09-16T08:32:17.8640684Z [command]/usr/bin/git config --local includeIf.gitdir:/home/runner/work/use-m/use-m/.git/worktrees/*.path /home/runner/work/_temp/git-credentials-6dc5c596-33ee-4a9e-9017-c552853799ca.config
Test on deno 20.x (ubuntu-latest)	Checkout code	2026-09-16T08:32:17.8688016Z [command]/usr/bin/git config --local includeIf.gitdir:/github/workspace/.git.path /github/runner_temp/git-credentials-6dc5c596-33ee-4a9e-9017-c552853799ca.config
Test on deno 20.x (ubuntu-latest)	Checkout code	2026-09-16T08:32:17.8724714Z [command]/usr/bin/git config --local includeIf.gitdir:/github/workspace/.git/worktrees/*.path /github/runner_temp/git-credentials-6dc5c596-33ee-4a9e-9017-c552853799ca.config
Test on deno 20.x (ubuntu-latest)	Checkout code	2026-09-16T08:32:17.8756622Z ##[endgroup]
Test on deno 20.x (ubuntu-latest)	Checkout code	2026-09-16T08:32:17.8757491Z ##[group]Fetching the repository
Test on deno 20.x (ubuntu-latest)	Checkout code	2026-09-16T08:32:17.8767505Z [command]/usr/bin/git -c protocol.version=2 fetch --no-tags --prune --no-recurse-submodules --depth=1 origin +cf37a7ea6b52c4c42810335e94425a7a2381cf13:refs/remotes/pull/51/merge
Test on deno 20.x (ubuntu-latest)	Checkout code	2026-09-16T08:32:18.6317858Z From https://github.com/link-foundation/use-m
Test on deno 20.x (ubuntu-latest)	Checkout code	2026-09-16T08:32:18.6320413Z  * [new ref]         cf37a7ea6b52c4c42810335e94425a7a2381cf13 -> pull/51/merge
Test on deno 20.x (ubuntu-latest)	Checkout code	2026-09-16T08:32:18.6326412Z ##[endgroup]
Test on deno 20.x (ubuntu-latest)	Checkout code	2026-09-16T08:32:18.6328799Z ##[group]Determining the checkout info
Test on deno 20.x (ubuntu-latest)	Checkout code	2026-09-16T08:32:18.6331334Z ##[endgroup]
Test on deno 20.x (ubuntu-latest)	Checkout code	2026-09-16T08:32:18.6334797Z [command]/usr/bin/git sparse-checkout disable
Test on deno 20.x (ubuntu-latest)	Checkout code	2026-09-16T08:32:18.6391228Z [command]/usr/bin/git config --local --unset-all extensions.worktreeConfig
Test on deno 20.x (ubuntu-latest)	Checkout code	2026-09-16T08:32:18.6423444Z ##[group]Checking out the ref
Test on deno 20.x (ubuntu-latest)	Checkout code	2026-09-16T08:32:18.6426727Z [command]/usr/bin/git checkout --progress --force refs/remotes/pull/51/merge
Test on deno 20.x (ubuntu-latest)	Checkout code	2026-09-16T08:32:18.6793617Z Note: switching to 'refs/remotes/pull/51/merge'.
Test on deno 20.x (ubuntu-latest)	Checkout code	2026-09-16T08:32:18.6795363Z 
Test on deno 20.x (ubuntu-latest)	Checkout code	2026-09-16T08:32:18.6796482Z You are in 'detached HEAD' state. You can look around, make experimental
Test on deno 20.x (ubuntu-latest)	Checkout code	2026-09-16T08:32:18.6799164Z changes and commit them, and you can discard any commits you make in this
Test on deno 20.x (ubuntu-latest)	Checkout code	2026-09-16T08:32:18.6801878Z state without impacting any branches by switching back to a branch.
Test on deno 20.x (ubuntu-latest)	Checkout code	2026-09-16T08:32:18.6803319Z 
Test on deno 20.x (ubuntu-latest)	Checkout code	2026-09-16T08:32:18.6804078Z If you want to create a new branch to retain commits you create, you may
Test on deno 20.x (ubuntu-latest)	Checkout code	2026-09-16T08:32:18.6806260Z do so (now or later) by using -c with the switch command. Example:
Test on deno 20.x (ubuntu-latest)	Checkout code	2026-09-16T08:32:18.6807745Z 
Test on deno 20.x (ubuntu-latest)	Checkout code	2026-09-16T08:32:18.6808559Z   git switch -c <new-branch-name>
Test on deno 20.x (ubuntu-latest)	Checkout code	2026-09-16T08:32:18.6809896Z 
Test on deno 20.x (ubuntu-latest)	Checkout code	2026-09-16T08:32:18.6810685Z Or undo this operation with:
Test on deno 20.x (ubuntu-latest)	Checkout code	2026-09-16T08:32:18.6811848Z 
Test on deno 20.x (ubuntu-latest)	Checkout code	2026-09-16T08:32:18.6812557Z   git switch -
Test on deno 20.x (ubuntu-latest)	Checkout code	2026-09-16T08:32:18.6813757Z 
Test on deno 20.x (ubuntu-latest)	Checkout code	2026-09-16T08:32:18.6815403Z Turn off this advice by setting config variable advice.detachedHead to false
Test on deno 20.x (ubuntu-latest)	Checkout code	2026-09-16T08:32:18.6817445Z 
Test on deno 20.x (ubuntu-latest)	Checkout code	2026-09-16T08:32:18.6819063Z HEAD is now at cf37a7e Merge a09e0e662b832c8e029f25fa3f31715ebf733eff into 5378cba033e9105307a25e3f1a176ff689b716f0
Test on deno 20.x (ubuntu-latest)	Checkout code	2026-09-16T08:32:18.6824082Z ##[endgroup]
Test on deno 20.x (ubuntu-latest)	Checkout code	2026-09-16T08:32:18.6862682Z [command]/usr/bin/git log -1 --format=%H
Test on deno 20.x (ubuntu-latest)	Checkout code	2026-09-16T08:32:18.6893304Z cf37a7ea6b52c4c42810335e94425a7a2381cf13
Test on deno 20.x (ubuntu-latest)	Setup Node.js	﻿2026-09-16T08:32:18.7349330Z ##[group]Run actions/setup-node@v6
Test on deno 20.x (ubuntu-latest)	Setup Node.js	2026-09-16T08:32:18.7350541Z with:
Test on deno 20.x (ubuntu-latest)	Setup Node.js	2026-09-16T08:32:18.7351381Z   node-version: 20.x
Test on deno 20.x (ubuntu-latest)	Setup Node.js	2026-09-16T08:32:18.7352322Z   cache: npm
Test on deno 20.x (ubuntu-latest)	Setup Node.js	2026-09-16T08:32:18.7353204Z   check-latest: false
Test on deno 20.x (ubuntu-latest)	Setup Node.js	2026-09-16T08:32:18.7364243Z   token: ***
Test on deno 20.x (ubuntu-latest)	Setup Node.js	2026-09-16T08:32:18.7365216Z   package-manager-cache: true
Test on deno 20.x (ubuntu-latest)	Setup Node.js	2026-09-16T08:32:18.7366323Z ##[endgroup]
Test on deno 20.x (ubuntu-latest)	Setup Node.js	2026-09-16T08:32:18.8845176Z Attempting to download 20.x...
Test on deno 20.x (ubuntu-latest)	Setup Node.js	2026-09-16T08:32:19.5489704Z Acquiring 20.20.2 - x64 from https://github.com/actions/node-versions/releases/download/20.20.2-23521894959/node-20.20.2-linux-x64.tar.gz
Test on deno 20.x (ubuntu-latest)	Setup Node.js	2026-09-16T08:32:19.9917207Z Extracting ...
Test on deno 20.x (ubuntu-latest)	Setup Node.js	2026-09-16T08:32:20.0024924Z [command]/usr/bin/tar xz --strip 1 --warning=no-unknown-keyword --overwrite -C /home/runner/work/_temp/905fb69f-bcb6-4746-abfc-2a2f5b3a328b -f /home/runner/work/_temp/8cedb42b-304d-4d7d-9bcc-6063d19c1353
Test on deno 20.x (ubuntu-latest)	Setup Node.js	2026-09-16T08:32:21.0135247Z Adding to the cache ...
Test on deno 20.x (ubuntu-latest)	Setup Node.js	2026-09-16T08:32:22.8966092Z ##[group]Environment details
Test on deno 20.x (ubuntu-latest)	Setup Node.js	2026-09-16T08:32:23.1375800Z node: v20.20.2
Test on deno 20.x (ubuntu-latest)	Setup Node.js	2026-09-16T08:32:23.1376842Z npm: 10.8.2
Test on deno 20.x (ubuntu-latest)	Setup Node.js	2026-09-16T08:32:23.1377712Z yarn: 1.22.22
Test on deno 20.x (ubuntu-latest)	Setup Node.js	2026-09-16T08:32:23.1378756Z ##[endgroup]
Test on deno 20.x (ubuntu-latest)	Setup Node.js	2026-09-16T08:32:23.1403669Z [command]/opt/hostedtoolcache/node/20.20.2/x64/bin/npm config get cache
Test on deno 20.x (ubuntu-latest)	Setup Node.js	2026-09-16T08:32:23.2544136Z /home/runner/.npm
Test on deno 20.x (ubuntu-latest)	Setup Node.js	2026-09-16T08:32:23.5270430Z Cache hit for: node-cache-Linux-x64-npm-12813ae39a61b5fed7681502803cfede24735d033f8430fc26d535be6b212b6a
Test on deno 20.x (ubuntu-latest)	Setup Node.js	2026-09-16T08:32:24.8117805Z Received 1837970 of 14420882 (12.7%), 1.8 MBs/sec
Test on deno 20.x (ubuntu-latest)	Setup Node.js	2026-09-16T08:32:24.9787462Z Received 14420882 of 14420882 (100.0%), 11.8 MBs/sec
Test on deno 20.x (ubuntu-latest)	Setup Node.js	2026-09-16T08:32:24.9788313Z Cache Size: ~14 MB (14420882 B)
Test on deno 20.x (ubuntu-latest)	Setup Node.js	2026-09-16T08:32:24.9825877Z [command]/usr/bin/tar -xf /home/runner/work/_temp/c3918277-f282-4fdc-b14d-dcb07a66b3a3/cache.tzst -P -C /home/runner/work/use-m/use-m --use-compress-program unzstd
Test on deno 20.x (ubuntu-latest)	Setup Node.js	2026-09-16T08:32:25.1084949Z Cache restored successfully
Test on deno 20.x (ubuntu-latest)	Setup Node.js	2026-09-16T08:32:25.1096738Z Cache restored from key: node-cache-Linux-x64-npm-12813ae39a61b5fed7681502803cfede24735d033f8430fc26d535be6b212b6a
Test on deno 20.x (ubuntu-latest)	Setup Deno	﻿2026-09-16T08:32:25.1360016Z ##[group]Run denoland/setup-deno@v2
Test on deno 20.x (ubuntu-latest)	Setup Deno	2026-09-16T08:32:25.1360512Z with:
Test on deno 20.x (ubuntu-latest)	Setup Deno	2026-09-16T08:32:25.1360847Z   deno-version: v2.x
Test on deno 20.x (ubuntu-latest)	Setup Deno	2026-09-16T08:32:25.1361232Z   deno-binary-name: deno
Test on deno 20.x (ubuntu-latest)	Setup Deno	2026-09-16T08:32:25.1361615Z   cache: false
Test on deno 20.x (ubuntu-latest)	Setup Deno	2026-09-16T08:32:25.1361950Z ##[endgroup]
Test on deno 20.x (ubuntu-latest)	Setup Deno	2026-09-16T08:32:25.3949948Z Going to install stable version 2.9.6.
Test on deno 20.x (ubuntu-latest)	Setup Deno	2026-09-16T08:32:25.3971528Z Downloading Deno from https://github.com/denoland/deno/releases/download/v2.9.6/deno-x86_64-unknown-linux-gnu.zip.
Test on deno 20.x (ubuntu-latest)	Setup Deno	2026-09-16T08:32:25.7029934Z [command]/usr/bin/unzip -o -q /home/runner/work/_temp/19c01192-0405-4616-be5b-0330a26e2d75
Test on deno 20.x (ubuntu-latest)	Setup Deno	2026-09-16T08:32:26.5444077Z Cached Deno to /opt/hostedtoolcache/deno/2.9.6/x64.
Test on deno 20.x (ubuntu-latest)	Setup Deno	2026-09-16T08:32:26.5453842Z Installation complete.
Test on deno 20.x (ubuntu-latest)	Install dependencies	﻿2026-09-16T08:32:26.5627819Z ##[group]Run npm ci --no-audit --no-fund
Test on deno 20.x (ubuntu-latest)	Install dependencies	2026-09-16T08:32:26.5628288Z ^[[36;1mnpm ci --no-audit --no-fund^[[0m
Test on deno 20.x (ubuntu-latest)	Install dependencies	2026-09-16T08:32:26.5670138Z shell: /usr/bin/bash -e {0}
Test on deno 20.x (ubuntu-latest)	Install dependencies	2026-09-16T08:32:26.5670438Z ##[endgroup]
Test on deno 20.x (ubuntu-latest)	Install dependencies	2026-09-16T08:32:34.7537620Z 
Test on deno 20.x (ubuntu-latest)	Install dependencies	2026-09-16T08:32:34.7538317Z added 476 packages in 8s
Test on deno 20.x (ubuntu-latest)	Run Deno tests	﻿2026-09-16T08:32:34.7791129Z ##[group]Run for attempt in 1 2 3; do
Test on deno 20.x (ubuntu-latest)	Run Deno tests	2026-09-16T08:32:34.7791619Z ^[[36;1mfor attempt in 1 2 3; do^[[0m
Test on deno 20.x (ubuntu-latest)	Run Deno tests	2026-09-16T08:32:34.7792114Z ^[[36;1m  deno test --allow-net --allow-env --allow-run --allow-read --allow-write --allow-sys && exit 0^[[0m
Test on deno 20.x (ubuntu-latest)	Run Deno tests	2026-09-16T08:32:34.7792621Z ^[[36;1m  status=$?^[[0m
Test on deno 20.x (ubuntu-latest)	Run Deno tests	2026-09-16T08:32:34.7792845Z ^[[36;1m^[[0m
Test on deno 20.x (ubuntu-latest)	Run Deno tests	2026-09-16T08:32:34.7793054Z ^[[36;1m  if [ "$attempt" = "3" ]; then^[[0m
Test on deno 20.x (ubuntu-latest)	Run Deno tests	2026-09-16T08:32:34.7793336Z ^[[36;1m    exit "$status"^[[0m
Test on deno 20.x (ubuntu-latest)	Run Deno tests	2026-09-16T08:32:34.7793582Z ^[[36;1m  fi^[[0m
Test on deno 20.x (ubuntu-latest)	Run Deno tests	2026-09-16T08:32:34.7793789Z ^[[36;1m^[[0m
Test on deno 20.x (ubuntu-latest)	Run Deno tests	2026-09-16T08:32:34.7794633Z ^[[36;1m  echo "Deno tests failed on attempt ${attempt}/3; retrying after a short delay."^[[0m
Test on deno 20.x (ubuntu-latest)	Run Deno tests	2026-09-16T08:32:34.7795138Z ^[[36;1m  sleep $((attempt * 15))^[[0m
Test on deno 20.x (ubuntu-latest)	Run Deno tests	2026-09-16T08:32:34.7795411Z ^[[36;1mdone^[[0m
Test on deno 20.x (ubuntu-latest)	Run Deno tests	2026-09-16T08:32:34.7831806Z shell: /usr/bin/bash -e {0}
Test on deno 20.x (ubuntu-latest)	Run Deno tests	2026-09-16T08:32:34.7832080Z ##[endgroup]
Test on deno 20.x (ubuntu-latest)	Run Deno tests	2026-09-16T08:32:34.8195544Z ^[[0m^[[32mDownload^[[0m https://deno.land/std@0.224.0/expect/mod.ts
Test on deno 20.x (ubuntu-latest)	Run Deno tests	2026-09-16T08:32:34.8197029Z ^[[0m^[[32mDownload^[[0m https://deno.land/std@0.224.0/testing/bdd.ts
Test on deno 20.x (ubuntu-latest)	Run Deno tests	2026-09-16T08:32:35.1218626Z ^[[0m^[[32mDownload^[[0m https://deno.land/std@0.224.0/expect/expect.ts
Test on deno 20.x (ubuntu-latest)	Run Deno tests	2026-09-16T08:32:35.1220428Z ^[[0m^[[32mDownload^[[0m https://deno.land/std@0.224.0/expect/fn.ts
Test on deno 20.x (ubuntu-latest)	Run Deno tests	2026-09-16T08:32:35.1237450Z ^[[0m^[[32mDownload^[[0m https://deno.land/std@0.224.0/testing/_test_suite.ts
Test on deno 20.x (ubuntu-latest)	Run Deno tests	2026-09-16T08:32:35.1736891Z ^[[0m^[[32mDownload^[[0m https://deno.land/std@0.224.0/expect/_types.ts
Test on deno 20.x (ubuntu-latest)	Run Deno tests	2026-09-16T08:32:35.1738116Z ^[[0m^[[32mDownload^[[0m https://deno.land/std@0.224.0/assert/assertion_error.ts
Test on deno 20.x (ubuntu-latest)	Run Deno tests	2026-09-16T08:32:35.1739378Z ^[[0m^[[32mDownload^[[0m https://deno.land/std@0.224.0/expect/_custom_equality_tester.ts
Test on deno 20.x (ubuntu-latest)	Run Deno tests	2026-09-16T08:32:35.1740537Z ^[[0m^[[32mDownload^[[0m https://deno.land/std@0.224.0/expect/_equal.ts
Test on deno 20.x (ubuntu-latest)	Run Deno tests	2026-09-16T08:32:35.1741611Z ^[[0m^[[32mDownload^[[0m https://deno.land/std@0.224.0/expect/_extend.ts
Test on deno 20.x (ubuntu-latest)	Run Deno tests	2026-09-16T08:32:35.1742447Z ^[[0m^[[32mDownload^[[0m https://deno.land/std@0.224.0/expect/_matchers.ts
Test on deno 20.x (ubuntu-latest)	Run Deno tests	2026-09-16T08:32:35.1743154Z ^[[0m^[[32mDownload^[[0m https://deno.land/std@0.224.0/expect/_snapshot_serializer.ts
Test on deno 20.x (ubuntu-latest)	Run Deno tests	2026-09-16T08:32:35.1743816Z ^[[0m^[[32mDownload^[[0m https://deno.land/std@0.224.0/expect/_utils.ts
Test on deno 20.x (ubuntu-latest)	Run Deno tests	2026-09-16T08:32:35.1744784Z ^[[0m^[[32mDownload^[[0m https://deno.land/std@0.224.0/expect/_asymmetric_matchers.ts
Test on deno 20.x (ubuntu-latest)	Run Deno tests	2026-09-16T08:32:35.1745443Z ^[[0m^[[32mDownload^[[0m https://deno.land/std@0.224.0/expect/_mock_util.ts
Test on deno 20.x (ubuntu-latest)	Run Deno tests	2026-09-16T08:32:35.3266247Z ^[[0m^[[32mDownload^[[0m https://deno.land/std@0.224.0/assert/assert_not_strict_equals.ts
Test on deno 20.x (ubuntu-latest)	Run Deno tests	2026-09-16T08:32:35.3267593Z ^[[0m^[[32mDownload^[[0m https://deno.land/std@0.224.0/assert/assert_strict_equals.ts
Test on deno 20.x (ubuntu-latest)	Run Deno tests	2026-09-16T08:32:35.3268837Z ^[[0m^[[32mDownload^[[0m https://deno.land/std@0.224.0/assert/assert_instance_of.ts
Test on deno 20.x (ubuntu-latest)	Run Deno tests	2026-09-16T08:32:35.3269850Z ^[[0m^[[32mDownload^[[0m https://deno.land/std@0.224.0/assert/assert_is_error.ts
Test on deno 20.x (ubuntu-latest)	Run Deno tests	2026-09-16T08:32:35.3270572Z ^[[0m^[[32mDownload^[[0m https://deno.land/std@0.224.0/assert/assert_not_instance_of.ts
Test on deno 20.x (ubuntu-latest)	Run Deno tests	2026-09-16T08:32:35.3271608Z ^[[0m^[[32mDownload^[[0m https://deno.land/std@0.224.0/assert/assert_match.ts
Test on deno 20.x (ubuntu-latest)	Run Deno tests	2026-09-16T08:32:35.3272310Z ^[[0m^[[32mDownload^[[0m https://deno.land/std@0.224.0/assert/assert_object_match.ts
Test on deno 20.x (ubuntu-latest)	Run Deno tests	2026-09-16T08:32:35.3272997Z ^[[0m^[[32mDownload^[[0m https://deno.land/std@0.224.0/assert/assert_not_match.ts
Test on deno 20.x (ubuntu-latest)	Run Deno tests	2026-09-16T08:32:35.3273686Z ^[[0m^[[32mDownload^[[0m https://deno.land/std@0.224.0/expect/_assert_equals.ts
Test on deno 20.x (ubuntu-latest)	Run Deno tests	2026-09-16T08:32:35.3274557Z ^[[0m^[[32mDownload^[[0m https://deno.land/std@0.224.0/expect/_assert_not_equals.ts
Test on deno 20.x (ubuntu-latest)	Run Deno tests	2026-09-16T08:32:35.3275266Z ^[[0m^[[32mDownload^[[0m https://deno.land/std@0.224.0/internal/format.ts
Test on deno 20.x (ubuntu-latest)	Run Deno tests	2026-09-16T08:32:35.3275878Z ^[[0m^[[32mDownload^[[0m https://deno.land/std@0.224.0/expect/_inspect_args.ts
Test on deno 20.x (ubuntu-latest)	Run Deno tests	2026-09-16T08:32:35.4029818Z ^[[0m^[[32mDownload^[[0m https://deno.land/std@0.224.0/internal/mod.ts
Test on deno 20.x (ubuntu-latest)	Run Deno tests	2026-09-16T08:32:35.4031050Z ^[[0m^[[32mDownload^[[0m https://deno.land/std@0.224.0/assert/_constants.ts
Test on deno 20.x (ubuntu-latest)	Run Deno tests	2026-09-16T08:32:35.4032160Z ^[[0m^[[32mDownload^[[0m https://deno.land/std@0.224.0/fmt/colors.ts
Test on deno 20.x (ubuntu-latest)	Run Deno tests	2026-09-16T08:32:35.4033425Z ^[[0m^[[32mDownload^[[0m https://deno.land/std@0.224.0/assert/assert_false.ts
Test on deno 20.x (ubuntu-latest)	Run Deno tests	2026-09-16T08:32:35.4035088Z ^[[0m^[[32mDownload^[[0m https://deno.land/std@0.224.0/assert/assert_equals.ts
Test on deno 20.x (ubuntu-latest)	Run Deno tests	2026-09-16T08:32:35.4036111Z ^[[0m^[[32mDownload^[[0m https://deno.land/std@0.224.0/expect/_build_message.ts
Test on deno 20.x (ubuntu-latest)	Run Deno tests	2026-09-16T08:32:35.4555170Z ^[[0m^[[32mDownload^[[0m https://deno.land/std@0.224.0/internal/diff.ts
Test on deno 20.x (ubuntu-latest)	Run Deno tests	2026-09-16T08:32:35.4563083Z ^[[0m^[[32mDownload^[[0m https://deno.land/std@0.224.0/assert/equal.ts
Test on deno 20.x (ubuntu-latest)	Run Deno tests	2026-09-16T08:32:35.4563794Z ^[[0m^[[32mDownload^[[0m https://deno.land/std@0.224.0/expect/_constants.ts
Test on deno 20.x (ubuntu-latest)	Run Deno tests	2026-09-16T08:32:35.5588121Z ^[[0m^[[32mCheck^[[0m tests/builtin-backward-compatibility.test.mjs
Test on deno 20.x (ubuntu-latest)	Run Deno tests	2026-09-16T08:32:35.5588888Z ^[[0m^[[32mCheck^[[0m tests/builtin-browser.test.mjs
Test on deno 20.x (ubuntu-latest)	Run Deno tests	2026-09-16T08:32:35.5589533Z ^[[0m^[[32mCheck^[[0m tests/builtin-errors.test.mjs
Test on deno 20.x (ubuntu-latest)	Run Deno tests	2026-09-16T08:32:35.5590217Z ^[[0m^[[32mCheck^[[0m tests/builtin-nodejs.test.mjs
Test on deno 20.x (ubuntu-latest)	Run Deno tests	2026-09-16T08:32:35.5590814Z ^[[0m^[[32mCheck^[[0m tests/builtin-universal.test.mjs
Test on deno 20.x (ubuntu-latest)	Run Deno tests	2026-09-16T08:32:35.5591425Z ^[[0m^[[32mCheck^[[0m tests/command-stream.test.mjs
Test on deno 20.x (ubuntu-latest)	Run Deno tests	2026-09-16T08:32:35.5592020Z ^[[0m^[[32mCheck^[[0m tests/deno-support.test.mjs
Test on deno 20.x (ubuntu-latest)	Run Deno tests	2026-09-16T08:32:35.5592606Z ^[[0m^[[32mCheck^[[0m tests/dynamic-builtins.test.mjs
Test on deno 20.x (ubuntu-latest)	Run Deno tests	2026-09-16T08:32:35.5593252Z ^[[0m^[[32mCheck^[[0m tests/esm-sh-polyfill-browser.test.mjs
Test on deno 20.x (ubuntu-latest)	Run Deno tests	2026-09-16T08:32:35.5593840Z ^[[0m^[[32mCheck^[[0m tests/fallback.test.mjs
Test on deno 20.x (ubuntu-latest)	Run Deno tests	2026-09-16T08:32:35.5594707Z ^[[0m^[[32mCheck^[[0m tests/filename.test.mjs
Test on deno 20.x (ubuntu-latest)	Run Deno tests	2026-09-16T08:32:35.5595231Z ^[[0m^[[32mCheck^[[0m tests/fs-promises.test.mjs
Test on deno 20.x (ubuntu-latest)	Run Deno tests	2026-09-16T08:32:35.5595786Z ^[[0m^[[32mCheck^[[0m tests/get-script-url.test.mjs
Test on deno 20.x (ubuntu-latest)	Run Deno tests	2026-09-16T08:32:35.5596307Z ^[[0m^[[32mCheck^[[0m tests/import.test.mjs
Test on deno 20.x (ubuntu-latest)	Run Deno tests	2026-09-16T08:32:35.5596792Z ^[[0m^[[32mCheck^[[0m tests/load.test.mjs
Test on deno 20.x (ubuntu-latest)	Run Deno tests	2026-09-16T08:32:35.5597270Z ^[[0m^[[32mCheck^[[0m tests/loader.test.mjs
Test on deno 20.x (ubuntu-latest)	Run Deno tests	2026-09-16T08:32:35.5597760Z ^[[0m^[[32mCheck^[[0m tests/lodash.test.mjs
Test on deno 20.x (ubuntu-latest)	Run Deno tests	2026-09-16T08:32:35.5598294Z ^[[0m^[[32mCheck^[[0m tests/module-specifier.test.mjs
Test on deno 20.x (ubuntu-latest)	Run Deno tests	2026-09-16T08:32:35.5598893Z ^[[0m^[[32mCheck^[[0m tests/network-imports.test.mjs
Test on deno 20.x (ubuntu-latest)	Run Deno tests	2026-09-16T08:32:35.5599553Z ^[[0m^[[32mCheck^[[0m tests/npm-global-prefix.test.mjs
Test on deno 20.x (ubuntu-latest)	Run Deno tests	2026-09-16T08:32:35.5600179Z ^[[0m^[[32mCheck^[[0m tests/relative-paths-browser.test.mjs
Test on deno 20.x (ubuntu-latest)	Run Deno tests	2026-09-16T08:32:35.5600757Z ^[[0m^[[32mCheck^[[0m tests/relative-paths.integration.test.mjs
Test on deno 20.x (ubuntu-latest)	Run Deno tests	2026-09-16T08:32:35.5601293Z ^[[0m^[[32mCheck^[[0m tests/relative-paths.test.mjs
Test on deno 20.x (ubuntu-latest)	Run Deno tests	2026-09-16T08:32:35.5601815Z ^[[0m^[[32mCheck^[[0m tests/release-workflow-policy.test.mjs
Test on deno 20.x (ubuntu-latest)	Run Deno tests	2026-09-16T08:32:35.5602312Z ^[[0m^[[32mCheck^[[0m tests/resolvers.test.mjs
Test on deno 20.x (ubuntu-latest)	Run Deno tests	2026-09-16T08:32:35.5602805Z ^[[0m^[[32mCheck^[[0m tests/root-entries.test.mjs
Test on deno 20.x (ubuntu-latest)	Run Deno tests	2026-09-16T08:32:35.5603269Z ^[[0m^[[32mCheck^[[0m tests/script-sync.test.mjs
Test on deno 20.x (ubuntu-latest)	Run Deno tests	2026-09-16T08:32:35.5603722Z ^[[0m^[[32mCheck^[[0m tests/typescript.test.mjs
Test on deno 20.x (ubuntu-latest)	Run Deno tests	2026-09-16T08:32:35.5604314Z ^[[0m^[[32mCheck^[[0m tests/use.test.mjs
Test on deno 20.x (ubuntu-latest)	Run Deno tests	2026-09-16T08:32:37.0086151Z ^[[0m^[[38;5;245mrunning 1 test from ./tests/builtin-backward-compatibility.test.mjs^[[0m
Test on deno 20.x (ubuntu-latest)	Run Deno tests	2026-09-16T08:32:37.0087424Z [mjs module] Backward compatibility of previously hardcoded built-ins ...
Test on deno 20.x (ubuntu-latest)	Run Deno tests	2026-09-16T08:32:37.0455095Z   [mjs module] 'console' still resolves with its documented exports ... ^[[0m^[[32mok^[[0m ^[[0m^[[38;5;245m(39ms)^[[0m
Test on deno 20.x (ubuntu-latest)	Run Deno tests	2026-09-16T08:32:37.0553178Z   [mjs module] 'crypto' still resolves with its documented exports ... ^[[0m^[[32mok^[[0m ^[[0m^[[38;5;245m(9ms)^[[0m
Test on deno 20.x (ubuntu-latest)	Run Deno tests	2026-09-16T08:32:37.0563841Z   [mjs module] 'url' still resolves with its documented exports ... ^[[0m^[[32mok^[[0m ^[[0m^[[38;5;245m(1ms)^[[0m
Test on deno 20.x (ubuntu-latest)	Run Deno tests	2026-09-16T08:32:37.0581188Z   [mjs module] 'performance' still resolves with its documented exports ... ^[[0m^[[32mok^[[0m ^[[0m^[[38;5;245m(1ms)^[[0m
Test on deno 20.x (ubuntu-latest)	Run Deno tests	2026-09-16T08:32:37.0699151Z   [mjs module] 'fs' still resolves with its documented exports ... ^[[0m^[[32mok^[[0m ^[[0m^[[38;5;245m(11ms)^[[0m
Test on deno 20.x (ubuntu-latest)	Run Deno tests	2026-09-16T08:32:37.0720277Z   [mjs module] 'fs/promises' still resolves with its documented exports ... ^[[0m^[[32mok^[[0m ^[[0m^[[38;5;245m(2ms)^[[0m
Test on deno 20.x (ubuntu-latest)	Run Deno tests	2026-09-16T08:32:37.0754380Z   [mjs module] 'dns/promises' still resolves with its documented exports ... ^[[0m^[[32mok^[[0m ^[[0m^[[38;5;245m(3ms)^[[0m
Test on deno 20.x (ubuntu-latest)	Run Deno tests	2026-09-16T08:32:37.0765441Z   [mjs module] 'stream/promises' still resolves with its documented exports ... ^[[0m^[[32mok^[[0m ^[[0m^[[38;5;245m(1ms)^[[0m
Test on deno 20.x (ubuntu-latest)	Run Deno tests	2026-09-16T08:32:37.0785821Z   [mjs module] 'readline/promises' still resolves with its documented exports ... ^[[0m^[[32mok^[[0m ^[[0m^[[38;5;245m(2ms)^[[0m
Test on deno 20.x (ubuntu-latest)	Run Deno tests	2026-09-16T08:32:37.0793549Z   [mjs module] 'timers/promises' still resolves with its documented exports ... ^[[0m^[[32mok^[[0m ^[[0m^[[38;5;245m(1ms)^[[0m
Test on deno 20.x (ubuntu-latest)	Run Deno tests	2026-09-16T08:32:37.0802828Z   [mjs module] 'path' still resolves with its documented exports ... ^[[0m^[[32mok^[[0m ^[[0m^[[38;5;245m(1ms)^[[0m
Test on deno 20.x (ubuntu-latest)	Run Deno tests	2026-09-16T08:32:37.0813880Z   [mjs module] 'os' still resolves with its documented exports ... ^[[0m^[[32mok^[[0m ^[[0m^[[38;5;245m(1ms)^[[0m
Test on deno 20.x (ubuntu-latest)	Run Deno tests	2026-09-16T08:32:37.0821831Z   [mjs module] 'util' still resolves with its documented exports ... ^[[0m^[[32mok^[[0m ^[[0m^[[38;5;245m(0ms)^[[0m
Test on deno 20.x (ubuntu-latest)	Run Deno tests	2026-09-16T08:32:37.0831727Z   [mjs module] 'events' still resolves with its documented exports ... ^[[0m^[[32mok^[[0m ^[[0m^[[38;5;245m(0ms)^[[0m
Test on deno 20.x (ubuntu-latest)	Run Deno tests	2026-09-16T08:32:37.0839421Z   [mjs module] 'stream' still resolves with its documented exports ... ^[[0m^[[32mok^[[0m ^[[0m^[[38;5;245m(0ms)^[[0m
Test on deno 20.x (ubuntu-latest)	Run Deno tests	2026-09-16T08:32:37.0847556Z   [mjs module] 'buffer' still resolves with its documented exports ... ^[[0m^[[32mok^[[0m ^[[0m^[[38;5;245m(1ms)^[[0m
Test on deno 20.x (ubuntu-latest)	Run Deno tests	2026-09-16T08:32:37.0855993Z   [mjs module] 'process' still resolves with its documented exports ... ^[[0m^[[32mok^[[0m ^[[0m^[[38;5;245m(1ms)^[[0m
Test on deno 20.x (ubuntu-latest)	Run Deno tests	2026-09-16T08:32:37.0892250Z   [mjs module] 'child_process' still resolves with its documented exports ... ^[[0m^[[32mok^[[0m ^[[0m^[[38;5;245m(3ms)^[[0m
Test on deno 20.x (ubuntu-latest)	Run Deno tests	2026-09-16T08:32:37.0966509Z   [mjs module] 'http' still resolves with its documented exports ... ^[[0m^[[32mok^[[0m ^[[0m^[[38;5;245m(7ms)^[[0m
Test on deno 20.x (ubuntu-latest)	Run Deno tests	2026-09-16T08:32:37.0999951Z   [mjs module] 'https' still resolves with its documented exports ... ^[[0m^[[32mok^[[0m ^[[0m^[[38;5;245m(3ms)^[[0m
Test on deno 20.x (ubuntu-latest)	Run Deno tests	2026-09-16T08:32:37.1008252Z   [mjs module] 'net' still resolves with its documented exports ... ^[[0m^[[32mok^[[0m ^[[0m^[[38;5;245m(1ms)^[[0m
Test on deno 20.x (ubuntu-latest)	Run Deno tests	2026-09-16T08:32:37.1016402Z   [mjs module] 'dns' still resolves with its documented exports ... ^[[0m^[[32mok^[[0m ^[[0m^[[38;5;245m(1ms)^[[0m
Test on deno 20.x (ubuntu-latest)	Run Deno tests	2026-09-16T08:32:37.1043021Z   [mjs module] 'zlib' still resolves with its documented exports ... ^[[0m^[[32mok^[[0m ^[[0m^[[38;5;245m(3ms)^[[0m
Test on deno 20.x (ubuntu-latest)	Run Deno tests	2026-09-16T08:32:37.1051968Z   [mjs module] 'querystring' still resolves with its documented exports ... ^[[0m^[[32mok^[[0m ^[[0m^[[38;5;245m(0ms)^[[0m
Test on deno 20.x (ubuntu-latest)	Run Deno tests	2026-09-16T08:32:37.1062137Z   [mjs module] 'assert' still resolves with its documented exports ... ^[[0m^[[32mok^[[0m ^[[0m^[[38;5;245m(0ms)^[[0m
Test on deno 20.x (ubuntu-latest)	Run Deno tests	2026-09-16T08:32:37.1078787Z   [mjs module] every previously hardcoded built-in is still claimed by the builtin resolver ... ^[[0m^[[32mok^[[0m ^[[0m^[[38;5;245m(1ms)^[[0m
Test on deno 20.x (ubuntu-latest)	Run Deno tests	2026-09-16T08:32:37.1138010Z   [mjs module] resolved built-ins expose every named export of the runtime's own module ... ^[[0m^[[32mok^[[0m ^[[0m^[[38;5;245m(6ms)^[[0m
Test on deno 20.x (ubuntu-latest)	Run Deno tests	2026-09-16T08:32:37.1191043Z   [mjs module] resolved built-ins keep the runtime's own default export ... ^[[0m^[[32mok^[[0m ^[[0m^[[38;5;245m(5ms)^[[0m
Test on deno 20.x (ubuntu-latest)	Run Deno tests	2026-09-16T08:32:37.1200148Z   [mjs module] 'events' and 'stream' keep their historical default exports ... ^[[0m^[[32mok^[[0m ^[[0m^[[38;5;245m(0ms)^[[0m
Test on deno 20.x (ubuntu-latest)	Run Deno tests	2026-09-16T08:32:37.1214012Z   [mjs module] 'assert' stays callable through its default export ... ^[[0m^[[32mok^[[0m ^[[0m^[[38;5;245m(2ms)^[[0m
Test on deno 20.x (ubuntu-latest)	Run Deno tests	2026-09-16T08:32:37.1221628Z   [mjs module] 'process' keeps the properties the Deno-specific branch used to copy ... ^[[0m^[[32mok^[[0m ^[[0m^[[38;5;245m(0ms)^[[0m
Test on deno 20.x (ubuntu-latest)	Run Deno tests	2026-09-16T08:32:37.1230034Z   [mjs module] 'performance' still maps onto the performance object ... ^[[0m^[[32mok^[[0m ^[[0m^[[38;5;245m(0ms)^[[0m
Test on deno 20.x (ubuntu-latest)	Run Deno tests	2026-09-16T08:32:37.1239622Z   [mjs module] rebuilt built-ins keep the full surface of the runtime's module ... ^[[0m^[[32mok^[[0m ^[[0m^[[38;5;245m(1ms)^[[0m
Test on deno 20.x (ubuntu-latest)	Run Deno tests	2026-09-16T08:32:37.1385837Z   [mjs module] built-ins resolve identically with and without the node: prefix ... ^[[0m^[[32mok^[[0m ^[[0m^[[38;5;245m(14ms)^[[0m
Test on deno 20.x (ubuntu-latest)	Run Deno tests	2026-09-16T08:32:37.1408315Z [mjs module] Backward compatibility of previously hardcoded built-ins ... ^[[0m^[[32mok^[[0m ^[[0m^[[38;5;245m(133ms)^[[0m
Test on deno 20.x (ubuntu-latest)	Run Deno tests	2026-09-16T08:32:37.1977231Z ^[[0m^[[38;5;245mrunning 1 test from ./tests/builtin-browser.test.mjs^[[0m
Test on deno 20.x (ubuntu-latest)	Run Deno tests	2026-09-16T08:32:37.1987275Z [mjs module] Universal built-in modules in browser ...
Test on deno 20.x (ubuntu-latest)	Run Deno tests	2026-09-16T08:32:37.1989570Z   Browser tests are skipped in Deno environment ... ^[[0m^[[33mignored^[[0m ^[[0m^[[38;5;245m(0ms)^[[0m
Test on deno 20.x (ubuntu-latest)	Run Deno tests	2026-09-16T08:32:37.1991835Z [mjs module] Universal built-in modules in browser ... ^[[0m^[[32mok^[[0m ^[[0m^[[38;5;245m(1ms)^[[0m
Test on deno 20.x (ubuntu-latest)	Run Deno tests	2026-09-16T08:32:37.2480486Z ^[[0m^[[38;5;245mrunning 1 test from ./tests/builtin-errors.test.mjs^[[0m
Test on deno 20.x (ubuntu-latest)	Run Deno tests	2026-09-16T08:32:37.2492845Z [mjs module] Built-in module error handling ...
Test on deno 20.x (ubuntu-latest)	Run Deno tests	2026-09-16T08:32:37.2761938Z   [mjs module] should return null for non-builtin modules from builtin resolver ... ^[[0m^[[32mok^[[0m ^[[0m^[[38;5;245m(26ms)^[[0m
Test on deno 20.x (ubuntu-latest)	Run Deno tests	2026-09-16T08:32:37.2773575Z   [mjs module] should throw error for unsupported builtin modules ... ^[[0m^[[32mok^[[0m ^[[0m^[[38;5;245m(1ms)^[[0m
Test on deno 20.x (ubuntu-latest)	Run Deno tests	2026-09-16T08:32:37.2795857Z   [mjs module] should handle modules not available in browser environment ... ^[[0m^[[32mok^[[0m ^[[0m^[[38;5;245m(2ms)^[[0m
Test on deno 20.x (ubuntu-latest)	Run Deno tests	2026-09-16T08:32:37.2809980Z ^[[0m^[[32mDownload^[[0m https://esm.sh/URL@latest
Test on deno 20.x (ubuntu-latest)	Run Deno tests	2026-09-16T08:32:37.3691453Z   [mjs module] should only work with exact lowercase module names ... ^[[0m^[[32mok^[[0m ^[[0m^[[38;5;245m(89ms)^[[0m
Test on deno 20.x (ubuntu-latest)	Run Deno tests	2026-09-16T08:32:37.3788404Z   [mjs module] should handle node: prefix removal correctly ... ^[[0m^[[32mok^[[0m ^[[0m^[[38;5;245m(10ms)^[[0m
Test on deno 20.x (ubuntu-latest)	Run Deno tests	2026-09-16T08:32:37.3793407Z   [mjs module] should throw meaningful errors for import failures ... ^[[0m^[[32mok^[[0m ^[[0m^[[38;5;245m(1ms)^[[0m
Test on deno 20.x (ubuntu-latest)	Run Deno tests	2026-09-16T08:32:37.3803091Z   [mjs module] builtin resolver should handle empty/invalid module specifiers gracefully ... ^[[0m^[[32mok^[[0m ^[[0m^[[38;5;245m(1ms)^[[0m
Test on deno 20.x (ubuntu-latest)	Run Deno tests	2026-09-16T08:32:37.3805285Z   [mjs module] should handle modules with special characters in names ... ^[[0m^[[32mok^[[0m ^[[0m^[[38;5;245m(0ms)^[[0m
Test on deno 20.x (ubuntu-latest)	Run Deno tests	2026-09-16T08:32:37.3928824Z [mjs module] Built-in module error handling ... ^[[0m^[[32mok^[[0m ^[[0m^[[38;5;245m(144ms)^[[0m
Test on deno 20.x (ubuntu-latest)	Run Deno tests	2026-09-16T08:32:37.4395233Z ^[[0m^[[38;5;245mrunning 1 test from ./tests/builtin-nodejs.test.mjs^[[0m
Test on deno 20.x (ubuntu-latest)	Run Deno tests	2026-09-16T08:32:37.4405453Z [mjs module] Node.js/Bun-only built-in modules ...
Test on deno 20.x (ubuntu-latest)	Run Deno tests	2026-09-16T08:32:37.4841541Z   [mjs module] fs module should work ... ^[[0m^[[32mok^[[0m ^[[0m^[[38;5;245m(43ms)^[[0m
Test on deno 20.x (ubuntu-latest)	Run Deno tests	2026-09-16T08:32:37.4852283Z   [mjs module] path module should work ... ^[[0m^[[32mok^[[0m ^[[0m^[[38;5;245m(1ms)^[[0m
Test on deno 20.x (ubuntu-latest)	Run Deno tests	2026-09-16T08:32:37.4869189Z   [mjs module] os module should work ... ^[[0m^[[32mok^[[0m ^[[0m^[[38;5;245m(1ms)^[[0m
Test on deno 20.x (ubuntu-latest)	Run Deno tests	2026-09-16T08:32:37.4881601Z   [mjs module] util module should work ... ^[[0m^[[32mok^[[0m ^[[0m^[[38;5;245m(1ms)^[[0m
Test on deno 20.x (ubuntu-latest)	Run Deno tests	2026-09-16T08:32:37.4891070Z   [mjs module] events module should work ... ^[[0m^[[32mok^[[0m ^[[0m^[[38;5;245m(0ms)^[[0m
Test on deno 20.x (ubuntu-latest)	Run Deno tests	2026-09-16T08:32:37.4898227Z   [mjs module] stream module should work ... ^[[0m^[[32mok^[[0m ^[[0m^[[38;5;245m(0ms)^[[0m
Test on deno 20.x (ubuntu-latest)	Run Deno tests	2026-09-16T08:32:37.4905794Z   [mjs module] buffer module should work ... ^[[0m^[[32mok^[[0m ^[[0m^[[38;5;245m(1ms)^[[0m
Test on deno 20.x (ubuntu-latest)	Run Deno tests	2026-09-16T08:32:37.4912313Z   [mjs module] process module should work ... ^[[0m^[[32mok^[[0m ^[[0m^[[38;5;245m(0ms)^[[0m
Test on deno 20.x (ubuntu-latest)	Run Deno tests	2026-09-16T08:32:37.4949953Z   [mjs module] child_process module should work ... ^[[0m^[[32mok^[[0m ^[[0m^[[38;5;245m(3ms)^[[0m
Test on deno 20.x (ubuntu-latest)	Run Deno tests	2026-09-16T08:32:37.5035400Z   [mjs module] http module should work ... ^[[0m^[[32mok^[[0m ^[[0m^[[38;5;245m(8ms)^[[0m
Test on deno 20.x (ubuntu-latest)	Run Deno tests	2026-09-16T08:32:37.5080946Z   [mjs module] https module should work ... ^[[0m^[[32mok^[[0m ^[[0m^[[38;5;245m(4ms)^[[0m
Test on deno 20.x (ubuntu-latest)	Run Deno tests	2026-09-16T08:32:37.5087705Z   [mjs module] net module should work ... ^[[0m^[[32mok^[[0m ^[[0m^[[38;5;245m(0ms)^[[0m
Test on deno 20.x (ubuntu-latest)	Run Deno tests	2026-09-16T08:32:37.5095721Z   [mjs module] dns module should work ... ^[[0m^[[32mok^[[0m ^[[0m^[[38;5;245m(1ms)^[[0m
Test on deno 20.x (ubuntu-latest)	Run Deno tests	2026-09-16T08:32:37.5126798Z   [mjs module] zlib module should work ... ^[[0m^[[32mok^[[0m ^[[0m^[[38;5;245m(3ms)^[[0m
Test on deno 20.x (ubuntu-latest)	Run Deno tests	2026-09-16T08:32:37.5139916Z   [mjs module] querystring module should work ... ^[[0m^[[32mok^[[0m ^[[0m^[[38;5;245m(1ms)^[[0m
Test on deno 20.x (ubuntu-latest)	Run Deno tests	2026-09-16T08:32:37.5160757Z   [mjs module] assert module should work ... ^[[0m^[[32mok^[[0m ^[[0m^[[38;5;245m(1ms)^[[0m
Test on deno 20.x (ubuntu-latest)	Run Deno tests	2026-09-16T08:32:37.5174936Z   [mjs module] all modules should work with node: prefix ... ^[[0m^[[32mok^[[0m ^[[0m^[[38;5;245m(1ms)^[[0m
Test on deno 20.x (ubuntu-latest)	Run Deno tests	2026-09-16T08:32:37.5186959Z [mjs module] Node.js/Bun-only built-in modules ... ^[[0m^[[32mok^[[0m ^[[0m^[[38;5;245m(79ms)^[[0m
Test on deno 20.x (ubuntu-latest)	Run Deno tests	2026-09-16T08:32:37.5756596Z ^[[0m^[[38;5;245mrunning 1 test from ./tests/builtin-universal.test.mjs^[[0m
Test on deno 20.x (ubuntu-latest)	Run Deno tests	2026-09-16T08:32:37.5769443Z [mjs module] Universal built-in modules (work in all environments) ...
Test on deno 20.x (ubuntu-latest)	Run Deno tests	2026-09-16T08:32:37.6119438Z   [mjs module] console module should work ... ^[[0m^[[32mok^[[0m ^[[0m^[[38;5;245m(35ms)^[[0m
Test on deno 20.x (ubuntu-latest)	Run Deno tests	2026-09-16T08:32:37.6213434Z   [mjs module] crypto module should work ... ^[[0m^[[32mok^[[0m ^[[0m^[[38;5;245m(10ms)^[[0m
Test on deno 20.x (ubuntu-latest)	Run Deno tests	2026-09-16T08:32:37.6225715Z   [mjs module] url module should work ... ^[[0m^[[32mok^[[0m ^[[0m^[[38;5;245m(1ms)^[[0m
Test on deno 20.x (ubuntu-latest)	Run Deno tests	2026-09-16T08:32:37.6240048Z   [mjs module] performance module should work ... ^[[0m^[[32mok^[[0m ^[[0m^[[38;5;245m(1ms)^[[0m
Test on deno 20.x (ubuntu-latest)	Run Deno tests	2026-09-16T08:32:37.6246849Z   [mjs module] modules should work with node: prefix ... ^[[0m^[[32mok^[[0m ^[[0m^[[38;5;245m(1ms)^[[0m
Test on deno 20.x (ubuntu-latest)	Run Deno tests	2026-09-16T08:32:37.6381413Z [mjs module] Universal built-in modules (work in all environments) ... ^[[0m^[[32mok^[[0m ^[[0m^[[38;5;245m(60ms)^[[0m
Test on deno 20.x (ubuntu-latest)	Run Deno tests	2026-09-16T08:32:37.7000680Z ^[[0m^[[38;5;245mrunning 1 test from ./tests/command-stream.test.mjs^[[0m
Test on deno 20.x (ubuntu-latest)	Run Deno tests	2026-09-16T08:32:37.7015291Z [mjs module] command-stream module import ...
Test on deno 20.x (ubuntu-latest)	Run Deno tests	2026-09-16T08:32:37.7310253Z ^[[0m^[[32mDownload^[[0m https://esm.sh/command-stream@0.0.5
Test on deno 20.x (ubuntu-latest)	Run Deno tests	2026-09-16T08:32:37.8129735Z ^[[0m^[[32mDownload^[[0m https://esm.sh/command-stream@0.0.5/denonext/command-stream.mjs
Test on deno 20.x (ubuntu-latest)	Run Deno tests	2026-09-16T08:32:37.8517092Z   [mjs module] Direct ESM Import ... ^[[0m^[[32mok^[[0m ^[[0m^[[38;5;245m(151ms)^[[0m
Test on deno 20.x (ubuntu-latest)	Run Deno tests	2026-09-16T08:32:37.8584531Z   [mjs module] Dynamic ESM Import of CJS ... ^[[0m^[[32mok^[[0m ^[[0m^[[38;5;245m(7ms)^[[0m
Test on deno 20.x (ubuntu-latest)	Run Deno tests	2026-09-16T08:32:37.8593619Z   [mjs module] Dynamic ESM Import of MJS ... ^[[0m^[[32mok^[[0m ^[[0m^[[38;5;245m(1ms)^[[0m
Test on deno 20.x (ubuntu-latest)	Run Deno tests	2026-09-16T08:32:37.8714582Z [mjs module] command-stream module import ... ^[[0m^[[32mok^[[0m ^[[0m^[[38;5;245m(172ms)^[[0m
Test on deno 20.x (ubuntu-latest)	Run Deno tests	2026-09-16T08:32:37.9308374Z ^[[0m^[[38;5;245mrunning 1 test from ./tests/deno-support.test.mjs^[[0m
Test on deno 20.x (ubuntu-latest)	Run Deno tests	2026-09-16T08:32:37.9322154Z [mjs module] Deno support ...
Test on deno 20.x (ubuntu-latest)	Run Deno tests	2026-09-16T08:32:37.9332362Z   [mjs module] Deno resolver should resolve npm packages to esm.sh ... ^[[0m^[[32mok^[[0m ^[[0m^[[38;5;245m(0ms)^[[0m
Test on deno 20.x (ubuntu-latest)	Run Deno tests	2026-09-16T08:32:37.9338085Z   [mjs module] Deno resolver should handle scoped packages ... ^[[0m^[[32mok^[[0m ^[[0m^[[38;5;245m(0ms)^[[0m
Test on deno 20.x (ubuntu-latest)	Run Deno tests	2026-09-16T08:32:37.9342508Z   [mjs module] Deno resolver should handle module paths ... ^[[0m^[[32mok^[[0m ^[[0m^[[38;5;245m(1ms)^[[0m
Test on deno 20.x (ubuntu-latest)	Run Deno tests	2026-09-16T08:32:37.9345907Z   [mjs module] Deno resolver should handle latest version ... ^[[0m^[[32mok^[[0m ^[[0m^[[38;5;245m(0ms)^[[0m
Test on deno 20.x (ubuntu-latest)	Run Deno tests	2026-09-16T08:32:37.9617093Z   [mjs module] makeUse should detect Deno runtime when Deno global is present ... ^[[0m^[[32mok^[[0m ^[[0m^[[38;5;245m(27ms)^[[0m
Test on deno 20.x (ubuntu-latest)	Run Deno tests	2026-09-16T08:32:37.9619339Z   [mjs module] Deno resolver should work with complex package names ... ^[[0m^[[32mok^[[0m ^[[0m^[[38;5;245m(0ms)^[[0m
Test on deno 20.x (ubuntu-latest)	Run Deno tests	2026-09-16T08:32:37.9621183Z   [mjs module] Deno resolver should handle packages without versions ... ^[[0m^[[32mok^[[0m ^[[0m^[[38;5;245m(0ms)^[[0m
Test on deno 20.x (ubuntu-latest)	Run Deno tests	2026-09-16T08:32:37.9623893Z   [mjs module] makeUse with explicit deno resolver ... ^[[0m^[[32mok^[[0m ^[[0m^[[38;5;245m(0ms)^[[0m
Test on deno 20.x (ubuntu-latest)	Run Deno tests	2026-09-16T08:32:37.9809430Z [mjs module] Deno support ... ^[[0m^[[32mok^[[0m ^[[0m^[[38;5;245m(50ms)^[[0m
Test on deno 20.x (ubuntu-latest)	Run Deno tests	2026-09-16T08:32:38.0652646Z ^[[0m^[[38;5;245mrunning 1 test from ./tests/dynamic-builtins.test.mjs^[[0m
Test on deno 20.x (ubuntu-latest)	Run Deno tests	2026-09-16T08:32:38.0665146Z [mjs module] Dynamic built-in module detection ...
Test on deno 20.x (ubuntu-latest)	Run Deno tests	2026-09-16T08:32:38.0779114Z   [mjs module] tty module should work (dynamically detected) ... ^[[0m^[[32mok^[[0m ^[[0m^[[38;5;245m(11ms)^[[0m
Test on deno 20.x (ubuntu-latest)	Run Deno tests	2026-09-16T08:32:38.0797651Z   [mjs module] cluster module should work (dynamically detected) ... ^[[0m^[[32mok^[[0m ^[[0m^[[38;5;245m(2ms)^[[0m
Test on deno 20.x (ubuntu-latest)	Run Deno tests	2026-09-16T08:32:38.0818729Z   [mjs module] readline module should work (dynamically detected) ... ^[[0m^[[32mok^[[0m ^[[0m^[[38;5;245m(2ms)^[[0m
Test on deno 20.x (ubuntu-latest)	Run Deno tests	2026-09-16T08:32:38.0827898Z   [mjs module] string_decoder module should work (dynamically detected) ... ^[[0m^[[32mok^[[0m ^[[0m^[[38;5;245m(1ms)^[[0m
Test on deno 20.x (ubuntu-latest)	Run Deno tests	2026-09-16T08:32:38.0841235Z   [mjs module] timers module should work (dynamically detected) ... ^[[0m^[[32mok^[[0m ^[[0m^[[38;5;245m(1ms)^[[0m
Test on deno 20.x (ubuntu-latest)	Run Deno tests	2026-09-16T08:32:38.0847719Z   [mjs module] worker_threads module should work (dynamically detected) ... ^[[0m^[[32mok^[[0m ^[[0m^[[38;5;245m(0ms)^[[0m
Test on deno 20.x (ubuntu-latest)	Run Deno tests	2026-09-16T08:32:38.0863293Z   [mjs module] vm module should work (dynamically detected) ... ^[[0m^[[32mok^[[0m ^[[0m^[[38;5;245m(2ms)^[[0m
Test on deno 20.x (ubuntu-latest)	Run Deno tests	2026-09-16T08:32:38.0873315Z   [mjs module] node:tty should work with prefix ... ^[[0m^[[32mok^[[0m ^[[0m^[[38;5;245m(1ms)^[[0m
Test on deno 20.x (ubuntu-latest)	Run Deno tests	2026-09-16T08:32:38.0886920Z   [mjs module] subpath built-ins should work (dns/promises, stream/promises) ... ^[[0m^[[32mok^[[0m ^[[0m^[[38;5;245m(1ms)^[[0m
Test on deno 20.x (ubuntu-latest)	Run Deno tests	2026-09-16T08:32:38.1321039Z   [mjs module] every built-in reported by node:module should be claimed by the builtin resolver ... ^[[0m^[[32mok^[[0m ^[[0m^[[38;5;245m(43ms)^[[0m
Test on deno 20.x (ubuntu-latest)	Run Deno tests	2026-09-16T08:32:38.1323662Z   [mjs module] prefix-only built-ins should not shadow npm packages of the same name ... ^[[0m^[[32mok^[[0m ^[[0m^[[38;5;245m(1ms)^[[0m
Test on deno 20.x (ubuntu-latest)	Run Deno tests	2026-09-16T08:32:38.1326130Z   [mjs module] unknown module names should not be claimed as built-ins ... ^[[0m^[[32mok^[[0m ^[[0m^[[38;5;245m(0ms)^[[0m
Test on deno 20.x (ubuntu-latest)	Run Deno tests	2026-09-16T08:32:38.1339152Z [mjs module] Dynamic built-in module detection ... ^[[0m^[[32mok^[[0m ^[[0m^[[38;5;245m(68ms)^[[0m
Test on deno 20.x (ubuntu-latest)	Run Deno tests	2026-09-16T08:32:38.2232223Z ^[[0m^[[38;5;245mrunning 1 test from ./tests/esm-sh-polyfill-browser.test.mjs^[[0m
Test on deno 20.x (ubuntu-latest)	Run Deno tests	2026-09-16T08:32:38.2234359Z [mjs module] esm.sh browser polyfill handling ...
Test on deno 20.x (ubuntu-latest)	Run Deno tests	2026-09-16T08:32:38.2235610Z   Browser tests are skipped in Deno environment ... ^[[0m^[[33mignored^[[0m ^[[0m^[[38;5;245m(0ms)^[[0m
Test on deno 20.x (ubuntu-latest)	Run Deno tests	2026-09-16T08:32:38.2237017Z [mjs module] esm.sh browser polyfill handling ... ^[[0m^[[32mok^[[0m ^[[0m^[[38;5;245m(1ms)^[[0m
Test on deno 20.x (ubuntu-latest)	Run Deno tests	2026-09-16T08:32:38.2704791Z ^[[0m^[[38;5;245mrunning 2 tests from ./tests/fallback.test.mjs^[[0m
Test on deno 20.x (ubuntu-latest)	Run Deno tests	2026-09-16T08:32:38.2716924Z [mjs module] loadWithFallback (shared engine) ...
Test on deno 20.x (ubuntu-latest)	Run Deno tests	2026-09-16T08:32:38.2731045Z   [mjs module] returns the first source's result without trying later ones ... ^[[0m^[[32mok^[[0m ^[[0m^[[38;5;245m(1ms)^[[0m
Test on deno 20.x (ubuntu-latest)	Run Deno tests	2026-09-16T08:32:38.2740117Z   [mjs module] falls back to a later source when earlier ones fail ... ^[[0m^[[32mok^[[0m ^[[0m^[[38;5;245m(0ms)^[[0m
Test on deno 20.x (ubuntu-latest)	Run Deno tests	2026-09-16T08:32:38.2744427Z   [mjs module] retries a flaky source before succeeding ... ^[[0m^[[32mok^[[0m ^[[0m^[[38;5;245m(1ms)^[[0m
Test on deno 20.x (ubuntu-latest)	Run Deno tests	2026-09-16T08:32:38.2752210Z   [mjs module] throws ONE aggregated error listing every attempt ... ^[[0m^[[32mok^[[0m ^[[0m^[[38;5;245m(0ms)^[[0m
Test on deno 20.x (ubuntu-latest)	Run Deno tests	2026-09-16T08:32:38.2760479Z   [mjs module] rejects empty or non-array sources ... ^[[0m^[[32mok^[[0m ^[[0m^[[38;5;245m(0ms)^[[0m
Test on deno 20.x (ubuntu-latest)	Run Deno tests	2026-09-16T08:32:38.2762683Z   [mjs module] rejects a missing load function ... ^[[0m^[[32mok^[[0m ^[[0m^[[38;5;245m(1ms)^[[0m
Test on deno 20.x (ubuntu-latest)	Run Deno tests	2026-09-16T08:32:38.2769711Z [mjs module] loadWithFallback (shared engine) ... ^[[0m^[[32mok^[[0m ^[[0m^[[38;5;245m(6ms)^[[0m
Test on deno 20.x (ubuntu-latest)	Run Deno tests	2026-09-16T08:32:38.2771217Z [mjs module] makeUse per-package CDN fallback ...
Test on deno 20.x (ubuntu-latest)	Run Deno tests	2026-09-16T08:32:38.3072754Z   [mjs module] falls back to the next mirror when one import fails ... ^[[0m^[[32mok^[[0m ^[[0m^[[38;5;245m(30ms)^[[0m
Test on deno 20.x (ubuntu-latest)	Run Deno tests	2026-09-16T08:32:38.3076840Z   [mjs module] throws a clear aggregated error when every mirror fails ... ^[[0m^[[32mok^[[0m ^[[0m^[[38;5;245m(1ms)^[[0m
Test on deno 20.x (ubuntu-latest)	Run Deno tests	2026-09-16T08:32:38.3086828Z   [mjs module] a single explicit resolver imports directly with its raw error (no aggregation) ... ^[[0m^[[32mok^[[0m ^[[0m^[[38;5;245m(1ms)^[[0m
Test on deno 20.x (ubuntu-latest)	Run Deno tests	2026-09-16T08:32:38.3092978Z   [mjs module] a single-entry specifierResolvers chain also imports directly ... ^[[0m^[[32mok^[[0m ^[[0m^[[38;5;245m(1ms)^[[0m
Test on deno 20.x (ubuntu-latest)	Run Deno tests	2026-09-16T08:32:38.3095503Z   [mjs module] exposes the default mirror chains ... ^[[0m^[[32mok^[[0m ^[[0m^[[38;5;245m(0ms)^[[0m
Test on deno 20.x (ubuntu-latest)	Run Deno tests	2026-09-16T08:32:38.3261328Z [mjs module] makeUse per-package CDN fallback ... ^[[0m^[[32mok^[[0m ^[[0m^[[38;5;245m(49ms)^[[0m
Test on deno 20.x (ubuntu-latest)	Run Deno tests	2026-09-16T08:32:38.4019058Z ^[[0m^[[38;5;245mrunning 3 tests from ./tests/filename.test.mjs^[[0m
Test on deno 20.x (ubuntu-latest)	Run Deno tests	2026-09-16T08:32:38.4031810Z [mjs module] scriptPath detection in ESM (functional) ...
Test on deno 20.x (ubuntu-latest)	Run Deno tests	2026-09-16T08:32:38.4210129Z   [mjs module] default pathResolver resolves modules relative to use.mjs ... ^[[0m^[[32mok^[[0m ^[[0m^[[38;5;245m(17ms)^[[0m
Test on deno 20.x (ubuntu-latest)	Run Deno tests	2026-09-16T08:32:38.4222424Z   [mjs module] override scriptPath resolves relative to provided path ... ^[[0m^[[32mok^[[0m ^[[0m^[[38;5;245m(1ms)^[[0m
Test on deno 20.x (ubuntu-latest)	Run Deno tests	2026-09-16T08:32:38.4403811Z [mjs module] scriptPath detection in ESM (functional) ... ^[[0m^[[32mok^[[0m ^[[0m^[[38;5;245m(38ms)^[[0m
Test on deno 20.x (ubuntu-latest)	Run Deno tests	2026-09-16T08:32:38.4405881Z [mjs module] scriptPath detection in ESM (createRequire fallback) ...
Test on deno 20.x (ubuntu-latest)	Run Deno tests	2026-09-16T08:32:38.4411244Z   [mjs module] fallback default resolves modules relative to use.mjs ... ^[[0m^[[32mok^[[0m ^[[0m^[[38;5;245m(0ms)^[[0m
Test on deno 20.x (ubuntu-latest)	Run Deno tests	2026-09-16T08:32:38.4418583Z   [mjs module] fallback explicit scriptPath resolves relative to provided path ... ^[[0m^[[32mok^[[0m ^[[0m^[[38;5;245m(0ms)^[[0m
Test on deno 20.x (ubuntu-latest)	Run Deno tests	2026-09-16T08:32:38.4428720Z   [mjs module] fallback meta override changes pathResolver behavior in ESM ... ^[[0m^[[32mok^[[0m ^[[0m^[[38;5;245m(0ms)^[[0m
Test on deno 20.x (ubuntu-latest)	Run Deno tests	2026-09-16T08:32:38.4431948Z [mjs module] scriptPath detection in ESM (createRequire fallback) ... ^[[0m^[[32mok^[[0m ^[[0m^[[38;5;245m(2ms)^[[0m
Test on deno 20.x (ubuntu-latest)	Run Deno tests	2026-09-16T08:32:38.4433281Z [mjs module] scriptPath detection in ESM (meta URL) ...
Test on deno 20.x (ubuntu-latest)	Run Deno tests	2026-09-16T08:32:38.4442050Z   [mjs module] meta override resolves modules relative to provided meta URL (use.js) ... ^[[0m^[[32mok^[[0m ^[[0m^[[38;5;245m(0ms)^[[0m
Test on deno 20.x (ubuntu-latest)	Run Deno tests	2026-09-16T08:32:38.4444509Z [mjs module] scriptPath detection in ESM (meta URL) ... ^[[0m^[[32mok^[[0m ^[[0m^[[38;5;245m(1ms)^[[0m
Test on deno 20.x (ubuntu-latest)	Run Deno tests	2026-09-16T08:32:38.4912294Z ^[[0m^[[38;5;245mrunning 1 test from ./tests/fs-promises.test.mjs^[[0m
Test on deno 20.x (ubuntu-latest)	Run Deno tests	2026-09-16T08:32:38.4923232Z mjs module fs/promises support ...
Test on deno 20.x (ubuntu-latest)	Run Deno tests	2026-09-16T08:32:38.5378106Z   mjs module fs/promises should return promise-based functions ... ^[[0m^[[32mok^[[0m ^[[0m^[[38;5;245m(45ms)^[[0m
Test on deno 20.x (ubuntu-latest)	Run Deno tests	2026-09-16T08:32:38.5419198Z   mjs module fs/promises should work functionally ... ^[[0m^[[32mok^[[0m ^[[0m^[[38;5;245m(4ms)^[[0m
Test on deno 20.x (ubuntu-latest)	Run Deno tests	2026-09-16T08:32:38.5435246Z   mjs module fs/promises should expose every function the runtime ships ... ^[[0m^[[32mok^[[0m ^[[0m^[[38;5;245m(1ms)^[[0m
Test on deno 20.x (ubuntu-latest)	Run Deno tests	2026-09-16T08:32:38.5475756Z   mjs module fs/promises should forward arguments beyond the declared arity ... ^[[0m^[[32mok^[[0m ^[[0m^[[38;5;245m(4ms)^[[0m
Test on deno 20.x (ubuntu-latest)	Run Deno tests	2026-09-16T08:32:38.5486015Z   mjs module fs/promises should differ from regular fs ... ^[[0m^[[32mok^[[0m ^[[0m^[[38;5;245m(1ms)^[[0m
Test on deno 20.x (ubuntu-latest)	Run Deno tests	2026-09-16T08:32:38.5495194Z   mjs module fs/promises should report the same arity on every runtime ... ^[[0m^[[32mok^[[0m ^[[0m^[[38;5;245m(1ms)^[[0m
Test on deno 20.x (ubuntu-latest)	Run Deno tests	2026-09-16T08:32:38.5506207Z   mjs module every rebuilt fs/promises function should be a named async function ... ^[[0m^[[32mok^[[0m ^[[0m^[[38;5;245m(1ms)^[[0m
Test on deno 20.x (ubuntu-latest)	Run Deno tests	2026-09-16T08:32:38.5515934Z   mjs module fs/promises watch should be the runtime's promise watcher, not fs.watch ... ^[[0m^[[32mok^[[0m ^[[0m^[[38;5;245m(1ms)^[[0m
Test on deno 20.x (ubuntu-latest)	Run Deno tests	2026-09-16T08:32:38.5568644Z   mjs module rebuilt fs/promises functions should work end to end ... ^[[0m^[[32mok^[[0m ^[[0m^[[38;5;245m(5ms)^[[0m
Test on deno 20.x (ubuntu-latest)	Run Deno tests	2026-09-16T08:32:38.5689197Z mjs module fs/promises support ... ^[[0m^[[32mok^[[0m ^[[0m^[[38;5;245m(77ms)^[[0m
Test on deno 20.x (ubuntu-latest)	Run Deno tests	2026-09-16T08:32:38.6201888Z ^[[0m^[[38;5;245mrunning 1 test from ./tests/get-script-url.test.mjs^[[0m
Test on deno 20.x (ubuntu-latest)	Run Deno tests	2026-09-16T08:32:38.6219775Z [mjs module] import.meta.url workaround ...
Test on deno 20.x (ubuntu-latest)	Run Deno tests	2026-09-16T08:32:38.6371539Z   [mjs module] scriptUrl matches import.meta.url ... ^[[0m^[[32mok^[[0m ^[[0m^[[38;5;245m(15ms)^[[0m
Test on deno 20.x (ubuntu-latest)	Run Deno tests	2026-09-16T08:32:38.6379660Z   [mjs module] scriptUrl matches import.meta.url in eval ... ^[[0m^[[32mok^[[0m ^[[0m^[[38;5;245m(0ms)^[[0m
Test on deno 20.x (ubuntu-latest)	Run Deno tests	2026-09-16T08:32:38.6383204Z [mjs module] import.meta.url workaround ... ^[[0m^[[32mok^[[0m ^[[0m^[[38;5;245m(18ms)^[[0m
Test on deno 20.x (ubuntu-latest)	Run Deno tests	2026-09-16T08:32:38.6830625Z ^[[0m^[[38;5;245mrunning 1 test from ./tests/import.test.mjs^[[0m
Test on deno 20.x (ubuntu-latest)	Run Deno tests	2026-09-16T08:32:38.6842333Z [mjs module] dynamic import support ...
Test on deno 20.x (ubuntu-latest)	Run Deno tests	2026-09-16T08:32:38.6855883Z   [mjs module] supportsDynamicImport returns true in .mjs file ... ^[[0m^[[32mok^[[0m ^[[0m^[[38;5;245m(1ms)^[[0m
Test on deno 20.x (ubuntu-latest)	Run Deno tests	2026-09-16T08:32:38.6857615Z [mjs module] dynamic import support ... ^[[0m^[[32mok^[[0m ^[[0m^[[38;5;245m(2ms)^[[0m
Test on deno 20.x (ubuntu-latest)	Run Deno tests	2026-09-16T08:32:38.7789819Z ^[[0m^[[38;5;245mrunning 3 tests from ./tests/load.test.mjs^[[0m
Test on deno 20.x (ubuntu-latest)	Run Deno tests	2026-09-16T08:32:38.7801228Z [mjs module] looksLikeUseModule ...
Test on deno 20.x (ubuntu-latest)	Run Deno tests	2026-09-16T08:32:38.7827274Z   [mjs module] accepts the real shipped use.js ... ^[[0m^[[32mok^[[0m ^[[0m^[[38;5;245m(3ms)^[[0m
Test on deno 20.x (ubuntu-latest)	Run Deno tests	2026-09-16T08:32:38.7833095Z   [mjs module] accepts a long module-like body ... ^[[0m^[[32mok^[[0m ^[[0m^[[38;5;245m(1ms)^[[0m
Test on deno 20.x (ubuntu-latest)	Run Deno tests	2026-09-16T08:32:38.7836931Z   [mjs module] rejects common CDN plain-text error bodies ... ^[[0m^[[32mok^[[0m ^[[0m^[[38;5;245m(0ms)^[[0m
Test on deno 20.x (ubuntu-latest)	Run Deno tests	2026-09-16T08:32:38.7840278Z   [mjs module] rejects HTML error pages ... ^[[0m^[[32mok^[[0m ^[[0m^[[38;5;245m(0ms)^[[0m
Test on deno 20.x (ubuntu-latest)	Run Deno tests	2026-09-16T08:32:38.7843718Z   [mjs module] rejects empty, whitespace, short, and non-string input ... ^[[0m^[[32mok^[[0m ^[[0m^[[38;5;245m(0ms)^[[0m
Test on deno 20.x (ubuntu-latest)	Run Deno tests	2026-09-16T08:32:38.7848068Z [mjs module] looksLikeUseModule ... ^[[0m^[[32mok^[[0m ^[[0m^[[38;5;245m(5ms)^[[0m
Test on deno 20.x (ubuntu-latest)	Run Deno tests	2026-09-16T08:32:38.7848933Z [mjs module] DEFAULT_SOURCES ...
Test on deno 20.x (ubuntu-latest)	Run Deno tests	2026-09-16T08:32:38.7857637Z   [mjs module] lists unpkg, jsDelivr and esm.sh in priority order ... ^[[0m^[[32mok^[[0m ^[[0m^[[38;5;245m(1ms)^[[0m
Test on deno 20.x (ubuntu-latest)	Run Deno tests	2026-09-16T08:32:38.7859041Z [mjs module] DEFAULT_SOURCES ... ^[[0m^[[32mok^[[0m ^[[0m^[[38;5;245m(971µs)^[[0m
Test on deno 20.x (ubuntu-latest)	Run Deno tests	2026-09-16T08:32:38.7862425Z [mjs module] loadUseM ...
Test on deno 20.x (ubuntu-latest)	Run Deno tests	2026-09-16T08:32:38.7876114Z   [mjs module] resolves the use object from the first working source ... ^[[0m^[[32mok^[[0m ^[[0m^[[38;5;245m(1ms)^[[0m
Test on deno 20.x (ubuntu-latest)	Run Deno tests	2026-09-16T08:32:38.7893894Z   [mjs module] evaluates the real shipped use.js into a working module ... ^[[0m^[[32mok^[[0m ^[[0m^[[38;5;245m(2ms)^[[0m
Test on deno 20.x (ubuntu-latest)	Run Deno tests	2026-09-16T08:32:38.7902445Z   [mjs module] falls back to a later mirror when earlier ones fail ... ^[[0m^[[32mok^[[0m ^[[0m^[[38;5;245m(0ms)^[[0m
Test on deno 20.x (ubuntu-latest)	Run Deno tests	2026-09-16T08:32:38.7908487Z   [mjs module] retries a flaky source before succeeding ... ^[[0m^[[32mok^[[0m ^[[0m^[[38;5;245m(0ms)^[[0m
Test on deno 20.x (ubuntu-latest)	Run Deno tests	2026-09-16T08:32:38.7916045Z   [mjs module] throws a clear aggregated error (not SyntaxError) when every source fails ... ^[[0m^[[32mok^[[0m ^[[0m^[[38;5;245m(1ms)^[[0m
Test on deno 20.x (ubuntu-latest)	Run Deno tests	2026-09-16T08:32:38.7921834Z   [mjs module] surfaces the HTTP status for non-ok responses ... ^[[0m^[[32mok^[[0m ^[[0m^[[38;5;245m(0ms)^[[0m
Test on deno 20.x (ubuntu-latest)	Run Deno tests	2026-09-16T08:32:38.7925444Z   [mjs module] rejects when the evaluated module lacks a use function ... ^[[0m^[[32mok^[[0m ^[[0m^[[38;5;245m(0ms)^[[0m
Test on deno 20.x (ubuntu-latest)	Run Deno tests	2026-09-16T08:32:38.7929282Z   [mjs module] does not let eval errors from a malformed body escape ... ^[[0m^[[32mok^[[0m ^[[0m^[[38;5;245m(0ms)^[[0m
Test on deno 20.x (ubuntu-latest)	Run Deno tests	2026-09-16T08:32:38.7935419Z   [mjs module] reports a clear error when fetch is unavailable ... ^[[0m^[[32mok^[[0m ^[[0m^[[38;5;245m(1ms)^[[0m
Test on deno 20.x (ubuntu-latest)	Run Deno tests	2026-09-16T08:32:38.7938781Z   [mjs module] honors a custom evaluate hook ... ^[[0m^[[32mok^[[0m ^[[0m^[[38;5;245m(0ms)^[[0m
Test on deno 20.x (ubuntu-latest)	Run Deno tests	2026-09-16T08:32:38.8464446Z   [mjs module] times out a hanging request and reports it ... ^[[0m^[[32mok^[[0m ^[[0m^[[38;5;245m(53ms)^[[0m
Test on deno 20.x (ubuntu-latest)	Run Deno tests	2026-09-16T08:32:38.8475254Z [mjs module] loadUseM ... ^[[0m^[[32mok^[[0m ^[[0m^[[38;5;245m(61ms)^[[0m
Test on deno 20.x (ubuntu-latest)	Run Deno tests	2026-09-16T08:32:38.9258853Z ^[[0m^[[38;5;245mrunning 1 test from ./tests/loader.test.mjs^[[0m
Test on deno 20.x (ubuntu-latest)	Run Deno tests	2026-09-16T08:32:38.9275069Z [mjs module] loader resolve hook ...
Test on deno 20.x (ubuntu-latest)	Run Deno tests	2026-09-16T08:32:38.9284601Z   [mjs module] returns the default resolver's result when it succeeds ... ^[[0m^[[32mok^[[0m ^[[0m^[[38;5;245m(2ms)^[[0m
Test on deno 20.x (ubuntu-latest)	Run Deno tests	2026-09-16T08:32:39.6925640Z   [mjs module] falls back to the npm resolver when the default resolver throws ... ^[[0m^[[32mok^[[0m ^[[0m^[[38;5;245m(764ms)^[[0m
Test on deno 20.x (ubuntu-latest)	Run Deno tests	2026-09-16T08:32:40.0515586Z   [mjs module] surfaces a clear aggregated error when BOTH resolvers fail ... ^[[0m^[[32mok^[[0m ^[[0m^[[38;5;245m(359ms)^[[0m
Test on deno 20.x (ubuntu-latest)	Run Deno tests	2026-09-16T08:32:40.0610248Z [mjs module] loader resolve hook ... ^[[0m^[[32mok^[[0m ^[[0m^[[38;5;245m(1s)^[[0m
Test on deno 20.x (ubuntu-latest)	Run Deno tests	2026-09-16T08:32:40.1066050Z ^[[0m^[[38;5;245mrunning 1 test from ./tests/lodash.test.mjs^[[0m
Test on deno 20.x (ubuntu-latest)	Run Deno tests	2026-09-16T08:32:40.1076948Z [mjs module] 'lodash' imports tests ...
Test on deno 20.x (ubuntu-latest)	Run Deno tests	2026-09-16T08:32:40.1364556Z ^[[0m^[[32mDownload^[[0m https://esm.sh/lodash@latest
Test on deno 20.x (ubuntu-latest)	Run Deno tests	2026-09-16T08:32:40.2186490Z ^[[0m^[[32mDownload^[[0m https://esm.sh/lodash@4.18.1
Test on deno 20.x (ubuntu-latest)	Run Deno tests	2026-09-16T08:32:40.2937031Z ^[[0m^[[32mDownload^[[0m https://esm.sh/lodash@4.18.1/denonext/lodash.mjs
Test on deno 20.x (ubuntu-latest)	Run Deno tests	2026-09-16T08:32:40.3393548Z   [mjs module] npm: lodash ... ^[[0m^[[32mok^[[0m ^[[0m^[[38;5;245m(231ms)^[[0m
Test on deno 20.x (ubuntu-latest)	Run Deno tests	2026-09-16T08:32:40.3400611Z   [mjs module] npm: lodash@latest ... ^[[0m^[[32mok^[[0m ^[[0m^[[38;5;245m(0ms)^[[0m
Test on deno 20.x (ubuntu-latest)	Run Deno tests	2026-09-16T08:32:40.3406888Z   [mjs module] npm: lodash@ ... ^[[0m^[[32mok^[[0m ^[[0m^[[38;5;245m(1ms)^[[0m
Test on deno 20.x (ubuntu-latest)	Run Deno tests	2026-09-16T08:32:40.3414264Z ^[[0m^[[32mDownload^[[0m https://esm.sh/lodash@4.17.21
Test on deno 20.x (ubuntu-latest)	Run Deno tests	2026-09-16T08:32:40.4131292Z ^[[0m^[[32mDownload^[[0m https://esm.sh/lodash@4.17.21/denonext/lodash.mjs
Test on deno 20.x (ubuntu-latest)	Run Deno tests	2026-09-16T08:32:40.4572129Z   [mjs module] npm: lodash@4.17.21 ... ^[[0m^[[32mok^[[0m ^[[0m^[[38;5;245m(116ms)^[[0m
Test on deno 20.x (ubuntu-latest)	Run Deno tests	2026-09-16T08:32:40.4578653Z ^[[0m^[[32mDownload^[[0m https://esm.sh/lodash@4.17.21/add
Test on deno 20.x (ubuntu-latest)	Run Deno tests	2026-09-16T08:32:40.5306258Z ^[[0m^[[32mDownload^[[0m https://esm.sh/lodash@4.17.21/denonext/add.mjs
Test on deno 20.x (ubuntu-latest)	Run Deno tests	2026-09-16T08:32:40.5468980Z   [mjs module] npm: lodash@4.17.21/add ... ^[[0m^[[32mok^[[0m ^[[0m^[[38;5;245m(89ms)^[[0m
Test on deno 20.x (ubuntu-latest)	Run Deno tests	2026-09-16T08:32:40.5478776Z ^[[0m^[[32mDownload^[[0m https://esm.sh/lodash@4.17.21/add.js
Test on deno 20.x (ubuntu-latest)	Run Deno tests	2026-09-16T08:32:40.6003968Z   [mjs module] npm: lodash@4.17.21/add.js ... ^[[0m^[[32mok^[[0m ^[[0m^[[38;5;245m(53ms)^[[0m
Test on deno 20.x (ubuntu-latest)	Run Deno tests	2026-09-16T08:32:40.6011442Z ^[[0m^[[32mDownload^[[0m https://esm.sh/lodash@4.17.21/not-found.js
Test on deno 20.x (ubuntu-latest)	Run Deno tests	2026-09-16T08:32:40.6838471Z   [mjs module] npm: lodash@4.17.21/not-found.js ... ^[[0m^[[32mok^[[0m ^[[0m^[[38;5;245m(83ms)^[[0m
Test on deno 20.x (ubuntu-latest)	Run Deno tests	2026-09-16T08:32:40.7001623Z [mjs module] 'lodash' imports tests ... ^[[0m^[[32mok^[[0m ^[[0m^[[38;5;245m(593ms)^[[0m
Test on deno 20.x (ubuntu-latest)	Run Deno tests	2026-09-16T08:32:40.7447482Z ^[[0m^[[38;5;245mrunning 1 test from ./tests/module-specifier.test.mjs^[[0m
Test on deno 20.x (ubuntu-latest)	Run Deno tests	2026-09-16T08:32:40.7458794Z [mjs module] parseModuleSpecifier ...
Test on deno 20.x (ubuntu-latest)	Run Deno tests	2026-09-16T08:32:40.7472076Z   [mjs module] parses package with name and version ... ^[[0m^[[32mok^[[0m ^[[0m^[[38;5;245m(1ms)^[[0m
Test on deno 20.x (ubuntu-latest)	Run Deno tests	2026-09-16T08:32:40.7478817Z   [mjs module] parses scoped package with name and version ... ^[[0m^[[32mok^[[0m ^[[0m^[[38;5;245m(0ms)^[[0m
Test on deno 20.x (ubuntu-latest)	Run Deno tests	2026-09-16T08:32:40.7482135Z   [mjs module] parses package with name, version, and inner path ... ^[[0m^[[32mok^[[0m ^[[0m^[[38;5;245m(1ms)^[[0m
Test on deno 20.x (ubuntu-latest)	Run Deno tests	2026-09-16T08:32:40.7485366Z   [mjs module] parses package with name, version, and inner path with latest ... ^[[0m^[[32mok^[[0m ^[[0m^[[38;5;245m(0ms)^[[0m
Test on deno 20.x (ubuntu-latest)	Run Deno tests	2026-09-16T08:32:40.7488534Z   [mjs module] parses scoped package with name, version, and inner path ... ^[[0m^[[32mok^[[0m ^[[0m^[[38;5;245m(0ms)^[[0m
Test on deno 20.x (ubuntu-latest)	Run Deno tests	2026-09-16T08:32:40.7491207Z   [mjs module] parses package with name only ... ^[[0m^[[32mok^[[0m ^[[0m^[[38;5;245m(0ms)^[[0m
Test on deno 20.x (ubuntu-latest)	Run Deno tests	2026-09-16T08:32:40.7493621Z   [mjs module] parses scoped package with name only ... ^[[0m^[[32mok^[[0m ^[[0m^[[38;5;245m(0ms)^[[0m
Test on deno 20.x (ubuntu-latest)	Run Deno tests	2026-09-16T08:32:40.7497343Z   [mjs module] parses yargs@17.7.2/helpers ... ^[[0m^[[32mok^[[0m ^[[0m^[[38;5;245m(0ms)^[[0m
Test on deno 20.x (ubuntu-latest)	Run Deno tests	2026-09-16T08:32:40.7501518Z   [mjs module] parses yargs@latest/helpers ... ^[[0m^[[32mok^[[0m ^[[0m^[[38;5;245m(0ms)^[[0m
Test on deno 20.x (ubuntu-latest)	Run Deno tests	2026-09-16T08:32:40.7504593Z   [mjs module] parses yargs/helpers ... ^[[0m^[[32mok^[[0m ^[[0m^[[38;5;245m(0ms)^[[0m
Test on deno 20.x (ubuntu-latest)	Run Deno tests	2026-09-16T08:32:40.7512666Z   [mjs module] throws error for invalid package identifier ... ^[[0m^[[32mok^[[0m ^[[0m^[[38;5;245m(1ms)^[[0m
Test on deno 20.x (ubuntu-latest)	Run Deno tests	2026-09-16T08:32:40.7521323Z [mjs module] parseModuleSpecifier ... ^[[0m^[[32mok^[[0m ^[[0m^[[38;5;245m(7ms)^[[0m
Test on deno 20.x (ubuntu-latest)	Run Deno tests	2026-09-16T08:32:40.7961220Z ^[[0m^[[38;5;245mrunning 1 test from ./tests/network-imports.test.mjs^[[0m
Test on deno 20.x (ubuntu-latest)	Run Deno tests	2026-09-16T08:32:40.7972873Z [mjs module] imports using --experimental-network-imports ...
Test on deno 20.x (ubuntu-latest)	Run Deno tests	2026-09-16T08:32:41.0435478Z   [mjs module] Import using --experimental-network-imports for CJS file ... ^[[0m^[[32mok^[[0m ^[[0m^[[38;5;245m(246ms)^[[0m
Test on deno 20.x (ubuntu-latest)	Run Deno tests	2026-09-16T08:32:41.2362272Z   [mjs module] Import using --experimental-network-imports for MJS file ... ^[[0m^[[32mok^[[0m ^[[0m^[[38;5;245m(192ms)^[[0m
Test on deno 20.x (ubuntu-latest)	Run Deno tests	2026-09-16T08:32:41.2363891Z [mjs module] imports using --experimental-network-imports ... ^[[0m^[[32mok^[[0m ^[[0m^[[38;5;245m(440ms)^[[0m
Test on deno 20.x (ubuntu-latest)	Run Deno tests	2026-09-16T08:32:41.3271148Z ^[[0m^[[38;5;245mrunning 1 test from ./tests/npm-global-prefix.test.mjs^[[0m
Test on deno 20.x (ubuntu-latest)	Run Deno tests	2026-09-16T08:32:41.3282661Z global ...
Test on deno 20.x (ubuntu-latest)	Run Deno tests	2026-09-16T08:32:41.3288291Z   [mjs module] npm global prefix handling ...
Test on deno 20.x (ubuntu-latest)	Run Deno tests	2026-09-16T08:32:41.3293325Z     [mjs module] keeps latest and pinned aliases loadable when they share a package binary ... ^[[0m^[[32mok^[[0m ^[[0m^[[38;5;245m(1ms)^[[0m
Test on deno 20.x (ubuntu-latest)	Run Deno tests	2026-09-16T08:32:41.3296298Z     [mjs module] never force-installs over an unrelated global executable ... ^[[0m^[[32mok^[[0m ^[[0m^[[38;5;245m(0ms)^[[0m
Test on deno 20.x (ubuntu-latest)	Run Deno tests	2026-09-16T08:32:41.3298641Z     [mjs module] redirects installs to use-m cache when npm global root is not writable ... ^[[0m^[[32mok^[[0m ^[[0m^[[38;5;245m(0ms)^[[0m
Test on deno 20.x (ubuntu-latest)	Run Deno tests	2026-09-16T08:32:41.3301388Z     [mjs module] keeps the configured npm root when it is writable ... ^[[0m^[[32mok^[[0m ^[[0m^[[38;5;245m(0ms)^[[0m
Test on deno 20.x (ubuntu-latest)	Run Deno tests	2026-09-16T08:32:41.3305316Z     [mjs module] respects an explicit npm_config_prefix override ... ^[[0m^[[32mok^[[0m ^[[0m^[[38;5;245m(0ms)^[[0m
Test on deno 20.x (ubuntu-latest)	Run Deno tests	2026-09-16T08:32:41.3307965Z     [mjs module] retries transient npm install failures and removes partial aliases ... ^[[0m^[[32mok^[[0m ^[[0m^[[38;5;245m(0ms)^[[0m
Test on deno 20.x (ubuntu-latest)	Run Deno tests	2026-09-16T08:32:41.3310447Z     [mjs module] reports captured npm output and cleans up after exhausted retries ... ^[[0m^[[32mok^[[0m ^[[0m^[[38;5;245m(0ms)^[[0m
Test on deno 20.x (ubuntu-latest)	Run Deno tests	2026-09-16T08:32:41.3316150Z     [mjs module] gives corrupt-alias cleanup a recursive rm retry budget ... ^[[0m^[[32mok^[[0m ^[[0m^[[38;5;245m(0ms)^[[0m
Test on deno 20.x (ubuntu-latest)	Run Deno tests	2026-09-16T08:32:41.3319070Z     [mjs module] repairs a truncated entry point and bypasses the cached syntax failure ... ^[[0m^[[32mok^[[0m ^[[0m^[[38;5;245m(0ms)^[[0m
Test on deno 20.x (ubuntu-latest)	Run Deno tests	2026-09-16T08:32:41.3321017Z     [mjs module] repairs an alias missing an internal ESM dependency ... ^[[0m^[[32mok^[[0m ^[[0m^[[38;5;245m(0ms)^[[0m
Test on deno 20.x (ubuntu-latest)	Run Deno tests	2026-09-16T08:32:41.3322929Z     [mjs module] repairs an alias with invalid package metadata ... ^[[0m^[[32mok^[[0m ^[[0m^[[38;5;245m(0ms)^[[0m
Test on deno 20.x (ubuntu-latest)	Run Deno tests	2026-09-16T08:32:41.3325360Z     [mjs module] repairs an alias whose declared entry point is missing ... ^[[0m^[[32mok^[[0m ^[[0m^[[38;5;245m(0ms)^[[0m
Test on deno 20.x (ubuntu-latest)	Run Deno tests	2026-09-16T08:32:41.3327980Z     [mjs module] does not reinstall for an unrelated unwrapped missing-module error ... ^[[0m^[[32mok^[[0m ^[[0m^[[38;5;245m(0ms)^[[0m
Test on deno 20.x (ubuntu-latest)	Run Deno tests	2026-09-16T08:32:41.3330827Z     [mjs module] collapses concurrent requests for one package into a single install ... ^[[0m^[[32mok^[[0m ^[[0m^[[38;5;245m(0ms)^[[0m
Test on deno 20.x (ubuntu-latest)	Run Deno tests	2026-09-16T08:32:41.3333320Z     [mjs module] keeps a shared failed install retryable ... ^[[0m^[[32mok^[[0m ^[[0m^[[38;5;245m(0ms)^[[0m
Test on deno 20.x (ubuntu-latest)	Run Deno tests	2026-09-16T08:32:41.3336842Z     [mjs module] never lets separate processes install one alias at the same time ... ^[[0m^[[32mok^[[0m ^[[0m^[[38;5;245m(0ms)^[[0m
Test on deno 20.x (ubuntu-latest)	Run Deno tests	2026-09-16T08:32:41.3357172Z   [mjs module] npm global prefix handling ... ^[[0m^[[32mok^[[0m ^[[0m^[[38;5;245m(6ms)^[[0m
Test on deno 20.x (ubuntu-latest)	Run Deno tests	2026-09-16T08:32:41.3480769Z global ... ^[[0m^[[32mok^[[0m ^[[0m^[[38;5;245m(20ms)^[[0m
Test on deno 20.x (ubuntu-latest)	Run Deno tests	2026-09-16T08:32:41.4074902Z ^[[0m^[[38;5;245mrunning 1 test from ./tests/relative-paths-browser.test.mjs^[[0m
Test on deno 20.x (ubuntu-latest)	Run Deno tests	2026-09-16T08:32:41.4085679Z [mjs module] Relative path resolution in browser ...
Test on deno 20.x (ubuntu-latest)	Run Deno tests	2026-09-16T08:32:41.4087628Z   Browser tests are skipped in Deno environment ... ^[[0m^[[33mignored^[[0m ^[[0m^[[38;5;245m(0ms)^[[0m
Test on deno 20.x (ubuntu-latest)	Run Deno tests	2026-09-16T08:32:41.4089893Z [mjs module] Relative path resolution in browser ... ^[[0m^[[32mok^[[0m ^[[0m^[[38;5;245m(1ms)^[[0m
Test on deno 20.x (ubuntu-latest)	Run Deno tests	2026-09-16T08:32:41.4819332Z ^[[0m^[[38;5;245mrunning 1 test from ./tests/relative-paths.integration.test.mjs^[[0m
Test on deno 20.x (ubuntu-latest)	Run Deno tests	2026-09-16T08:32:41.4830143Z [mjs module] Relative Path Resolution (Integration) ...
Test on deno 20.x (ubuntu-latest)	Run Deno tests	2026-09-16T08:32:41.4836504Z   [mjs module] relative paths should work when run directly with Node.js ...
Test on deno 20.x (ubuntu-latest)	Run Deno tests	2026-09-16T08:32:41.4837565Z ^[[0m^[[38;5;245m------- post-test output -------^[[0m
Test on deno 20.x (ubuntu-latest)	Run Deno tests	2026-09-16T08:32:41.4838079Z /home/runner/work/use-m/use-m/tests
Test on deno 20.x (ubuntu-latest)	Run Deno tests	2026-09-16T08:32:41.5904569Z Testing relative paths from tests directory...
Test on deno 20.x (ubuntu-latest)	Run Deno tests	2026-09-16T08:32:41.5905004Z 
Test on deno 20.x (ubuntu-latest)	Run Deno tests	2026-09-16T08:32:41.5905760Z 1. Testing ./browser-server/test-helper.js
Test on deno 20.x (ubuntu-latest)	Run Deno tests	2026-09-16T08:32:41.5906616Z    ✓ Message: Helper module loaded
Test on deno 20.x (ubuntu-latest)	Run Deno tests	2026-09-16T08:32:41.5907041Z 
Test on deno 20.x (ubuntu-latest)	Run Deno tests	2026-09-16T08:32:41.5907456Z 2. Testing ./browser-server/test-data.json
Test on deno 20.x (ubuntu-latest)	Run Deno tests	2026-09-16T08:32:41.5908245Z    ✓ Value: 123
Test on deno 20.x (ubuntu-latest)	Run Deno tests	2026-09-16T08:32:41.5908789Z    ✓ Test: data
Test on deno 20.x (ubuntu-latest)	Run Deno tests	2026-09-16T08:32:41.5909089Z 
Test on deno 20.x (ubuntu-latest)	Run Deno tests	2026-09-16T08:32:41.5909340Z 3. Testing ../src/use.mjs
Test on deno 20.x (ubuntu-latest)	Run Deno tests	2026-09-16T08:32:41.5910030Z    ✓ use function exists: true
Test on deno 20.x (ubuntu-latest)	Run Deno tests	2026-09-16T08:32:41.5910414Z 
Test on deno 20.x (ubuntu-latest)	Run Deno tests	2026-09-16T08:32:41.5910838Z 4. Testing ./browser-server/subfolder/nested.js
Test on deno 20.x (ubuntu-latest)	Run Deno tests	2026-09-16T08:32:41.5911699Z    ✓ Nested: true Level: subfolder
Test on deno 20.x (ubuntu-latest)	Run Deno tests	2026-09-16T08:32:41.5912124Z 
Test on deno 20.x (ubuntu-latest)	Run Deno tests	2026-09-16T08:32:41.5912601Z 5. Testing ./browser-server/subfolder/nested-data.json
Test on deno 20.x (ubuntu-latest)	Run Deno tests	2026-09-16T08:32:41.5913453Z    ✓ Level: nested Depth: 1
Test on deno 20.x (ubuntu-latest)	Run Deno tests	2026-09-16T08:32:41.5913829Z 
Test on deno 20.x (ubuntu-latest)	Run Deno tests	2026-09-16T08:32:41.5914079Z 6. Testing ../package.json
Test on deno 20.x (ubuntu-latest)	Run Deno tests	2026-09-16T08:32:41.5915005Z    ✓ Package name: use-m
Test on deno 20.x (ubuntu-latest)	Run Deno tests	2026-09-16T08:32:41.5915381Z 
Test on deno 20.x (ubuntu-latest)	Run Deno tests	2026-09-16T08:32:41.5915792Z ✅ All direct tests passed!
Test on deno 20.x (ubuntu-latest)	Run Deno tests	2026-09-16T08:32:41.5916207Z 
Test on deno 20.x (ubuntu-latest)	Run Deno tests	2026-09-16T08:32:41.5917095Z ^[[0m^[[38;5;245m----- post-test output end -----^[[0m
Test on deno 20.x (ubuntu-latest)	Run Deno tests	2026-09-16T08:32:41.5918430Z   [mjs module] relative paths should work when run directly with Node.js ... ^[[0m^[[32mok^[[0m ^[[0m^[[38;5;245m(108ms)^[[0m
Test on deno 20.x (ubuntu-latest)	Run Deno tests	2026-09-16T08:32:41.6001834Z [mjs module] Relative Path Resolution (Integration) ... ^[[0m^[[32mok^[[0m ^[[0m^[[38;5;245m(118ms)^[[0m
Test on deno 20.x (ubuntu-latest)	Run Deno tests	2026-09-16T08:32:41.6550253Z ^[[0m^[[38;5;245mrunning 1 test from ./tests/relative-paths.test.mjs^[[0m
Test on deno 20.x (ubuntu-latest)	Run Deno tests	2026-09-16T08:32:41.6560510Z Relative Path Resolution ...
Test on deno 20.x (ubuntu-latest)	Run Deno tests	2026-09-16T08:32:41.6757804Z   should import JS file from same directory using ./ ... ^[[0m^[[32mok^[[0m ^[[0m^[[38;5;245m(20ms)^[[0m
Test on deno 20.x (ubuntu-latest)	Run Deno tests	2026-09-16T08:32:41.6767811Z   should import JSON file from same directory using ./ ... ^[[0m^[[32mok^[[0m ^[[0m^[[38;5;245m(1ms)^[[0m
Test on deno 20.x (ubuntu-latest)	Run Deno tests	2026-09-16T08:32:41.6775708Z   should import JS file from parent directory using ../ ... ^[[0m^[[32mok^[[0m ^[[0m^[[38;5;245m(1ms)^[[0m
Test on deno 20.x (ubuntu-latest)	Run Deno tests	2026-09-16T08:32:41.6786425Z   should import from subdirectory using ./subfolder/ ... ^[[0m^[[32mok^[[0m ^[[0m^[[38;5;245m(1ms)^[[0m
Test on deno 20.x (ubuntu-latest)	Run Deno tests	2026-09-16T08:32:41.6797257Z   should import JSON from subdirectory ... ^[[0m^[[32mok^[[0m ^[[0m^[[38;5;245m(1ms)^[[0m
Test on deno 20.x (ubuntu-latest)	Run Deno tests	2026-09-16T08:32:41.6806117Z   should handle complex relative paths (../) ... ^[[0m^[[32mok^[[0m ^[[0m^[[38;5;245m(1ms)^[[0m
Test on deno 20.x (ubuntu-latest)	Run Deno tests	2026-09-16T08:32:41.7031975Z   should work with mixed relative and npm imports ... ^[[0m^[[32mok^[[0m ^[[0m^[[38;5;245m(22ms)^[[0m
Test on deno 20.x (ubuntu-latest)	Run Deno tests	2026-09-16T08:32:41.7045104Z   should maintain correct context for nested relative imports ... ^[[0m^[[32mok^[[0m ^[[0m^[[38;5;245m(1ms)^[[0m
Test on deno 20.x (ubuntu-latest)	Run Deno tests	2026-09-16T08:32:41.7206786Z Relative Path Resolution ... ^[[0m^[[32mok^[[0m ^[[0m^[[38;5;245m(65ms)^[[0m
Test on deno 20.x (ubuntu-latest)	Run Deno tests	2026-09-16T08:32:41.8010981Z ^[[0m^[[38;5;245mrunning 1 test from ./tests/release-workflow-policy.test.mjs^[[0m
Test on deno 20.x (ubuntu-latest)	Run Deno tests	2026-09-16T08:32:41.8021131Z release workflow policy ...
Test on deno 20.x (ubuntu-latest)	Run Deno tests	2026-09-16T08:32:41.8033333Z   uses npm package metadata that matches registry and trusted publishing expectations ... ^[[0m^[[32mok^[[0m ^[[0m^[[38;5;245m(1ms)^[[0m
Test on deno 20.x (ubuntu-latest)	Run Deno tests	2026-09-16T08:32:41.8046617Z   keeps CI and publishing in the trusted-publisher release workflow ... ^[[0m^[[32mok^[[0m ^[[0m^[[38;5;245m(1ms)^[[0m
Test on deno 20.x (ubuntu-latest)	Run Deno tests	2026-09-16T08:32:41.8050933Z   publishes with npm trusted publishing instead of token auth ... ^[[0m^[[32mok^[[0m ^[[0m^[[38;5;245m(0ms)^[[0m
Test on deno 20.x (ubuntu-latest)	Run Deno tests	2026-09-16T08:32:41.8057090Z   runs tests before publishing and preserves main-branch release runs ... ^[[0m^[[32mok^[[0m ^[[0m^[[38;5;245m(0ms)^[[0m
Test on deno 20.x (ubuntu-latest)	Run Deno tests	2026-09-16T08:32:41.8063216Z   fails release runs when the package, tag, and GitHub release already exist ... ^[[0m^[[32mok^[[0m ^[[0m^[[38;5;245m(1ms)^[[0m
Test on deno 20.x (ubuntu-latest)	Run Deno tests	2026-09-16T08:32:41.8067969Z   runs the Node.js test job on every Node.js line the library supports ... ^[[0m^[[32mok^[[0m ^[[0m^[[38;5;245m(0ms)^[[0m
Test on deno 20.x (ubuntu-latest)	Run Deno tests	2026-09-16T08:32:41.8071854Z   keeps dependency install logs quiet while auditing shipped dependencies ... ^[[0m^[[32mok^[[0m ^[[0m^[[38;5;245m(0ms)^[[0m
Test on deno 20.x (ubuntu-latest)	Run Deno tests	2026-09-16T08:32:41.8077137Z   uses current action versions and explicit job timeouts ... ^[[0m^[[32mok^[[0m ^[[0m^[[38;5;245m(0ms)^[[0m
Test on deno 20.x (ubuntu-latest)	Run Deno tests	2026-09-16T08:32:41.8080565Z   retries Deno network-import tests without hiding persistent failures ... ^[[0m^[[32mok^[[0m ^[[0m^[[38;5;245m(0ms)^[[0m
Test on deno 20.x (ubuntu-latest)	Run Deno tests	2026-09-16T08:32:41.8085948Z release workflow policy ... ^[[0m^[[32mok^[[0m ^[[0m^[[38;5;245m(7ms)^[[0m
Test on deno 20.x (ubuntu-latest)	Run Deno tests	2026-09-16T08:32:41.8804434Z ^[[0m^[[38;5;245mrunning 1 test from ./tests/resolvers.test.mjs^[[0m
Test on deno 20.x (ubuntu-latest)	Run Deno tests	2026-09-16T08:32:41.8815415Z [mjs module] resolvers tests ...
Test on deno 20.x (ubuntu-latest)	Run Deno tests	2026-09-16T08:32:42.0090504Z   [mjs module] npm resolver resolves package path ... ^[[0m^[[32mok^[[0m ^[[0m^[[38;5;245m(127ms)^[[0m
Test on deno 20.x (ubuntu-latest)	Run Deno tests	2026-09-16T08:32:42.7699750Z   [mjs module] npm resolver resolves scoped package path for @octokit/core@6.1.5 ... ^[[0m^[[32mok^[[0m ^[[0m^[[38;5;245m(760ms)^[[0m
Test on deno 20.x (ubuntu-latest)	Run Deno tests	2026-09-16T08:32:45.1137287Z   [mjs module] npm resolver resolves package path with version ... ^[[0m^[[32mok^[[0m ^[[0m^[[38;5;245m(2s)^[[0m
Test on deno 20.x (ubuntu-latest)	Run Deno tests	2026-09-16T08:32:45.7956302Z   [mjs module] npm resolver resolves yargs/helpers ... ^[[0m^[[32mok^[[0m ^[[0m^[[38;5;245m(682ms)^[[0m
Test on deno 20.x (ubuntu-latest)	Run Deno tests	2026-09-16T08:32:46.3607746Z   [mjs module] npm resolver resolves yargs@18.0.0/helpers ... ^[[0m^[[32mok^[[0m ^[[0m^[[38;5;245m(565ms)^[[0m
Test on deno 20.x (ubuntu-latest)	Run Deno tests	2026-09-16T08:32:46.7982109Z   [mjs module] npm resolver resolves yargs@latest/helpers ... ^[[0m^[[32mok^[[0m ^[[0m^[[38;5;245m(437ms)^[[0m
Test on deno 20.x (ubuntu-latest)	Run Deno tests	2026-09-16T08:32:46.7986415Z   [mjs module] skypack resolver resolves URL ... ^[[0m^[[32mok^[[0m ^[[0m^[[38;5;245m(0ms)^[[0m
Test on deno 20.x (ubuntu-latest)	Run Deno tests	2026-09-16T08:32:46.7988757Z   [mjs module] skypack resolver resolves subpath ... ^[[0m^[[32mok^[[0m ^[[0m^[[38;5;245m(0ms)^[[0m
Test on deno 20.x (ubuntu-latest)	Run Deno tests	2026-09-16T08:32:46.7994990Z   [mjs module] jsdelivr resolver resolves URL ... ^[[0m^[[32mok^[[0m ^[[0m^[[38;5;245m(0ms)^[[0m
Test on deno 20.x (ubuntu-latest)	Run Deno tests	2026-09-16T08:32:46.7997656Z   [mjs module] jsdelivr resolver resolves subpath ... ^[[0m^[[32mok^[[0m ^[[0m^[[38;5;245m(0ms)^[[0m
Test on deno 20.x (ubuntu-latest)	Run Deno tests	2026-09-16T08:32:46.7999553Z   [mjs module] unpkg resolver resolves URL ... ^[[0m^[[32mok^[[0m ^[[0m^[[38;5;245m(0ms)^[[0m
Test on deno 20.x (ubuntu-latest)	Run Deno tests	2026-09-16T08:32:46.8001155Z   [mjs module] unpkg resolver resolves subpath ... ^[[0m^[[32mok^[[0m ^[[0m^[[38;5;245m(0ms)^[[0m
Test on deno 20.x (ubuntu-latest)	Run Deno tests	2026-09-16T08:32:46.8003145Z   [mjs module] esm resolver resolves URL ... ^[[0m^[[32mok^[[0m ^[[0m^[[38;5;245m(0ms)^[[0m
Test on deno 20.x (ubuntu-latest)	Run Deno tests	2026-09-16T08:32:46.8005385Z   [mjs module] esm resolver resolves subpath ... ^[[0m^[[32mok^[[0m ^[[0m^[[38;5;245m(0ms)^[[0m
Test on deno 20.x (ubuntu-latest)	Run Deno tests	2026-09-16T08:32:46.8007984Z   [mjs module] jspm resolver resolves URL ... ^[[0m^[[32mok^[[0m ^[[0m^[[38;5;245m(0ms)^[[0m
Test on deno 20.x (ubuntu-latest)	Run Deno tests	2026-09-16T08:32:46.8009945Z   [mjs module] jspm resolver resolves subpath ... ^[[0m^[[32mok^[[0m ^[[0m^[[38;5;245m(0ms)^[[0m
Test on deno 20.x (ubuntu-latest)	Run Deno tests	2026-09-16T08:32:46.8012268Z   [mjs module] bun resolver resolves package path ... ^[[0m^[[32mok^[[0m ^[[0m^[[38;5;245m(0ms)^[[0m
Test on deno 20.x (ubuntu-latest)	Run Deno tests	2026-09-16T08:32:46.8014677Z   [mjs module] bun resolver resolves scoped package path for @octokit/core@6.1.5 ... ^[[0m^[[32mok^[[0m ^[[0m^[[38;5;245m(0ms)^[[0m
Test on deno 20.x (ubuntu-latest)	Run Deno tests	2026-09-16T08:32:46.8016639Z   [mjs module] bun resolver resolves yargs/helpers ... ^[[0m^[[32mok^[[0m ^[[0m^[[38;5;245m(0ms)^[[0m
Test on deno 20.x (ubuntu-latest)	Run Deno tests	2026-09-16T08:32:46.8018597Z   [mjs module] bun resolver resolves yargs@latest/helpers ... ^[[0m^[[32mok^[[0m ^[[0m^[[38;5;245m(0ms)^[[0m
Test on deno 20.x (ubuntu-latest)	Run Deno tests	2026-09-16T08:32:46.8114943Z [mjs module] resolvers tests ... ^[[0m^[[32mok^[[0m ^[[0m^[[38;5;245m(4s)^[[0m
Test on deno 20.x (ubuntu-latest)	Run Deno tests	2026-09-16T08:32:46.8943635Z ^[[0m^[[38;5;245mrunning 1 test from ./tests/root-entries.test.mjs^[[0m
Test on deno 20.x (ubuntu-latest)	Run Deno tests	2026-09-16T08:32:46.8954612Z [mjs module] root entry mirrors ...
Test on deno 20.x (ubuntu-latest)	Run Deno tests	2026-09-16T08:32:46.8966637Z   [mjs module] mirrors exactly src/use.js, src/use.cjs and src/use.mjs ... ^[[0m^[[32mok^[[0m ^[[0m^[[38;5;245m(1ms)^[[0m
Test on deno 20.x (ubuntu-latest)	Run Deno tests	2026-09-16T08:32:46.8975014Z   [mjs module] use.js exists at the package root ... ^[[0m^[[32mok^[[0m ^[[0m^[[38;5;245m(1ms)^[[0m
Test on deno 20.x (ubuntu-latest)	Run Deno tests	2026-09-16T08:32:46.8999303Z   [mjs module] root use.js is in sync with src/use.js ... ^[[0m^[[32mok^[[0m ^[[0m^[[38;5;245m(2ms)^[[0m
Test on deno 20.x (ubuntu-latest)	Run Deno tests	2026-09-16T08:32:46.9008718Z   [mjs module] root use.js contains the full src/use.js body ... ^[[0m^[[32mok^[[0m ^[[0m^[[38;5;245m(1ms)^[[0m
Test on deno 20.x (ubuntu-latest)	Run Deno tests	2026-09-16T08:32:46.9010513Z   [mjs module] use.cjs exists at the package root ... ^[[0m^[[32mok^[[0m ^[[0m^[[38;5;245m(0ms)^[[0m
Test on deno 20.x (ubuntu-latest)	Run Deno tests	2026-09-16T08:32:46.9023150Z   [mjs module] root use.cjs is in sync with src/use.cjs ... ^[[0m^[[32mok^[[0m ^[[0m^[[38;5;245m(1ms)^[[0m
Test on deno 20.x (ubuntu-latest)	Run Deno tests	2026-09-16T08:32:46.9031412Z   [mjs module] root use.cjs contains the full src/use.cjs body ... ^[[0m^[[32mok^[[0m ^[[0m^[[38;5;245m(0ms)^[[0m
Test on deno 20.x (ubuntu-latest)	Run Deno tests	2026-09-16T08:32:46.9035199Z   [mjs module] use.mjs exists at the package root ... ^[[0m^[[32mok^[[0m ^[[0m^[[38;5;245m(0ms)^[[0m
Test on deno 20.x (ubuntu-latest)	Run Deno tests	2026-09-16T08:32:46.9046039Z   [mjs module] root use.mjs is in sync with src/use.mjs ... ^[[0m^[[32mok^[[0m ^[[0m^[[38;5;245m(1ms)^[[0m
Test on deno 20.x (ubuntu-latest)	Run Deno tests	2026-09-16T08:32:46.9051631Z   [mjs module] root use.mjs contains the full src/use.mjs body ... ^[[0m^[[32mok^[[0m ^[[0m^[[38;5;245m(0ms)^[[0m
Test on deno 20.x (ubuntu-latest)	Run Deno tests	2026-09-16T08:32:46.9067766Z   [mjs module] root use.js eval()s to a working use function ... ^[[0m^[[32mok^[[0m ^[[0m^[[38;5;245m(1ms)^[[0m
Test on deno 20.x (ubuntu-latest)	Run Deno tests	2026-09-16T08:32:46.9077352Z   [mjs module] the 404 "Not found" body is not a valid module body ... ^[[0m^[[32mok^[[0m ^[[0m^[[38;5;245m(1ms)^[[0m
Test on deno 20.x (ubuntu-latest)	Run Deno tests	2026-09-16T08:32:46.9123513Z   [mjs module] root use.mjs imports to a working use function ... ^[[0m^[[32mok^[[0m ^[[0m^[[38;5;245m(5ms)^[[0m
Test on deno 20.x (ubuntu-latest)	Run Deno tests	2026-09-16T08:32:46.9128845Z   [mjs module] package.json ships the root mirrors and keeps src canonical ... ^[[0m^[[32mok^[[0m ^[[0m^[[38;5;245m(0ms)^[[0m
Test on deno 20.x (ubuntu-latest)	Run Deno tests	2026-09-16T08:32:46.9137987Z [mjs module] root entry mirrors ... ^[[0m^[[32mok^[[0m ^[[0m^[[38;5;245m(19ms)^[[0m
Test on deno 20.x (ubuntu-latest)	Run Deno tests	2026-09-16T08:32:46.9935316Z ^[[0m^[[38;5;245mrunning 1 test from ./tests/script-sync.test.mjs^[[0m
Test on deno 20.x (ubuntu-latest)	Run Deno tests	2026-09-16T08:32:46.9944626Z [mjs module] distributed script synchronization ...
Test on deno 20.x (ubuntu-latest)	Run Deno tests	2026-09-16T08:32:46.9980748Z   [mjs module] npm recovery stays synchronized across mjs, cjs, and universal builds ... ^[[0m^[[32mok^[[0m ^[[0m^[[38;5;245m(3ms)^[[0m
Test on deno 20.x (ubuntu-latest)	Run Deno tests	2026-09-16T08:32:46.9982528Z [mjs module] distributed script synchronization ... ^[[0m^[[32mok^[[0m ^[[0m^[[38;5;245m(4ms)^[[0m
Test on deno 20.x (ubuntu-latest)	Run Deno tests	2026-09-16T08:32:47.0434420Z ^[[0m^[[38;5;245mrunning 1 test from ./tests/typescript.test.mjs^[[0m
Test on deno 20.x (ubuntu-latest)	Run Deno tests	2026-09-16T08:32:47.0444801Z [mjs module] typescript ...
Test on deno 20.x (ubuntu-latest)	Run Deno tests	2026-09-16T08:32:47.0739543Z ^[[0m^[[32mDownload^[[0m https://esm.sh/typescript@5.9.3
Test on deno 20.x (ubuntu-latest)	Run Deno tests	2026-09-16T08:32:47.1534867Z ^[[0m^[[32mDownload^[[0m https://esm.sh/source-map-support?target=denonext
Test on deno 20.x (ubuntu-latest)	Run Deno tests	2026-09-16T08:32:47.1535926Z ^[[0m^[[32mDownload^[[0m https://esm.sh/typescript@5.9.3/denonext/typescript.mjs
Test on deno 20.x (ubuntu-latest)	Run Deno tests	2026-09-16T08:32:47.2360731Z ^[[0m^[[32mDownload^[[0m https://esm.sh/source-map-support@0.5.21?target=denonext
Test on deno 20.x (ubuntu-latest)	Run Deno tests	2026-09-16T08:32:47.6530273Z ^[[0m^[[32mDownload^[[0m https://esm.sh/buffer-from@^1.0.0?target=denonext
Test on deno 20.x (ubuntu-latest)	Run Deno tests	2026-09-16T08:32:47.6531307Z ^[[0m^[[32mDownload^[[0m https://esm.sh/source-map@^0.6.0?target=denonext
Test on deno 20.x (ubuntu-latest)	Run Deno tests	2026-09-16T08:32:47.6532407Z ^[[0m^[[32mDownload^[[0m https://esm.sh/source-map-support@0.5.21/denonext/source-map-support.mjs
Test on deno 20.x (ubuntu-latest)	Run Deno tests	2026-09-16T08:32:47.7349740Z ^[[0m^[[32mDownload^[[0m https://esm.sh/buffer-from@1.1.2?target=denonext
Test on deno 20.x (ubuntu-latest)	Run Deno tests	2026-09-16T08:32:47.7361539Z ^[[0m^[[32mDownload^[[0m https://esm.sh/source-map@0.6.1?target=denonext
Test on deno 20.x (ubuntu-latest)	Run Deno tests	2026-09-16T08:32:47.7491842Z ^[[0m^[[32mDownload^[[0m https://esm.sh/buffer-from@1.1.2/denonext/buffer-from.mjs
Test on deno 20.x (ubuntu-latest)	Run Deno tests	2026-09-16T08:32:47.7597914Z ^[[0m^[[32mDownload^[[0m https://esm.sh/source-map@0.6.1/denonext/source-map.mjs
Test on deno 20.x (ubuntu-latest)	Run Deno tests	2026-09-16T08:32:48.2629970Z   [mjs module] use typescript ... ^[[0m^[[32mok^[[0m ^[[0m^[[38;5;245m(1s)^[[0m
Test on deno 20.x (ubuntu-latest)	Run Deno tests	2026-09-16T08:32:48.2737218Z [mjs module] typescript ... ^[[0m^[[32mok^[[0m ^[[0m^[[38;5;245m(1s)^[[0m
Test on deno 20.x (ubuntu-latest)	Run Deno tests	2026-09-16T08:32:48.3271505Z ^[[0m^[[38;5;245mrunning 1 test from ./tests/use.test.mjs^[[0m
Test on deno 20.x (ubuntu-latest)	Run Deno tests	2026-09-16T08:32:48.3282233Z [mjs module] 'use' import strategies ...
Test on deno 20.x (ubuntu-latest)	Run Deno tests	2026-09-16T08:32:48.3784515Z   [mjs module] Direct ESM Import lodash@4.17.21 ... ^[[0m^[[32mok^[[0m ^[[0m^[[38;5;245m(49ms)^[[0m
Test on deno 20.x (ubuntu-latest)	Run Deno tests	2026-09-16T08:32:48.3829933Z   [mjs module] Dynamic ESM Import of CSJ ... ^[[0m^[[32mok^[[0m ^[[0m^[[38;5;245m(4ms)^[[0m
Test on deno 20.x (ubuntu-latest)	Run Deno tests	2026-09-16T08:32:48.3836770Z   [mjs module] Dynamic ESM Import of MJS ... ^[[0m^[[32mok^[[0m ^[[0m^[[38;5;245m(1ms)^[[0m
Test on deno 20.x (ubuntu-latest)	Run Deno tests	2026-09-16T08:32:48.3839389Z   [mjs module] Universal (then style) ... ^[[0m^[[32mok^[[0m ^[[0m^[[38;5;245m(0ms)^[[0m
Test on deno 20.x (ubuntu-latest)	Run Deno tests	2026-09-16T08:32:48.3841859Z   [mjs module] Universal (then style, use inside) ... ^[[0m^[[32mok^[[0m ^[[0m^[[38;5;245m(0ms)^[[0m
Test on deno 20.x (ubuntu-latest)	Run Deno tests	2026-09-16T08:32:48.3844586Z   [mjs module] Universal (eval style) ... ^[[0m^[[32mok^[[0m ^[[0m^[[38;5;245m(0ms)^[[0m
Test on deno 20.x (ubuntu-latest)	Run Deno tests	2026-09-16T08:32:48.3847013Z   [mjs module] Universal (single then style) ... ^[[0m^[[32mok^[[0m ^[[0m^[[38;5;245m(0ms)^[[0m
Test on deno 20.x (ubuntu-latest)	Run Deno tests	2026-09-16T08:32:48.3856377Z ^[[0m^[[32mDownload^[[0m https://esm.sh/lodash@3
Test on deno 20.x (ubuntu-latest)	Run Deno tests	2026-09-16T08:32:48.4660290Z ^[[0m^[[32mDownload^[[0m https://esm.sh/lodash@3.10.1
Test on deno 20.x (ubuntu-latest)	Run Deno tests	2026-09-16T08:32:48.5383141Z ^[[0m^[[32mDownload^[[0m https://esm.sh/lodash@3.10.1/denonext/lodash.mjs
Test on deno 20.x (ubuntu-latest)	Run Deno tests	2026-09-16T08:32:48.5567415Z ^[[0m^[[32mDownload^[[0m https://esm.sh/lodash@4
Test on deno 20.x (ubuntu-latest)	Run Deno tests	2026-09-16T08:32:48.6554913Z   [mjs module] use.all with require ... ^[[0m^[[32mok^[[0m ^[[0m^[[38;5;245m(271ms)^[[0m
Test on deno 20.x (ubuntu-latest)	Run Deno tests	2026-09-16T08:32:48.6571883Z   [mjs module] use.all ... ^[[0m^[[32mok^[[0m ^[[0m^[[38;5;245m(1ms)^[[0m
Test on deno 20.x (ubuntu-latest)	Run Deno tests	2026-09-16T08:32:48.6573478Z   [mjs module] use.all (script) ... ^[[0m^[[32mok^[[0m ^[[0m^[[38;5;245m(0ms)^[[0m
Test on deno 20.x (ubuntu-latest)	Run Deno tests	2026-09-16T08:32:48.6576097Z   [mjs module] Universal (script) @octokit/core@6.1.5 ... ^[[0m^[[32mok^[[0m ^[[0m^[[38;5;245m(0ms)^[[0m
Test on deno 20.x (ubuntu-latest)	Run Deno tests	2026-09-16T08:32:48.6578134Z   [mjs module] Universal (script) @octokit/core@5 ... ^[[0m^[[32mok^[[0m ^[[0m^[[38;5;245m(0ms)^[[0m
Test on deno 20.x (ubuntu-latest)	Run Deno tests	2026-09-16T08:32:48.6579985Z   [mjs module] Universal (script) @octokit/core (latest) ... ^[[0m^[[32mok^[[0m ^[[0m^[[38;5;245m(0ms)^[[0m
Test on deno 20.x (ubuntu-latest)	Run Deno tests	2026-09-16T08:32:48.6587707Z ^[[0m^[[32mDownload^[[0m https://esm.sh/@octokit/core@latest
Test on deno 20.x (ubuntu-latest)	Run Deno tests	2026-09-16T08:32:48.7287591Z ^[[0m^[[32mDownload^[[0m https://esm.sh/@octokit/core@7.0.8
Test on deno 20.x (ubuntu-latest)	Run Deno tests	2026-09-16T08:32:48.8009356Z ^[[0m^[[32mDownload^[[0m https://esm.sh/@octokit/auth-token@^6.0.0?target=denonext
Test on deno 20.x (ubuntu-latest)	Run Deno tests	2026-09-16T08:32:48.8011564Z ^[[0m^[[32mDownload^[[0m https://esm.sh/@octokit/graphql@^9.0.5?target=denonext
Test on deno 20.x (ubuntu-latest)	Run Deno tests	2026-09-16T08:32:48.8013255Z ^[[0m^[[32mDownload^[[0m https://esm.sh/@octokit/request@^10.0.16?target=denonext
Test on deno 20.x (ubuntu-latest)	Run Deno tests	2026-09-16T08:32:48.8014870Z ^[[0m^[[32mDownload^[[0m https://esm.sh/before-after-hook@^4.0.0?target=denonext
Test on deno 20.x (ubuntu-latest)	Run Deno tests	2026-09-16T08:32:48.8015983Z ^[[0m^[[32mDownload^[[0m https://esm.sh/universal-user-agent@^7.0.0?target=denonext
Test on deno 20.x (ubuntu-latest)	Run Deno tests	2026-09-16T08:32:48.8017039Z ^[[0m^[[32mDownload^[[0m https://esm.sh/@octokit/core@7.0.8/denonext/core.mjs
Test on deno 20.x (ubuntu-latest)	Run Deno tests	2026-09-16T08:32:48.8845663Z ^[[0m^[[32mDownload^[[0m https://esm.sh/@octokit/auth-token@6.0.0?target=denonext
Test on deno 20.x (ubuntu-latest)	Run Deno tests	2026-09-16T08:32:48.8847375Z ^[[0m^[[32mDownload^[[0m https://esm.sh/@octokit/graphql@9.0.5?target=denonext
Test on deno 20.x (ubuntu-latest)	Run Deno tests	2026-09-16T08:32:48.8848874Z ^[[0m^[[32mDownload^[[0m https://esm.sh/@octokit/request@10.0.16?target=denonext
Test on deno 20.x (ubuntu-latest)	Run Deno tests	2026-09-16T08:32:48.8855697Z ^[[0m^[[32mDownload^[[0m https://esm.sh/before-after-hook@4.0.0?target=denonext
Test on deno 20.x (ubuntu-latest)	Run Deno tests	2026-09-16T08:32:48.8857345Z ^[[0m^[[32mDownload^[[0m https://esm.sh/universal-user-agent@7.0.3?target=denonext
Test on deno 20.x (ubuntu-latest)	Run Deno tests	2026-09-16T08:32:48.8955818Z ^[[0m^[[32mDownload^[[0m https://esm.sh/@octokit/auth-token@6.0.0/denonext/auth-token.mjs
Test on deno 20.x (ubuntu-latest)	Run Deno tests	2026-09-16T08:32:48.8977351Z ^[[0m^[[32mDownload^[[0m https://esm.sh/@octokit/graphql@9.0.5/denonext/graphql.mjs
Test on deno 20.x (ubuntu-latest)	Run Deno tests	2026-09-16T08:32:48.8996951Z ^[[0m^[[32mDownload^[[0m https://esm.sh/@octokit/endpoint@^11.0.5?target=denonext
Test on deno 20.x (ubuntu-latest)	Run Deno tests	2026-09-16T08:32:48.8998431Z ^[[0m^[[32mDownload^[[0m https://esm.sh/@octokit/request-error@^7.1.2?target=denonext
Test on deno 20.x (ubuntu-latest)	Run Deno tests	2026-09-16T08:32:48.8999790Z ^[[0m^[[32mDownload^[[0m https://esm.sh/content-type@^3.0.0?target=denonext
Test on deno 20.x (ubuntu-latest)	Run Deno tests	2026-09-16T08:32:48.9001118Z ^[[0m^[[32mDownload^[[0m https://esm.sh/json-with-bigint@^3.5.12?target=denonext
Test on deno 20.x (ubuntu-latest)	Run Deno tests	2026-09-16T08:32:48.9002440Z ^[[0m^[[32mDownload^[[0m https://esm.sh/universal-user-agent@^7.0.2?target=denonext
Test on deno 20.x (ubuntu-latest)	Run Deno tests	2026-09-16T08:32:48.9003595Z ^[[0m^[[32mDownload^[[0m https://esm.sh/@octokit/request@10.0.16/denonext/request.mjs
Test on deno 20.x (ubuntu-latest)	Run Deno tests	2026-09-16T08:32:48.9005379Z ^[[0m^[[32mDownload^[[0m https://esm.sh/before-after-hook@4.0.0/denonext/before-after-hook.mjs
Test on deno 20.x (ubuntu-latest)	Run Deno tests	2026-09-16T08:32:48.9007068Z ^[[0m^[[32mDownload^[[0m https://esm.sh/universal-user-agent@7.0.3/denonext/universal-user-agent.mjs
Test on deno 20.x (ubuntu-latest)	Run Deno tests	2026-09-16T08:32:48.9928674Z ^[[0m^[[32mDownload^[[0m https://esm.sh/@octokit/endpoint@11.0.5?target=denonext
Test on deno 20.x (ubuntu-latest)	Run Deno tests	2026-09-16T08:32:48.9952963Z ^[[0m^[[32mDownload^[[0m https://esm.sh/@octokit/request-error@7.1.2?target=denonext
Test on deno 20.x (ubuntu-latest)	Run Deno tests	2026-09-16T08:32:48.9954025Z ^[[0m^[[32mDownload^[[0m https://esm.sh/content-type@3.1.0?target=denonext
Test on deno 20.x (ubuntu-latest)	Run Deno tests	2026-09-16T08:32:48.9955291Z ^[[0m^[[32mDownload^[[0m https://esm.sh/json-with-bigint@3.5.12?target=denonext
Test on deno 20.x (ubuntu-latest)	Run Deno tests	2026-09-16T08:32:49.0061152Z ^[[0m^[[32mDownload^[[0m https://esm.sh/@octokit/endpoint@11.0.5/denonext/endpoint.mjs
Test on deno 20.x (ubuntu-latest)	Run Deno tests	2026-09-16T08:32:49.0069471Z ^[[0m^[[32mDownload^[[0m https://esm.sh/@octokit/request-error@7.1.2/denonext/request-error.mjs
Test on deno 20.x (ubuntu-latest)	Run Deno tests	2026-09-16T08:32:49.0087570Z ^[[0m^[[32mDownload^[[0m https://esm.sh/content-type@3.1.0/denonext/content-type.mjs
Test on deno 20.x (ubuntu-latest)	Run Deno tests	2026-09-16T08:32:49.0091591Z ^[[0m^[[32mDownload^[[0m https://esm.sh/json-with-bigint@3.5.12/denonext/json-with-bigint.mjs
Test on deno 20.x (ubuntu-latest)	Run Deno tests	2026-09-16T08:32:49.0406285Z   [mjs module] @octokit/core (latest) ... ^[[0m^[[32mok^[[0m ^[[0m^[[38;5;245m(383ms)^[[0m
Test on deno 20.x (ubuntu-latest)	Run Deno tests	2026-09-16T08:32:49.0576562Z [mjs module] 'use' import strategies ... ^[[0m^[[32mok^[[0m ^[[0m^[[38;5;245m(730ms)^[[0m
Test on deno 20.x (ubuntu-latest)	Run Deno tests	2026-09-16T08:32:49.0594417Z 
Test on deno 20.x (ubuntu-latest)	Run Deno tests	2026-09-16T08:32:49.0595522Z ^[[0m^[[32mok^[[0m | 34 passed (241 steps) | 0 failed | 0 ignored (3 steps) ^[[0m^[[38;5;245m(12s)^[[0m
Test on deno 20.x (ubuntu-latest)	Run Deno tests	2026-09-16T08:32:49.0596227Z 
Test on deno 20.x (ubuntu-latest)	Post Setup Deno	﻿2026-09-16T08:32:49.0929507Z Post job cleanup.
Test on deno 20.x (ubuntu-latest)	Post Setup Deno	2026-09-16T08:32:49.2135527Z Caching is not enabled. Caching is skipped.
Test on deno 20.x (ubuntu-latest)	Post Setup Node.js	﻿2026-09-16T08:32:49.2286606Z Post job cleanup.
Test on deno 20.x (ubuntu-latest)	Post Setup Node.js	2026-09-16T08:32:49.3505566Z Cache hit occurred on the primary key node-cache-Linux-x64-npm-12813ae39a61b5fed7681502803cfede24735d033f8430fc26d535be6b212b6a, not saving cache.
Test on deno 20.x (ubuntu-latest)	Post Checkout code	﻿2026-09-16T08:32:49.3648553Z Post job cleanup.
Test on deno 20.x (ubuntu-latest)	Post Checkout code	2026-09-16T08:32:49.4612465Z [command]/usr/bin/git version
Test on deno 20.x (ubuntu-latest)	Post Checkout code	2026-09-16T08:32:49.4654306Z git version 2.55.0
Test on deno 20.x (ubuntu-latest)	Post Checkout code	2026-09-16T08:32:49.4715869Z Temporarily overriding HOME='/home/runner/work/_temp/6acce539-5edb-471d-99af-f3bcf97012cc' before making global git config changes
Test on deno 20.x (ubuntu-latest)	Post Checkout code	2026-09-16T08:32:49.4721578Z Adding repository directory to the temporary git global config as a safe directory
Test on deno 20.x (ubuntu-latest)	Post Checkout code	2026-09-16T08:32:49.4743469Z [command]/usr/bin/git config --global --add safe.directory /home/runner/work/use-m/use-m
Test on deno 20.x (ubuntu-latest)	Post Checkout code	2026-09-16T08:32:49.4751525Z Removing SSH command configuration
Test on deno 20.x (ubuntu-latest)	Post Checkout code	2026-09-16T08:32:49.4752700Z [command]/usr/bin/git config --local --name-only --get-regexp core\.sshCommand
Test on deno 20.x (ubuntu-latest)	Post Checkout code	2026-09-16T08:32:49.4809149Z [command]/usr/bin/git submodule foreach --recursive sh -c "git config --local --name-only --get-regexp 'core\.sshCommand' && git config --local --unset-all 'core.sshCommand' || :"
Test on deno 20.x (ubuntu-latest)	Post Checkout code	2026-09-16T08:32:49.5065869Z Removing HTTP extra header
Test on deno 20.x (ubuntu-latest)	Post Checkout code	2026-09-16T08:32:49.5073155Z [command]/usr/bin/git config --local --name-only --get-regexp http\.https\:\/\/github\.com\/\.extraheader
Test on deno 20.x (ubuntu-latest)	Post Checkout code	2026-09-16T08:32:49.5116707Z [command]/usr/bin/git submodule foreach --recursive sh -c "git config --local --name-only --get-regexp 'http\.https\:\/\/github\.com\/\.extraheader' && git config --local --unset-all 'http.https://github.com/.extraheader' || :"
Test on deno 20.x (ubuntu-latest)	Post Checkout code	2026-09-16T08:32:49.5357977Z Removing includeIf entries pointing to credentials config files
Test on deno 20.x (ubuntu-latest)	Post Checkout code	2026-09-16T08:32:49.5368461Z [command]/usr/bin/git config --local --name-only --get-regexp ^includeIf\.gitdir:
Test on deno 20.x (ubuntu-latest)	Post Checkout code	2026-09-16T08:32:49.5410257Z includeif.gitdir:/home/runner/work/use-m/use-m/.git.path
Test on deno 20.x (ubuntu-latest)	Post Checkout code	2026-09-16T08:32:49.5411153Z includeif.gitdir:/home/runner/work/use-m/use-m/.git/worktrees/*.path
Test on deno 20.x (ubuntu-latest)	Post Checkout code	2026-09-16T08:32:49.5411911Z includeif.gitdir:/github/workspace/.git.path
Test on deno 20.x (ubuntu-latest)	Post Checkout code	2026-09-16T08:32:49.5412661Z includeif.gitdir:/github/workspace/.git/worktrees/*.path
Test on deno 20.x (ubuntu-latest)	Post Checkout code	2026-09-16T08:32:49.5414549Z [command]/usr/bin/git config --local --get-all includeif.gitdir:/home/runner/work/use-m/use-m/.git.path
Test on deno 20.x (ubuntu-latest)	Post Checkout code	2026-09-16T08:32:49.5445585Z /home/runner/work/_temp/git-credentials-6dc5c596-33ee-4a9e-9017-c552853799ca.config
Test on deno 20.x (ubuntu-latest)	Post Checkout code	2026-09-16T08:32:49.5455429Z [command]/usr/bin/git config --local --unset includeif.gitdir:/home/runner/work/use-m/use-m/.git.path /home/runner/work/_temp/git-credentials-6dc5c596-33ee-4a9e-9017-c552853799ca.config
Test on deno 20.x (ubuntu-latest)	Post Checkout code	2026-09-16T08:32:49.5496526Z [command]/usr/bin/git config --local --get-all includeif.gitdir:/home/runner/work/use-m/use-m/.git/worktrees/*.path
Test on deno 20.x (ubuntu-latest)	Post Checkout code	2026-09-16T08:32:49.5523368Z /home/runner/work/_temp/git-credentials-6dc5c596-33ee-4a9e-9017-c552853799ca.config
Test on deno 20.x (ubuntu-latest)	Post Checkout code	2026-09-16T08:32:49.5535662Z [command]/usr/bin/git config --local --unset includeif.gitdir:/home/runner/work/use-m/use-m/.git/worktrees/*.path /home/runner/work/_temp/git-credentials-6dc5c596-33ee-4a9e-9017-c552853799ca.config
Test on deno 20.x (ubuntu-latest)	Post Checkout code	2026-09-16T08:32:49.5574851Z [command]/usr/bin/git config --local --get-all includeif.gitdir:/github/workspace/.git.path
Test on deno 20.x (ubuntu-latest)	Post Checkout code	2026-09-16T08:32:49.5598179Z /github/runner_temp/git-credentials-6dc5c596-33ee-4a9e-9017-c552853799ca.config
Test on deno 20.x (ubuntu-latest)	Post Checkout code	2026-09-16T08:32:49.5608396Z [command]/usr/bin/git config --local --unset includeif.gitdir:/github/workspace/.git.path /github/runner_temp/git-credentials-6dc5c596-33ee-4a9e-9017-c552853799ca.config
Test on deno 20.x (ubuntu-latest)	Post Checkout code	2026-09-16T08:32:49.5643307Z [command]/usr/bin/git config --local --get-all includeif.gitdir:/github/workspace/.git/worktrees/*.path
Test on deno 20.x (ubuntu-latest)	Post Checkout code	2026-09-16T08:32:49.5672236Z /github/runner_temp/git-credentials-6dc5c596-33ee-4a9e-9017-c552853799ca.config
Test on deno 20.x (ubuntu-latest)	Post Checkout code	2026-09-16T08:32:49.5698459Z [command]/usr/bin/git config --local --unset includeif.gitdir:/github/workspace/.git/worktrees/*.path /github/runner_temp/git-credentials-6dc5c596-33ee-4a9e-9017-c552853799ca.config
Test on deno 20.x (ubuntu-latest)	Post Checkout code	2026-09-16T08:32:49.5737023Z [command]/usr/bin/git submodule foreach --recursive git config --local --show-origin --name-only --get-regexp remote.origin.url
Test on deno 20.x (ubuntu-latest)	Post Checkout code	2026-09-16T08:32:49.5985141Z Removing credentials config '/home/runner/work/_temp/git-credentials-6dc5c596-33ee-4a9e-9017-c552853799ca.config'
Test on deno 20.x (ubuntu-latest)	Complete job	﻿2026-09-16T08:32:49.6156428Z Cleaning up orphan processes
Test on node 22.x (macos-latest)	Set up job	﻿2026-09-16T08:32:17.2242960Z Current runner version: '2.337.0'
Test on node 22.x (macos-latest)	Set up job	2026-09-16T08:32:17.2261970Z ##[group]Runner Image Provisioner
Test on node 22.x (macos-latest)	Set up job	2026-09-16T08:32:17.2262660Z Hosted Compute Agent
Test on node 22.x (macos-latest)	Set up job	2026-09-16T08:32:17.2263080Z Version: 20260828.587
Test on node 22.x (macos-latest)	Set up job	2026-09-16T08:32:17.2263550Z Commit: abac92662cab4cc7352de4f9f9d2e2419aad9c29
Test on node 22.x (macos-latest)	Set up job	2026-09-16T08:32:17.2264040Z Build Date: 2026-08-28T16:44:25Z
Test on node 22.x (macos-latest)	Set up job	2026-09-16T08:32:17.2264630Z Worker ID: {d74ffd43-9e0b-45bd-b4f9-dfec3f7e664e}
Test on node 22.x (macos-latest)	Set up job	2026-09-16T08:32:17.2265170Z Azure Region: westus
Test on node 22.x (macos-latest)	Set up job	2026-09-16T08:32:17.2265670Z ##[endgroup]
Test on node 22.x (macos-latest)	Set up job	2026-09-16T08:32:17.2266700Z ##[group]Operating System
Test on node 22.x (macos-latest)	Set up job	2026-09-16T08:32:17.2267280Z macOS
Test on node 22.x (macos-latest)	Set up job	2026-09-16T08:32:17.2267650Z 26.6.2
Test on node 22.x (macos-latest)	Set up job	2026-09-16T08:32:17.2268070Z 25G83
Test on node 22.x (macos-latest)	Set up job	2026-09-16T08:32:17.2268430Z ##[endgroup]
Test on node 22.x (macos-latest)	Set up job	2026-09-16T08:32:17.2268810Z ##[group]Runner Image
Test on node 22.x (macos-latest)	Set up job	2026-09-16T08:32:17.2269390Z Image: macos-26-arm64
Test on node 22.x (macos-latest)	Set up job	2026-09-16T08:32:17.2269930Z Version: 20260907.0351.1
Test on node 22.x (macos-latest)	Set up job	2026-09-16T08:32:17.2270690Z Included Software: https://github.com/actions/runner-images/blob/macos-26-arm64/20260907.0351/images/macos/macos-26-arm64-Readme.md
Test on node 22.x (macos-latest)	Set up job	2026-09-16T08:32:17.2271950Z Image Release: https://github.com/actions/runner-images/releases/tag/macos-26-arm64%2F20260907.0351
Test on node 22.x (macos-latest)	Set up job	2026-09-16T08:32:17.2272960Z ##[endgroup]
Test on node 22.x (macos-latest)	Set up job	2026-09-16T08:32:17.2273900Z ##[group]GITHUB_TOKEN Permissions
Test on node 22.x (macos-latest)	Set up job	2026-09-16T08:32:17.2275160Z Contents: read
Test on node 22.x (macos-latest)	Set up job	2026-09-16T08:32:17.2275540Z Metadata: read
Test on node 22.x (macos-latest)	Set up job	2026-09-16T08:32:17.2276050Z ##[endgroup]
Test on node 22.x (macos-latest)	Set up job	2026-09-16T08:32:17.2277690Z Secret source: Actions
Test on node 22.x (macos-latest)	Set up job	2026-09-16T08:32:17.2278520Z Cache mode: write
Test on node 22.x (macos-latest)	Set up job	2026-09-16T08:32:17.2279230Z Prepare workflow directory
Test on node 22.x (macos-latest)	Set up job	2026-09-16T08:32:17.2497490Z Prepare all required actions
Test on node 22.x (macos-latest)	Set up job	2026-09-16T08:32:17.2531400Z Getting action download info
Test on node 22.x (macos-latest)	Set up job	2026-09-16T08:32:17.4320400Z Download action repository 'actions/checkout@v6' (SHA:d23441a48e516b6c34aea4fa41551a30e30af803)
Test on node 22.x (macos-latest)	Set up job	2026-09-16T08:32:17.6477210Z Download action repository 'actions/setup-node@v6' (SHA:249970729cb0ef3589644e2896645e5dc5ba9c38)
Test on node 22.x (macos-latest)	Set up job	2026-09-16T08:32:17.7402750Z Download action repository 'oven-sh/setup-bun@v2' (SHA:0c5077e51419868618aeaa5fe8019c62421857d6)
Test on node 22.x (macos-latest)	Set up job	2026-09-16T08:32:18.3996830Z Download action repository 'denoland/setup-deno@v2' (SHA:22d081ff2d3a40755e97629de92e3bcbfa7cf2ed)
Test on node 22.x (macos-latest)	Set up job	2026-09-16T08:32:19.1075980Z Complete job name: Test on node 22.x (macos-latest)
Test on node 22.x (macos-latest)	Checkout code	﻿2026-09-16T08:32:19.1606590Z ##[group]Run actions/checkout@v6
Test on node 22.x (macos-latest)	Checkout code	2026-09-16T08:32:19.1607490Z with:
Test on node 22.x (macos-latest)	Checkout code	2026-09-16T08:32:19.1608080Z   repository: link-foundation/use-m
Test on node 22.x (macos-latest)	Checkout code	2026-09-16T08:32:19.1614290Z   token: ***
Test on node 22.x (macos-latest)	Checkout code	2026-09-16T08:32:19.1614850Z   ssh-strict: true
Test on node 22.x (macos-latest)	Checkout code	2026-09-16T08:32:19.1615420Z   ssh-user: git
Test on node 22.x (macos-latest)	Checkout code	2026-09-16T08:32:19.1616060Z   persist-credentials: true
Test on node 22.x (macos-latest)	Checkout code	2026-09-16T08:32:19.1616700Z   clean: true
Test on node 22.x (macos-latest)	Checkout code	2026-09-16T08:32:19.1617350Z   sparse-checkout-cone-mode: true
Test on node 22.x (macos-latest)	Checkout code	2026-09-16T08:32:19.1618030Z   fetch-depth: 1
Test on node 22.x (macos-latest)	Checkout code	2026-09-16T08:32:19.1618600Z   fetch-tags: false
Test on node 22.x (macos-latest)	Checkout code	2026-09-16T08:32:19.1619180Z   show-progress: true
Test on node 22.x (macos-latest)	Checkout code	2026-09-16T08:32:19.1619760Z   lfs: false
Test on node 22.x (macos-latest)	Checkout code	2026-09-16T08:32:19.1620310Z   submodules: false
Test on node 22.x (macos-latest)	Checkout code	2026-09-16T08:32:19.1620920Z   set-safe-directory: true
Test on node 22.x (macos-latest)	Checkout code	2026-09-16T08:32:19.1621580Z   allow-unsafe-pr-checkout: false
Test on node 22.x (macos-latest)	Checkout code	2026-09-16T08:32:19.1622380Z ##[endgroup]
Test on node 22.x (macos-latest)	Checkout code	2026-09-16T08:32:19.4988770Z Syncing repository: link-foundation/use-m
Test on node 22.x (macos-latest)	Checkout code	2026-09-16T08:32:19.4990910Z ##[group]Getting Git version info
Test on node 22.x (macos-latest)	Checkout code	2026-09-16T08:32:19.5037940Z Working directory is '/Users/runner/work/use-m/use-m'
Test on node 22.x (macos-latest)	Checkout code	2026-09-16T08:32:19.5040130Z [command]/opt/homebrew/bin/git version
Test on node 22.x (macos-latest)	Checkout code	2026-09-16T08:32:19.5486360Z git version 2.55.0
Test on node 22.x (macos-latest)	Checkout code	2026-09-16T08:32:19.5505070Z ##[endgroup]
Test on node 22.x (macos-latest)	Checkout code	2026-09-16T08:32:19.5511820Z Copying '/Users/runner/.gitconfig' to '/Users/runner/work/_temp/17eee7e3-5a04-4f3c-ba41-06f715af1f0e/.gitconfig'
Test on node 22.x (macos-latest)	Checkout code	2026-09-16T08:32:19.5518860Z Temporarily overriding HOME='/Users/runner/work/_temp/17eee7e3-5a04-4f3c-ba41-06f715af1f0e' before making global git config changes
Test on node 22.x (macos-latest)	Checkout code	2026-09-16T08:32:19.5520640Z Adding repository directory to the temporary git global config as a safe directory
Test on node 22.x (macos-latest)	Checkout code	2026-09-16T08:32:19.5522230Z [command]/opt/homebrew/bin/git config --global --add safe.directory /Users/runner/work/use-m/use-m
Test on node 22.x (macos-latest)	Checkout code	2026-09-16T08:32:19.5617830Z Deleting the contents of '/Users/runner/work/use-m/use-m'
Test on node 22.x (macos-latest)	Checkout code	2026-09-16T08:32:19.5620600Z ##[group]Determining repository object format
Test on node 22.x (macos-latest)	Checkout code	2026-09-16T08:32:19.5622030Z ##[endgroup]
Test on node 22.x (macos-latest)	Checkout code	2026-09-16T08:32:19.5623340Z ##[group]Initializing the repository
Test on node 22.x (macos-latest)	Checkout code	2026-09-16T08:32:19.5625230Z [command]/opt/homebrew/bin/git init /Users/runner/work/use-m/use-m
Test on node 22.x (macos-latest)	Checkout code	2026-09-16T08:32:19.5811220Z hint: Using 'master' as the name for the initial branch. This default branch name
Test on node 22.x (macos-latest)	Checkout code	2026-09-16T08:32:19.5812860Z hint: will change to "main" in Git 3.0. To configure the initial branch name
Test on node 22.x (macos-latest)	Checkout code	2026-09-16T08:32:19.5814150Z hint: to use in all of your new repositories, which will suppress this warning,
Test on node 22.x (macos-latest)	Checkout code	2026-09-16T08:32:19.5815160Z hint: call:
Test on node 22.x (macos-latest)	Checkout code	2026-09-16T08:32:19.5815700Z hint:
Test on node 22.x (macos-latest)	Checkout code	2026-09-16T08:32:19.5816360Z hint: 	git config --global init.defaultBranch <name>
Test on node 22.x (macos-latest)	Checkout code	2026-09-16T08:32:19.5817170Z hint:
Test on node 22.x (macos-latest)	Checkout code	2026-09-16T08:32:19.5817970Z hint: Names commonly chosen instead of 'master' are 'main', 'trunk' and
Test on node 22.x (macos-latest)	Checkout code	2026-09-16T08:32:19.5819150Z hint: 'development'. The just-created branch can be renamed via this command:
Test on node 22.x (macos-latest)	Checkout code	2026-09-16T08:32:19.5820180Z hint:
Test on node 22.x (macos-latest)	Checkout code	2026-09-16T08:32:19.5820740Z hint: 	git branch -m <name>
Test on node 22.x (macos-latest)	Checkout code	2026-09-16T08:32:19.5821440Z hint:
Test on node 22.x (macos-latest)	Checkout code	2026-09-16T08:32:19.5822290Z hint: Disable this message with "git config set advice.defaultBranchName false"
Test on node 22.x (macos-latest)	Checkout code	2026-09-16T08:32:19.5823540Z Initialized empty Git repository in /Users/runner/work/use-m/use-m/.git/
Test on node 22.x (macos-latest)	Checkout code	2026-09-16T08:32:19.5825900Z [command]/opt/homebrew/bin/git remote add origin https://github.com/link-foundation/use-m
Test on node 22.x (macos-latest)	Checkout code	2026-09-16T08:32:19.6656140Z ##[endgroup]
Test on node 22.x (macos-latest)	Checkout code	2026-09-16T08:32:19.6657810Z ##[group]Disabling automatic garbage collection
Test on node 22.x (macos-latest)	Checkout code	2026-09-16T08:32:19.6658830Z [command]/opt/homebrew/bin/git config --local gc.auto 0
Test on node 22.x (macos-latest)	Checkout code	2026-09-16T08:32:19.6775530Z ##[endgroup]
Test on node 22.x (macos-latest)	Checkout code	2026-09-16T08:32:19.6776920Z ##[group]Setting up auth
Test on node 22.x (macos-latest)	Checkout code	2026-09-16T08:32:19.6777780Z Removing SSH command configuration
Test on node 22.x (macos-latest)	Checkout code	2026-09-16T08:32:19.6779350Z [command]/opt/homebrew/bin/git config --local --name-only --get-regexp core\.sshCommand
Test on node 22.x (macos-latest)	Checkout code	2026-09-16T08:32:19.6840730Z [command]/opt/homebrew/bin/git submodule foreach --recursive sh -c "git config --local --name-only --get-regexp 'core\.sshCommand' && git config --local --unset-all 'core.sshCommand' || :"
Test on node 22.x (macos-latest)	Checkout code	2026-09-16T08:32:19.8026680Z Removing HTTP extra header
Test on node 22.x (macos-latest)	Checkout code	2026-09-16T08:32:19.8030030Z [command]/opt/homebrew/bin/git config --local --name-only --get-regexp http\.https\:\/\/github\.com\/\.extraheader
Test on node 22.x (macos-latest)	Checkout code	2026-09-16T08:32:19.8087380Z [command]/opt/homebrew/bin/git submodule foreach --recursive sh -c "git config --local --name-only --get-regexp 'http\.https\:\/\/github\.com\/\.extraheader' && git config --local --unset-all 'http.https://github.com/.extraheader' || :"
Test on node 22.x (macos-latest)	Checkout code	2026-09-16T08:32:19.8774770Z Removing includeIf entries pointing to credentials config files
Test on node 22.x (macos-latest)	Checkout code	2026-09-16T08:32:19.8778230Z [command]/opt/homebrew/bin/git config --local --name-only --get-regexp ^includeIf\.gitdir:
Test on node 22.x (macos-latest)	Checkout code	2026-09-16T08:32:19.8837040Z [command]/opt/homebrew/bin/git submodule foreach --recursive git config --local --show-origin --name-only --get-regexp remote.origin.url
Test on node 22.x (macos-latest)	Checkout code	2026-09-16T08:32:20.0059530Z [command]/opt/homebrew/bin/git config --file /Users/runner/work/_temp/git-credentials-956e396e-e794-49dc-b453-c65e55826ff0.config http.https://github.com/.extraheader AUTHORIZATION: basic ***
Test on node 22.x (macos-latest)	Checkout code	2026-09-16T08:32:20.0211610Z [command]/opt/homebrew/bin/git config --local includeIf.gitdir:/Users/runner/work/use-m/use-m/.git.path /Users/runner/work/_temp/git-credentials-956e396e-e794-49dc-b453-c65e55826ff0.config
Test on node 22.x (macos-latest)	Checkout code	2026-09-16T08:32:20.0269610Z [command]/opt/homebrew/bin/git config --local includeIf.gitdir:/Users/runner/work/use-m/use-m/.git/worktrees/*.path /Users/runner/work/_temp/git-credentials-956e396e-e794-49dc-b453-c65e55826ff0.config
Test on node 22.x (macos-latest)	Checkout code	2026-09-16T08:32:20.0275290Z [command]/opt/homebrew/bin/git config --local includeIf.gitdir:/github/workspace/.git.path /github/runner_temp/git-credentials-956e396e-e794-49dc-b453-c65e55826ff0.config
Test on node 22.x (macos-latest)	Checkout code	2026-09-16T08:32:20.0279500Z [command]/opt/homebrew/bin/git config --local includeIf.gitdir:/github/workspace/.git/worktrees/*.path /github/runner_temp/git-credentials-956e396e-e794-49dc-b453-c65e55826ff0.config
Test on node 22.x (macos-latest)	Checkout code	2026-09-16T08:32:20.0346210Z ##[endgroup]
Test on node 22.x (macos-latest)	Checkout code	2026-09-16T08:32:20.0350280Z ##[group]Fetching the repository
Test on node 22.x (macos-latest)	Checkout code	2026-09-16T08:32:20.0354150Z [command]/opt/homebrew/bin/git -c protocol.version=2 fetch --no-tags --prune --no-recurse-submodules --depth=1 origin +cf37a7ea6b52c4c42810335e94425a7a2381cf13:refs/remotes/pull/51/merge
Test on node 22.x (macos-latest)	Checkout code	2026-09-16T08:32:21.2362690Z From https://github.com/link-foundation/use-m
Test on node 22.x (macos-latest)	Checkout code	2026-09-16T08:32:21.2372300Z  * [new ref]         cf37a7ea6b52c4c42810335e94425a7a2381cf13 -> pull/51/merge
Test on node 22.x (macos-latest)	Checkout code	2026-09-16T08:32:21.2385050Z ##[endgroup]
Test on node 22.x (macos-latest)	Checkout code	2026-09-16T08:32:21.2385470Z ##[group]Determining the checkout info
Test on node 22.x (macos-latest)	Checkout code	2026-09-16T08:32:21.2385880Z ##[endgroup]
Test on node 22.x (macos-latest)	Checkout code	2026-09-16T08:32:21.2386170Z [command]/opt/homebrew/bin/git sparse-checkout disable
Test on node 22.x (macos-latest)	Checkout code	2026-09-16T08:32:21.2448020Z [command]/opt/homebrew/bin/git config --local --unset-all extensions.worktreeConfig
Test on node 22.x (macos-latest)	Checkout code	2026-09-16T08:32:21.2506470Z ##[group]Checking out the ref
Test on node 22.x (macos-latest)	Checkout code	2026-09-16T08:32:21.2509210Z [command]/opt/homebrew/bin/git checkout --progress --force refs/remotes/pull/51/merge
Test on node 22.x (macos-latest)	Checkout code	2026-09-16T08:32:21.2969210Z HEAD is now at cf37a7e Merge a09e0e662b832c8e029f25fa3f31715ebf733eff into 5378cba033e9105307a25e3f1a176ff689b716f0
Test on node 22.x (macos-latest)	Checkout code	2026-09-16T08:32:21.2978100Z ##[endgroup]
Test on node 22.x (macos-latest)	Checkout code	2026-09-16T08:32:21.3070540Z [command]/opt/homebrew/bin/git log -1 --format=%H
Test on node 22.x (macos-latest)	Checkout code	2026-09-16T08:32:21.3144770Z cf37a7ea6b52c4c42810335e94425a7a2381cf13
Test on node 22.x (macos-latest)	Setup Node.js	﻿2026-09-16T08:32:21.3551200Z ##[group]Run actions/setup-node@v6
Test on node 22.x (macos-latest)	Setup Node.js	2026-09-16T08:32:21.3551500Z with:
Test on node 22.x (macos-latest)	Setup Node.js	2026-09-16T08:32:21.3551710Z   node-version: 22.x
Test on node 22.x (macos-latest)	Setup Node.js	2026-09-16T08:32:21.3551910Z   cache: npm
Test on node 22.x (macos-latest)	Setup Node.js	2026-09-16T08:32:21.3552100Z   check-latest: false
Test on node 22.x (macos-latest)	Setup Node.js	2026-09-16T08:32:21.3554570Z   token: ***
Test on node 22.x (macos-latest)	Setup Node.js	2026-09-16T08:32:21.3554790Z   package-manager-cache: true
Test on node 22.x (macos-latest)	Setup Node.js	2026-09-16T08:32:21.3555010Z ##[endgroup]
Test on node 22.x (macos-latest)	Setup Node.js	2026-09-16T08:32:21.4781200Z Found in cache @ /Users/runner/hostedtoolcache/node/22.23.2/arm64
Test on node 22.x (macos-latest)	Setup Node.js	2026-09-16T08:32:21.4784470Z ##[group]Environment details
Test on node 22.x (macos-latest)	Setup Node.js	2026-09-16T08:32:21.9863380Z node: v22.23.2
Test on node 22.x (macos-latest)	Setup Node.js	2026-09-16T08:32:21.9864100Z npm: 10.9.8
Test on node 22.x (macos-latest)	Setup Node.js	2026-09-16T08:32:21.9864530Z yarn: 1.22.22
Test on node 22.x (macos-latest)	Setup Node.js	2026-09-16T08:32:21.9865220Z ##[endgroup]
Test on node 22.x (macos-latest)	Setup Node.js	2026-09-16T08:32:21.9881340Z [command]/Users/runner/hostedtoolcache/node/22.23.2/arm64/bin/npm config get cache
Test on node 22.x (macos-latest)	Setup Node.js	2026-09-16T08:32:22.1292870Z /Users/runner/.npm
Test on node 22.x (macos-latest)	Setup Node.js	2026-09-16T08:32:22.2173690Z Cache hit for: node-cache-macOS-arm64-npm-12813ae39a61b5fed7681502803cfede24735d033f8430fc26d535be6b212b6a
Test on node 22.x (macos-latest)	Setup Node.js	2026-09-16T08:32:22.3936780Z Received 14454372 of 14454372 (100.0%), 102.9 MBs/sec
Test on node 22.x (macos-latest)	Setup Node.js	2026-09-16T08:32:22.3939740Z Cache Size: ~14 MB (14454372 B)
Test on node 22.x (macos-latest)	Setup Node.js	2026-09-16T08:32:22.3983180Z [command]/opt/homebrew/bin/gtar -xf /Users/runner/work/_temp/9dd5b050-fc76-4963-b9ca-0748973b9208/cache.tzst -P -C /Users/runner/work/use-m/use-m --delay-directory-restore --use-compress-program unzstd
Test on node 22.x (macos-latest)	Setup Node.js	2026-09-16T08:32:22.6095960Z Cache restored successfully
Test on node 22.x (macos-latest)	Setup Node.js	2026-09-16T08:32:22.6104100Z Cache restored from key: node-cache-macOS-arm64-npm-12813ae39a61b5fed7681502803cfede24735d033f8430fc26d535be6b212b6a
Test on node 22.x (macos-latest)	Install dependencies	﻿2026-09-16T08:32:22.6223220Z ##[group]Run npm ci --no-audit --no-fund
Test on node 22.x (macos-latest)	Install dependencies	2026-09-16T08:32:22.6223540Z ^[[36;1mnpm ci --no-audit --no-fund^[[0m
Test on node 22.x (macos-latest)	Install dependencies	2026-09-16T08:32:22.6263310Z shell: /bin/bash -e {0}
Test on node 22.x (macos-latest)	Install dependencies	2026-09-16T08:32:22.6263530Z ##[endgroup]
Test on node 22.x (macos-latest)	Install dependencies	2026-09-16T08:32:31.0863620Z 
Test on node 22.x (macos-latest)	Install dependencies	2026-09-16T08:32:31.0873700Z added 477 packages in 8s
Test on node 22.x (macos-latest)	Run Node.js tests	﻿2026-09-16T08:32:31.1812420Z ##[group]Run npm test -- --runInBand
Test on node 22.x (macos-latest)	Run Node.js tests	2026-09-16T08:32:31.1812870Z ^[[36;1mnpm test -- --runInBand^[[0m
Test on node 22.x (macos-latest)	Run Node.js tests	2026-09-16T08:32:31.1851630Z shell: /bin/bash -e {0}
Test on node 22.x (macos-latest)	Run Node.js tests	2026-09-16T08:32:31.1851940Z ##[endgroup]
Test on node 22.x (macos-latest)	Run Node.js tests	2026-09-16T08:32:31.4271180Z 
Test on node 22.x (macos-latest)	Run Node.js tests	2026-09-16T08:32:31.4274190Z > use-m@8.16.0 test
Test on node 22.x (macos-latest)	Run Node.js tests	2026-09-16T08:32:31.4274930Z > NODE_OPTIONS="--experimental-vm-modules" jest --runInBand
Test on node 22.x (macos-latest)	Run Node.js tests	2026-09-16T08:32:31.4299120Z 
Test on node 22.x (macos-latest)	Run Node.js tests	2026-09-16T08:32:31.9229800Z (node:1318) ExperimentalWarning: VM Modules is an experimental feature and might change at any time
Test on node 22.x (macos-latest)	Run Node.js tests	2026-09-16T08:32:31.9239040Z (Use `node --trace-warnings ...` to show where the warning was created)
Test on node 22.x (macos-latest)	Run Node.js tests	2026-09-16T08:32:34.9263740Z PASS tests/npm-global-prefix.test.cjs
Test on node 22.x (macos-latest)	Run Node.js tests	2026-09-16T08:32:38.1112110Z PASS tests/npm-global-prefix.test.mjs
Test on node 22.x (macos-latest)	Run Node.js tests	2026-09-16T08:32:38.2212430Z PASS tests/load.test.mjs
Test on node 22.x (macos-latest)	Run Node.js tests	2026-09-16T08:32:38.3314390Z PASS tests/load.test.cjs
Test on node 22.x (macos-latest)	Run Node.js tests	2026-09-16T08:32:38.3957280Z PASS tests/builtin-nodejs.test.cjs
Test on node 22.x (macos-latest)	Run Node.js tests	2026-09-16T08:32:38.4483260Z PASS tests/builtin-nodejs.test.mjs
Test on node 22.x (macos-latest)	Run Node.js tests	2026-09-16T08:32:38.5085860Z PASS tests/fs-promises.test.mjs
Test on node 22.x (macos-latest)	Run Node.js tests	2026-09-16T08:32:38.5808700Z PASS tests/builtin-backward-compatibility.test.cjs
Test on node 22.x (macos-latest)	Run Node.js tests	2026-09-16T08:32:38.6608400Z PASS tests/builtin-backward-compatibility.test.mjs
Test on node 22.x (macos-latest)	Run Node.js tests	2026-09-16T08:32:38.7041840Z PASS tests/release-workflow-policy.test.mjs
Test on node 22.x (macos-latest)	Run Node.js tests	2026-09-16T08:32:38.7525230Z PASS tests/fallback.test.cjs
Test on node 22.x (macos-latest)	Run Node.js tests	2026-09-16T08:32:38.7997540Z PASS tests/fallback.test.mjs
Test on node 22.x (macos-latest)	Run Node.js tests	2026-09-16T08:32:43.0682680Z PASS tests/resolvers.test.mjs
Test on node 22.x (macos-latest)	Run Node.js tests	2026-09-16T08:32:47.9282040Z PASS tests/builtin-browser.test.mjs
Test on node 22.x (macos-latest)	Run Node.js tests	2026-09-16T08:32:50.1049540Z PASS tests/relative-paths-browser.test.mjs
Test on node 22.x (macos-latest)	Run Node.js tests	2026-09-16T08:32:52.0974840Z PASS tests/resolvers.test.cjs
Test on node 22.x (macos-latest)	Run Node.js tests	2026-09-16T08:32:53.9937040Z PASS tests/use.test.cjs
Test on node 22.x (macos-latest)	Run Node.js tests	2026-09-16T08:32:54.0385550Z PASS tests/filename.test.mjs
Test on node 22.x (macos-latest)	Run Node.js tests	2026-09-16T08:32:54.1030050Z PASS tests/root-entries.test.mjs
Test on node 22.x (macos-latest)	Run Node.js tests	2026-09-16T08:32:54.9464060Z PASS tests/use.test.mjs
Test on node 22.x (macos-latest)	Run Node.js tests	2026-09-16T08:32:54.9989580Z (node:1318) [DEP0125] DeprecationWarning: The _stream_wrap module is deprecated.
Test on node 22.x (macos-latest)	Run Node.js tests	2026-09-16T08:32:54.9990440Z (node:1318) [DEP0025] DeprecationWarning: sys is deprecated. Use util instead.
Test on node 22.x (macos-latest)	Run Node.js tests	2026-09-16T08:32:54.9991200Z (node:1318) ExperimentalWarning: WASI is an experimental feature and might change at any time
Test on node 22.x (macos-latest)	Run Node.js tests	2026-09-16T08:32:55.0006960Z PASS tests/dynamic-builtins.test.cjs
Test on node 22.x (macos-latest)	Run Node.js tests	2026-09-16T08:32:55.1091530Z PASS tests/dynamic-builtins.test.mjs
Test on node 22.x (macos-latest)	Run Node.js tests	2026-09-16T08:32:55.1744780Z PASS tests/filename.test.cjs
Test on node 22.x (macos-latest)	Run Node.js tests	2026-09-16T08:32:57.3488730Z PASS tests/esm-sh-polyfill-browser.test.mjs
Test on node 22.x (macos-latest)	Run Node.js tests	2026-09-16T08:32:57.7650250Z PASS tests/builtin-errors.test.mjs
Test on node 22.x (macos-latest)	Run Node.js tests	2026-09-16T08:32:58.0231010Z PASS tests/builtin-errors.test.cjs
Test on node 22.x (macos-latest)	Run Node.js tests	2026-09-16T08:32:58.4543390Z PASS tests/relative-paths.test.cjs
Test on node 22.x (macos-latest)	Run Node.js tests	2026-09-16T08:32:58.6224100Z PASS tests/relative-paths.test.mjs
Test on node 22.x (macos-latest)	Run Node.js tests	2026-09-16T08:32:58.6756880Z PASS tests/module-specifier.test.cjs
Test on node 22.x (macos-latest)	Run Node.js tests	2026-09-16T08:32:58.7325260Z PASS tests/module-specifier.test.mjs
Test on node 22.x (macos-latest)	Run Node.js tests	2026-09-16T08:32:58.7835680Z PASS tests/deno-support.test.cjs
Test on node 22.x (macos-latest)	Run Node.js tests	2026-09-16T08:32:58.8328880Z PASS tests/deno-support.test.mjs
Test on node 22.x (macos-latest)	Run Node.js tests	2026-09-16T08:32:59.1496980Z PASS tests/relative-paths.integration.test.mjs
Test on node 22.x (macos-latest)	Run Node.js tests	2026-09-16T08:32:59.1566210Z   ● Console
Test on node 22.x (macos-latest)	Run Node.js tests	2026-09-16T08:32:59.1566530Z 
Test on node 22.x (macos-latest)	Run Node.js tests	2026-09-16T08:32:59.1566740Z     console.log
Test on node 22.x (macos-latest)	Run Node.js tests	2026-09-16T08:32:59.1567250Z       /Users/runner/work/use-m/use-m/tests
Test on node 22.x (macos-latest)	Run Node.js tests	2026-09-16T08:32:59.1567640Z 
Test on node 22.x (macos-latest)	Run Node.js tests	2026-09-16T08:32:59.1568200Z       at Object.<anonymous> (tests/relative-paths.integration.test.mjs:29:15)
Test on node 22.x (macos-latest)	Run Node.js tests	2026-09-16T08:32:59.1568640Z 
Test on node 22.x (macos-latest)	Run Node.js tests	2026-09-16T08:32:59.1568810Z     console.log
Test on node 22.x (macos-latest)	Run Node.js tests	2026-09-16T08:32:59.1569230Z       Testing relative paths from tests directory...
Test on node 22.x (macos-latest)	Run Node.js tests	2026-09-16T08:32:59.1569510Z       
Test on node 22.x (macos-latest)	Run Node.js tests	2026-09-16T08:32:59.1569900Z       1. Testing ./browser-server/test-helper.js
Test on node 22.x (macos-latest)	Run Node.js tests	2026-09-16T08:32:59.1570350Z          ✓ Message: Helper module loaded
Test on node 22.x (macos-latest)	Run Node.js tests	2026-09-16T08:32:59.1570660Z       
Test on node 22.x (macos-latest)	Run Node.js tests	2026-09-16T08:32:59.1571000Z       2. Testing ./browser-server/test-data.json
Test on node 22.x (macos-latest)	Run Node.js tests	2026-09-16T08:32:59.1571390Z          ✓ Value: 123
Test on node 22.x (macos-latest)	Run Node.js tests	2026-09-16T08:32:59.1571720Z          ✓ Test: data
Test on node 22.x (macos-latest)	Run Node.js tests	2026-09-16T08:32:59.1571990Z       
Test on node 22.x (macos-latest)	Run Node.js tests	2026-09-16T08:32:59.1572210Z       3. Testing ../src/use.mjs
Test on node 22.x (macos-latest)	Run Node.js tests	2026-09-16T08:32:59.1572650Z          ✓ use function exists: true
Test on node 22.x (macos-latest)	Run Node.js tests	2026-09-16T08:32:59.1573930Z       
Test on node 22.x (macos-latest)	Run Node.js tests	2026-09-16T08:32:59.1574220Z       4. Testing ./browser-server/subfolder/nested.js
Test on node 22.x (macos-latest)	Run Node.js tests	2026-09-16T08:32:59.1574620Z          ✓ Nested: true Level: subfolder
Test on node 22.x (macos-latest)	Run Node.js tests	2026-09-16T08:32:59.1574960Z       
Test on node 22.x (macos-latest)	Run Node.js tests	2026-09-16T08:32:59.1575330Z       5. Testing ./browser-server/subfolder/nested-data.json
Test on node 22.x (macos-latest)	Run Node.js tests	2026-09-16T08:32:59.1575720Z          ✓ Level: nested Depth: 1
Test on node 22.x (macos-latest)	Run Node.js tests	2026-09-16T08:32:59.1576010Z       
Test on node 22.x (macos-latest)	Run Node.js tests	2026-09-16T08:32:59.1576280Z       6. Testing ../package.json
Test on node 22.x (macos-latest)	Run Node.js tests	2026-09-16T08:32:59.1576720Z          ✓ Package name: use-m
Test on node 22.x (macos-latest)	Run Node.js tests	2026-09-16T08:32:59.1577120Z       
Test on node 22.x (macos-latest)	Run Node.js tests	2026-09-16T08:32:59.1577550Z       ✅ All direct tests passed!
Test on node 22.x (macos-latest)	Run Node.js tests	2026-09-16T08:32:59.1577690Z 
Test on node 22.x (macos-latest)	Run Node.js tests	2026-09-16T08:32:59.1577970Z       at Object.<anonymous> (tests/relative-paths.integration.test.mjs:39:15)
Test on node 22.x (macos-latest)	Run Node.js tests	2026-09-16T08:32:59.1582480Z 
Test on node 22.x (macos-latest)	Run Node.js tests	2026-09-16T08:32:59.2043690Z PASS tests/builtin-universal.test.cjs
Test on node 22.x (macos-latest)	Run Node.js tests	2026-09-16T08:32:59.2538430Z PASS tests/builtin-universal.test.mjs
Test on node 22.x (macos-latest)	Run Node.js tests	2026-09-16T08:32:59.7666710Z PASS tests/loader.test.mjs
Test on node 22.x (macos-latest)	Run Node.js tests	2026-09-16T08:32:59.8482660Z PASS tests/network-imports.test.mjs
Test on node 22.x (macos-latest)	Run Node.js tests	2026-09-16T08:32:59.9264790Z PASS tests/network-imports.test.cjs
Test on node 22.x (macos-latest)	Run Node.js tests	2026-09-16T08:32:59.9669840Z PASS tests/script-sync.test.mjs
Test on node 22.x (macos-latest)	Run Node.js tests	2026-09-16T08:33:01.6453000Z PASS tests/lodash.test.mjs
Test on node 22.x (macos-latest)	Run Node.js tests	2026-09-16T08:33:01.6884400Z PASS tests/get-script-url.test.cjs
Test on node 22.x (macos-latest)	Run Node.js tests	2026-09-16T08:33:03.1357980Z PASS tests/lodash.test.cjs
Test on node 22.x (macos-latest)	Run Node.js tests	2026-09-16T08:33:03.1775270Z PASS tests/get-script-url.test.mjs
Test on node 22.x (macos-latest)	Run Node.js tests	2026-09-16T08:33:03.8417160Z PASS tests/command-stream.test.cjs
Test on node 22.x (macos-latest)	Run Node.js tests	2026-09-16T08:33:04.1623860Z PASS tests/command-stream.test.mjs
Test on node 22.x (macos-latest)	Run Node.js tests	2026-09-16T08:33:04.2070740Z PASS tests/import.test.mjs
Test on node 22.x (macos-latest)	Run Node.js tests	2026-09-16T08:33:04.2489740Z PASS tests/import.test.cjs
Test on node 22.x (macos-latest)	Run Node.js tests	2026-09-16T08:33:05.8569540Z PASS tests/typescript.test.cjs
Test on node 22.x (macos-latest)	Run Node.js tests	2026-09-16T08:33:06.3321950Z PASS tests/typescript.test.mjs
Test on node 22.x (macos-latest)	Run Node.js tests	2026-09-16T08:33:06.3328200Z 
Test on node 22.x (macos-latest)	Run Node.js tests	2026-09-16T08:33:06.3332530Z Test Suites: 49 passed, 49 total
Test on node 22.x (macos-latest)	Run Node.js tests	2026-09-16T08:33:06.3333230Z Tests:       458 passed, 458 total
Test on node 22.x (macos-latest)	Run Node.js tests	2026-09-16T08:33:06.3333680Z Snapshots:   0 total
Test on node 22.x (macos-latest)	Run Node.js tests	2026-09-16T08:33:06.3334030Z Time:        34.541 s
Test on node 22.x (macos-latest)	Run Node.js tests	2026-09-16T08:33:06.3334250Z Ran all test suites.
Test on node 22.x (macos-latest)	Post Setup Node.js	﻿2026-09-16T08:33:06.4712560Z Post job cleanup.
Test on node 22.x (macos-latest)	Post Setup Node.js	2026-09-16T08:33:06.7913310Z Cache hit occurred on the primary key node-cache-macOS-arm64-npm-12813ae39a61b5fed7681502803cfede24735d033f8430fc26d535be6b212b6a, not saving cache.
Test on node 22.x (macos-latest)	Post Checkout code	﻿2026-09-16T08:33:06.8000790Z Post job cleanup.
Test on node 22.x (macos-latest)	Post Checkout code	2026-09-16T08:33:06.8884730Z [command]/opt/homebrew/bin/git version
Test on node 22.x (macos-latest)	Post Checkout code	2026-09-16T08:33:06.9081510Z git version 2.55.0
Test on node 22.x (macos-latest)	Post Checkout code	2026-09-16T08:33:06.9101100Z Copying '/Users/runner/.gitconfig' to '/Users/runner/work/_temp/409759b1-5b66-4e87-b04d-c11a18fa121d/.gitconfig'
Test on node 22.x (macos-latest)	Post Checkout code	2026-09-16T08:33:06.9107120Z Temporarily overriding HOME='/Users/runner/work/_temp/409759b1-5b66-4e87-b04d-c11a18fa121d' before making global git config changes
Test on node 22.x (macos-latest)	Post Checkout code	2026-09-16T08:33:06.9108140Z Adding repository directory to the temporary git global config as a safe directory
Test on node 22.x (macos-latest)	Post Checkout code	2026-09-16T08:33:06.9111030Z [command]/opt/homebrew/bin/git config --global --add safe.directory /Users/runner/work/use-m/use-m
Test on node 22.x (macos-latest)	Post Checkout code	2026-09-16T08:33:06.9213570Z Removing SSH command configuration
Test on node 22.x (macos-latest)	Post Checkout code	2026-09-16T08:33:06.9218100Z [command]/opt/homebrew/bin/git config --local --name-only --get-regexp core\.sshCommand
Test on node 22.x (macos-latest)	Post Checkout code	2026-09-16T08:33:06.9274740Z [command]/opt/homebrew/bin/git submodule foreach --recursive sh -c "git config --local --name-only --get-regexp 'core\.sshCommand' && git config --local --unset-all 'core.sshCommand' || :"
Test on node 22.x (macos-latest)	Post Checkout code	2026-09-16T08:33:06.9997510Z Removing HTTP extra header
Test on node 22.x (macos-latest)	Post Checkout code	2026-09-16T08:33:07.0001600Z [command]/opt/homebrew/bin/git config --local --name-only --get-regexp http\.https\:\/\/github\.com\/\.extraheader
Test on node 22.x (macos-latest)	Post Checkout code	2026-09-16T08:33:07.0056730Z [command]/opt/homebrew/bin/git submodule foreach --recursive sh -c "git config --local --name-only --get-regexp 'http\.https\:\/\/github\.com\/\.extraheader' && git config --local --unset-all 'http.https://github.com/.extraheader' || :"
Test on node 22.x (macos-latest)	Post Checkout code	2026-09-16T08:33:07.0678810Z Removing includeIf entries pointing to credentials config files
Test on node 22.x (macos-latest)	Post Checkout code	2026-09-16T08:33:07.0683230Z [command]/opt/homebrew/bin/git config --local --name-only --get-regexp ^includeIf\.gitdir:
Test on node 22.x (macos-latest)	Post Checkout code	2026-09-16T08:33:07.0729450Z includeif.gitdir:/Users/runner/work/use-m/use-m/.git.path
Test on node 22.x (macos-latest)	Post Checkout code	2026-09-16T08:33:07.0730010Z includeif.gitdir:/Users/runner/work/use-m/use-m/.git/worktrees/*.path
Test on node 22.x (macos-latest)	Post Checkout code	2026-09-16T08:33:07.0730450Z includeif.gitdir:/github/workspace/.git.path
Test on node 22.x (macos-latest)	Post Checkout code	2026-09-16T08:33:07.0730890Z includeif.gitdir:/github/workspace/.git/worktrees/*.path
Test on node 22.x (macos-latest)	Post Checkout code	2026-09-16T08:33:07.0735450Z [command]/opt/homebrew/bin/git config --local --get-all includeif.gitdir:/Users/runner/work/use-m/use-m/.git.path
Test on node 22.x (macos-latest)	Post Checkout code	2026-09-16T08:33:07.0785490Z /Users/runner/work/_temp/git-credentials-956e396e-e794-49dc-b453-c65e55826ff0.config
Test on node 22.x (macos-latest)	Post Checkout code	2026-09-16T08:33:07.0792050Z [command]/opt/homebrew/bin/git config --local --unset includeif.gitdir:/Users/runner/work/use-m/use-m/.git.path /Users/runner/work/_temp/git-credentials-956e396e-e794-49dc-b453-c65e55826ff0.config
Test on node 22.x (macos-latest)	Post Checkout code	2026-09-16T08:33:07.0848230Z [command]/opt/homebrew/bin/git config --local --get-all includeif.gitdir:/Users/runner/work/use-m/use-m/.git/worktrees/*.path
Test on node 22.x (macos-latest)	Post Checkout code	2026-09-16T08:33:07.0894190Z /Users/runner/work/_temp/git-credentials-956e396e-e794-49dc-b453-c65e55826ff0.config
Test on node 22.x (macos-latest)	Post Checkout code	2026-09-16T08:33:07.0900710Z [command]/opt/homebrew/bin/git config --local --unset includeif.gitdir:/Users/runner/work/use-m/use-m/.git/worktrees/*.path /Users/runner/work/_temp/git-credentials-956e396e-e794-49dc-b453-c65e55826ff0.config
Test on node 22.x (macos-latest)	Post Checkout code	2026-09-16T08:33:07.0951960Z [command]/opt/homebrew/bin/git config --local --get-all includeif.gitdir:/github/workspace/.git.path
Test on node 22.x (macos-latest)	Post Checkout code	2026-09-16T08:33:07.0998440Z /github/runner_temp/git-credentials-956e396e-e794-49dc-b453-c65e55826ff0.config
Test on node 22.x (macos-latest)	Post Checkout code	2026-09-16T08:33:07.1003620Z [command]/opt/homebrew/bin/git config --local --unset includeif.gitdir:/github/workspace/.git.path /github/runner_temp/git-credentials-956e396e-e794-49dc-b453-c65e55826ff0.config
Test on node 22.x (macos-latest)	Post Checkout code	2026-09-16T08:33:07.1055660Z [command]/opt/homebrew/bin/git config --local --get-all includeif.gitdir:/github/workspace/.git/worktrees/*.path
Test on node 22.x (macos-latest)	Post Checkout code	2026-09-16T08:33:07.1099840Z /github/runner_temp/git-credentials-956e396e-e794-49dc-b453-c65e55826ff0.config
Test on node 22.x (macos-latest)	Post Checkout code	2026-09-16T08:33:07.1108120Z [command]/opt/homebrew/bin/git config --local --unset includeif.gitdir:/github/workspace/.git/worktrees/*.path /github/runner_temp/git-credentials-956e396e-e794-49dc-b453-c65e55826ff0.config
Test on node 22.x (macos-latest)	Post Checkout code	2026-09-16T08:33:07.1163210Z [command]/opt/homebrew/bin/git submodule foreach --recursive git config --local --show-origin --name-only --get-regexp remote.origin.url
Test on node 22.x (macos-latest)	Post Checkout code	2026-09-16T08:33:07.1784360Z Removing credentials config '/Users/runner/work/_temp/git-credentials-956e396e-e794-49dc-b453-c65e55826ff0.config'
Test on node 22.x (macos-latest)	Complete job	﻿2026-09-16T08:33:07.1890090Z Cleaning up orphan processes
Test on node 22.x (ubuntu-latest)	Set up job	﻿2026-09-16T08:32:15.3549497Z Current runner version: '2.337.0'
Test on node 22.x (ubuntu-latest)	Set up job	2026-09-16T08:32:15.3575111Z ##[group]Runner Image Provisioner
Test on node 22.x (ubuntu-latest)	Set up job	2026-09-16T08:32:15.3576043Z Hosted Compute Agent
Test on node 22.x (ubuntu-latest)	Set up job	2026-09-16T08:32:15.3576720Z Version: 20260828.587
Test on node 22.x (ubuntu-latest)	Set up job	2026-09-16T08:32:15.3577454Z Commit: abac92662cab4cc7352de4f9f9d2e2419aad9c29
Test on node 22.x (ubuntu-latest)	Set up job	2026-09-16T08:32:15.3578338Z Build Date: 2026-08-28T16:44:25Z
Test on node 22.x (ubuntu-latest)	Set up job	2026-09-16T08:32:15.3579113Z Worker ID: {e80af56e-f51d-4957-8216-a44aaaf093a9}
Test on node 22.x (ubuntu-latest)	Set up job	2026-09-16T08:32:15.3580320Z Azure Region: eastus
Test on node 22.x (ubuntu-latest)	Set up job	2026-09-16T08:32:15.3580971Z ##[endgroup]
Test on node 22.x (ubuntu-latest)	Set up job	2026-09-16T08:32:15.3583285Z ##[group]Operating System
Test on node 22.x (ubuntu-latest)	Set up job	2026-09-16T08:32:15.3584090Z Ubuntu
Test on node 22.x (ubuntu-latest)	Set up job	2026-09-16T08:32:15.3584650Z 24.04.5
Test on node 22.x (ubuntu-latest)	Set up job	2026-09-16T08:32:15.3585212Z LTS
Test on node 22.x (ubuntu-latest)	Set up job	2026-09-16T08:32:15.3585883Z ##[endgroup]
Test on node 22.x (ubuntu-latest)	Set up job	2026-09-16T08:32:15.3586490Z ##[group]Runner Image
Test on node 22.x (ubuntu-latest)	Set up job	2026-09-16T08:32:15.3587158Z Image: ubuntu-24.04
Test on node 22.x (ubuntu-latest)	Set up job	2026-09-16T08:32:15.3587741Z Version: 20260907.300.1
Test on node 22.x (ubuntu-latest)	Set up job	2026-09-16T08:32:15.3588833Z Included Software: https://github.com/actions/runner-images/blob/ubuntu24/20260907.300/images/ubuntu/Ubuntu2404-Readme.md
Test on node 22.x (ubuntu-latest)	Set up job	2026-09-16T08:32:15.3590912Z Image Release: https://github.com/actions/runner-images/releases/tag/ubuntu24%2F20260907.300
Test on node 22.x (ubuntu-latest)	Set up job	2026-09-16T08:32:15.3591989Z ##[endgroup]
Test on node 22.x (ubuntu-latest)	Set up job	2026-09-16T08:32:15.3593102Z ##[group]GITHUB_TOKEN Permissions
Test on node 22.x (ubuntu-latest)	Set up job	2026-09-16T08:32:15.3595358Z Contents: read
Test on node 22.x (ubuntu-latest)	Set up job	2026-09-16T08:32:15.3596014Z Metadata: read
Test on node 22.x (ubuntu-latest)	Set up job	2026-09-16T08:32:15.3596662Z ##[endgroup]
Test on node 22.x (ubuntu-latest)	Set up job	2026-09-16T08:32:15.3598746Z Secret source: Actions
Test on node 22.x (ubuntu-latest)	Set up job	2026-09-16T08:32:15.3600147Z Cache mode: write
Test on node 22.x (ubuntu-latest)	Set up job	2026-09-16T08:32:15.3601468Z Prepare workflow directory
Test on node 22.x (ubuntu-latest)	Set up job	2026-09-16T08:32:15.3936739Z Prepare all required actions
Test on node 22.x (ubuntu-latest)	Set up job	2026-09-16T08:32:15.3985572Z Getting action download info
Test on node 22.x (ubuntu-latest)	Set up job	2026-09-16T08:32:15.6775849Z Download action repository 'actions/checkout@v6' (SHA:d23441a48e516b6c34aea4fa41551a30e30af803)
Test on node 22.x (ubuntu-latest)	Set up job	2026-09-16T08:32:15.7989387Z Download action repository 'actions/setup-node@v6' (SHA:249970729cb0ef3589644e2896645e5dc5ba9c38)
Test on node 22.x (ubuntu-latest)	Set up job	2026-09-16T08:32:15.8862207Z Download action repository 'oven-sh/setup-bun@v2' (SHA:0c5077e51419868618aeaa5fe8019c62421857d6)
Test on node 22.x (ubuntu-latest)	Set up job	2026-09-16T08:32:16.0121103Z Download action repository 'denoland/setup-deno@v2' (SHA:22d081ff2d3a40755e97629de92e3bcbfa7cf2ed)
Test on node 22.x (ubuntu-latest)	Set up job	2026-09-16T08:32:16.2310456Z Complete job name: Test on node 22.x (ubuntu-latest)
Test on node 22.x (ubuntu-latest)	Checkout code	﻿2026-09-16T08:32:16.3122525Z ##[group]Run actions/checkout@v6
Test on node 22.x (ubuntu-latest)	Checkout code	2026-09-16T08:32:16.3123434Z with:
Test on node 22.x (ubuntu-latest)	Checkout code	2026-09-16T08:32:16.3123910Z   repository: link-foundation/use-m
Test on node 22.x (ubuntu-latest)	Checkout code	2026-09-16T08:32:16.3127693Z   token: ***
Test on node 22.x (ubuntu-latest)	Checkout code	2026-09-16T08:32:16.3128140Z   ssh-strict: true
Test on node 22.x (ubuntu-latest)	Checkout code	2026-09-16T08:32:16.3128588Z   ssh-user: git
Test on node 22.x (ubuntu-latest)	Checkout code	2026-09-16T08:32:16.3129041Z   persist-credentials: true
Test on node 22.x (ubuntu-latest)	Checkout code	2026-09-16T08:32:16.3129737Z   clean: true
Test on node 22.x (ubuntu-latest)	Checkout code	2026-09-16T08:32:16.3130198Z   sparse-checkout-cone-mode: true
Test on node 22.x (ubuntu-latest)	Checkout code	2026-09-16T08:32:16.3130721Z   fetch-depth: 1
Test on node 22.x (ubuntu-latest)	Checkout code	2026-09-16T08:32:16.3131159Z   fetch-tags: false
Test on node 22.x (ubuntu-latest)	Checkout code	2026-09-16T08:32:16.3131603Z   show-progress: true
Test on node 22.x (ubuntu-latest)	Checkout code	2026-09-16T08:32:16.3132051Z   lfs: false
Test on node 22.x (ubuntu-latest)	Checkout code	2026-09-16T08:32:16.3132469Z   submodules: false
Test on node 22.x (ubuntu-latest)	Checkout code	2026-09-16T08:32:16.3132918Z   set-safe-directory: true
Test on node 22.x (ubuntu-latest)	Checkout code	2026-09-16T08:32:16.3133424Z   allow-unsafe-pr-checkout: false
Test on node 22.x (ubuntu-latest)	Checkout code	2026-09-16T08:32:16.3134220Z ##[endgroup]
Test on node 22.x (ubuntu-latest)	Checkout code	2026-09-16T08:32:16.4256392Z Syncing repository: link-foundation/use-m
Test on node 22.x (ubuntu-latest)	Checkout code	2026-09-16T08:32:16.4259414Z ##[group]Getting Git version info
Test on node 22.x (ubuntu-latest)	Checkout code	2026-09-16T08:32:16.4260990Z Working directory is '/home/runner/work/use-m/use-m'
Test on node 22.x (ubuntu-latest)	Checkout code	2026-09-16T08:32:16.4263253Z [command]/usr/bin/git version
Test on node 22.x (ubuntu-latest)	Checkout code	2026-09-16T08:32:16.4387887Z git version 2.55.0
Test on node 22.x (ubuntu-latest)	Checkout code	2026-09-16T08:32:16.4435148Z ##[endgroup]
Test on node 22.x (ubuntu-latest)	Checkout code	2026-09-16T08:32:16.4451540Z Temporarily overriding HOME='/home/runner/work/_temp/c6d85f7b-e298-40ad-8ca2-2b560d89bbaf' before making global git config changes
Test on node 22.x (ubuntu-latest)	Checkout code	2026-09-16T08:32:16.4463066Z Adding repository directory to the temporary git global config as a safe directory
Test on node 22.x (ubuntu-latest)	Checkout code	2026-09-16T08:32:16.4488253Z [command]/usr/bin/git config --global --add safe.directory /home/runner/work/use-m/use-m
Test on node 22.x (ubuntu-latest)	Checkout code	2026-09-16T08:32:16.4541300Z Deleting the contents of '/home/runner/work/use-m/use-m'
Test on node 22.x (ubuntu-latest)	Checkout code	2026-09-16T08:32:16.4545996Z ##[group]Determining repository object format
Test on node 22.x (ubuntu-latest)	Checkout code	2026-09-16T08:32:16.4548729Z ##[endgroup]
Test on node 22.x (ubuntu-latest)	Checkout code	2026-09-16T08:32:16.4549822Z ##[group]Initializing the repository
Test on node 22.x (ubuntu-latest)	Checkout code	2026-09-16T08:32:16.4560825Z [command]/usr/bin/git init /home/runner/work/use-m/use-m
Test on node 22.x (ubuntu-latest)	Checkout code	2026-09-16T08:32:16.4671963Z hint: Using 'master' as the name for the initial branch. This default branch name
Test on node 22.x (ubuntu-latest)	Checkout code	2026-09-16T08:32:16.4673901Z hint: will change to "main" in Git 3.0. To configure the initial branch name
Test on node 22.x (ubuntu-latest)	Checkout code	2026-09-16T08:32:16.4675744Z hint: to use in all of your new repositories, which will suppress this warning,
Test on node 22.x (ubuntu-latest)	Checkout code	2026-09-16T08:32:16.4676948Z hint: call:
Test on node 22.x (ubuntu-latest)	Checkout code	2026-09-16T08:32:16.4677587Z hint:
Test on node 22.x (ubuntu-latest)	Checkout code	2026-09-16T08:32:16.4678608Z hint: 	git config --global init.defaultBranch <name>
Test on node 22.x (ubuntu-latest)	Checkout code	2026-09-16T08:32:16.4679941Z hint:
Test on node 22.x (ubuntu-latest)	Checkout code	2026-09-16T08:32:16.4681181Z hint: Names commonly chosen instead of 'master' are 'main', 'trunk' and
Test on node 22.x (ubuntu-latest)	Checkout code	2026-09-16T08:32:16.4682849Z hint: 'development'. The just-created branch can be renamed via this command:
Test on node 22.x (ubuntu-latest)	Checkout code	2026-09-16T08:32:16.4684147Z hint:
Test on node 22.x (ubuntu-latest)	Checkout code	2026-09-16T08:32:16.4684948Z hint: 	git branch -m <name>
Test on node 22.x (ubuntu-latest)	Checkout code	2026-09-16T08:32:16.4685912Z hint:
Test on node 22.x (ubuntu-latest)	Checkout code	2026-09-16T08:32:16.4687069Z hint: Disable this message with "git config set advice.defaultBranchName false"
Test on node 22.x (ubuntu-latest)	Checkout code	2026-09-16T08:32:16.4688775Z Initialized empty Git repository in /home/runner/work/use-m/use-m/.git/
Test on node 22.x (ubuntu-latest)	Checkout code	2026-09-16T08:32:16.4692392Z [command]/usr/bin/git remote add origin https://github.com/link-foundation/use-m
Test on node 22.x (ubuntu-latest)	Checkout code	2026-09-16T08:32:16.4742701Z ##[endgroup]
Test on node 22.x (ubuntu-latest)	Checkout code	2026-09-16T08:32:16.4744032Z ##[group]Disabling automatic garbage collection
Test on node 22.x (ubuntu-latest)	Checkout code	2026-09-16T08:32:16.4746320Z [command]/usr/bin/git config --local gc.auto 0
Test on node 22.x (ubuntu-latest)	Checkout code	2026-09-16T08:32:16.4780449Z ##[endgroup]
Test on node 22.x (ubuntu-latest)	Checkout code	2026-09-16T08:32:16.4781989Z ##[group]Setting up auth
Test on node 22.x (ubuntu-latest)	Checkout code	2026-09-16T08:32:16.4783027Z Removing SSH command configuration
Test on node 22.x (ubuntu-latest)	Checkout code	2026-09-16T08:32:16.4790694Z [command]/usr/bin/git config --local --name-only --get-regexp core\.sshCommand
Test on node 22.x (ubuntu-latest)	Checkout code	2026-09-16T08:32:16.4833038Z [command]/usr/bin/git submodule foreach --recursive sh -c "git config --local --name-only --get-regexp 'core\.sshCommand' && git config --local --unset-all 'core.sshCommand' || :"
Test on node 22.x (ubuntu-latest)	Checkout code	2026-09-16T08:32:16.5216191Z Removing HTTP extra header
Test on node 22.x (ubuntu-latest)	Checkout code	2026-09-16T08:32:16.5217245Z [command]/usr/bin/git config --local --name-only --get-regexp http\.https\:\/\/github\.com\/\.extraheader
Test on node 22.x (ubuntu-latest)	Checkout code	2026-09-16T08:32:16.5261115Z [command]/usr/bin/git submodule foreach --recursive sh -c "git config --local --name-only --get-regexp 'http\.https\:\/\/github\.com\/\.extraheader' && git config --local --unset-all 'http.https://github.com/.extraheader' || :"
Test on node 22.x (ubuntu-latest)	Checkout code	2026-09-16T08:32:16.5483272Z Removing includeIf entries pointing to credentials config files
Test on node 22.x (ubuntu-latest)	Checkout code	2026-09-16T08:32:16.5487878Z [command]/usr/bin/git config --local --name-only --get-regexp ^includeIf\.gitdir:
Test on node 22.x (ubuntu-latest)	Checkout code	2026-09-16T08:32:16.5524416Z [command]/usr/bin/git submodule foreach --recursive git config --local --show-origin --name-only --get-regexp remote.origin.url
Test on node 22.x (ubuntu-latest)	Checkout code	2026-09-16T08:32:16.5754083Z [command]/usr/bin/git config --file /home/runner/work/_temp/git-credentials-35b65705-282e-4ba0-a25b-d987155c716b.config http.https://github.com/.extraheader AUTHORIZATION: basic ***
Test on node 22.x (ubuntu-latest)	Checkout code	2026-09-16T08:32:16.5801485Z [command]/usr/bin/git config --local includeIf.gitdir:/home/runner/work/use-m/use-m/.git.path /home/runner/work/_temp/git-credentials-35b65705-282e-4ba0-a25b-d987155c716b.config
Test on node 22.x (ubuntu-latest)	Checkout code	2026-09-16T08:32:16.5839891Z [command]/usr/bin/git config --local includeIf.gitdir:/home/runner/work/use-m/use-m/.git/worktrees/*.path /home/runner/work/_temp/git-credentials-35b65705-282e-4ba0-a25b-d987155c716b.config
Test on node 22.x (ubuntu-latest)	Checkout code	2026-09-16T08:32:16.5879275Z [command]/usr/bin/git config --local includeIf.gitdir:/github/workspace/.git.path /github/runner_temp/git-credentials-35b65705-282e-4ba0-a25b-d987155c716b.config
Test on node 22.x (ubuntu-latest)	Checkout code	2026-09-16T08:32:16.5913863Z [command]/usr/bin/git config --local includeIf.gitdir:/github/workspace/.git/worktrees/*.path /github/runner_temp/git-credentials-35b65705-282e-4ba0-a25b-d987155c716b.config
Test on node 22.x (ubuntu-latest)	Checkout code	2026-09-16T08:32:16.5942590Z ##[endgroup]
Test on node 22.x (ubuntu-latest)	Checkout code	2026-09-16T08:32:16.5943418Z ##[group]Fetching the repository
Test on node 22.x (ubuntu-latest)	Checkout code	2026-09-16T08:32:16.5953155Z [command]/usr/bin/git -c protocol.version=2 fetch --no-tags --prune --no-recurse-submodules --depth=1 origin +cf37a7ea6b52c4c42810335e94425a7a2381cf13:refs/remotes/pull/51/merge
Test on node 22.x (ubuntu-latest)	Checkout code	2026-09-16T08:32:16.9926167Z From https://github.com/link-foundation/use-m
Test on node 22.x (ubuntu-latest)	Checkout code	2026-09-16T08:32:16.9928549Z  * [new ref]         cf37a7ea6b52c4c42810335e94425a7a2381cf13 -> pull/51/merge
Test on node 22.x (ubuntu-latest)	Checkout code	2026-09-16T08:32:16.9933842Z ##[endgroup]
Test on node 22.x (ubuntu-latest)	Checkout code	2026-09-16T08:32:16.9936103Z ##[group]Determining the checkout info
Test on node 22.x (ubuntu-latest)	Checkout code	2026-09-16T08:32:16.9938405Z ##[endgroup]
Test on node 22.x (ubuntu-latest)	Checkout code	2026-09-16T08:32:16.9940558Z [command]/usr/bin/git sparse-checkout disable
Test on node 22.x (ubuntu-latest)	Checkout code	2026-09-16T08:32:17.0020398Z [command]/usr/bin/git config --local --unset-all extensions.worktreeConfig
Test on node 22.x (ubuntu-latest)	Checkout code	2026-09-16T08:32:17.0052467Z ##[group]Checking out the ref
Test on node 22.x (ubuntu-latest)	Checkout code	2026-09-16T08:32:17.0056990Z [command]/usr/bin/git checkout --progress --force refs/remotes/pull/51/merge
Test on node 22.x (ubuntu-latest)	Checkout code	2026-09-16T08:32:17.0419219Z Note: switching to 'refs/remotes/pull/51/merge'.
Test on node 22.x (ubuntu-latest)	Checkout code	2026-09-16T08:32:17.0420724Z 
Test on node 22.x (ubuntu-latest)	Checkout code	2026-09-16T08:32:17.0421446Z You are in 'detached HEAD' state. You can look around, make experimental
Test on node 22.x (ubuntu-latest)	Checkout code	2026-09-16T08:32:17.0423265Z changes and commit them, and you can discard any commits you make in this
Test on node 22.x (ubuntu-latest)	Checkout code	2026-09-16T08:32:17.0425081Z state without impacting any branches by switching back to a branch.
Test on node 22.x (ubuntu-latest)	Checkout code	2026-09-16T08:32:17.0426684Z 
Test on node 22.x (ubuntu-latest)	Checkout code	2026-09-16T08:32:17.0427869Z If you want to create a new branch to retain commits you create, you may
Test on node 22.x (ubuntu-latest)	Checkout code	2026-09-16T08:32:17.0430603Z do so (now or later) by using -c with the switch command. Example:
Test on node 22.x (ubuntu-latest)	Checkout code	2026-09-16T08:32:17.0432057Z 
Test on node 22.x (ubuntu-latest)	Checkout code	2026-09-16T08:32:17.0432670Z   git switch -c <new-branch-name>
Test on node 22.x (ubuntu-latest)	Checkout code	2026-09-16T08:32:17.0433659Z 
Test on node 22.x (ubuntu-latest)	Checkout code	2026-09-16T08:32:17.0434271Z Or undo this operation with:
Test on node 22.x (ubuntu-latest)	Checkout code	2026-09-16T08:32:17.0435272Z 
Test on node 22.x (ubuntu-latest)	Checkout code	2026-09-16T08:32:17.0435911Z   git switch -
Test on node 22.x (ubuntu-latest)	Checkout code	2026-09-16T08:32:17.0436846Z 
Test on node 22.x (ubuntu-latest)	Checkout code	2026-09-16T08:32:17.0438139Z Turn off this advice by setting config variable advice.detachedHead to false
Test on node 22.x (ubuntu-latest)	Checkout code	2026-09-16T08:32:17.0440347Z 
Test on node 22.x (ubuntu-latest)	Checkout code	2026-09-16T08:32:17.0442462Z HEAD is now at cf37a7e Merge a09e0e662b832c8e029f25fa3f31715ebf733eff into 5378cba033e9105307a25e3f1a176ff689b716f0
Test on node 22.x (ubuntu-latest)	Checkout code	2026-09-16T08:32:17.0448724Z ##[endgroup]
Test on node 22.x (ubuntu-latest)	Checkout code	2026-09-16T08:32:17.0482615Z [command]/usr/bin/git log -1 --format=%H
Test on node 22.x (ubuntu-latest)	Checkout code	2026-09-16T08:32:17.0510564Z cf37a7ea6b52c4c42810335e94425a7a2381cf13
Test on node 22.x (ubuntu-latest)	Setup Node.js	﻿2026-09-16T08:32:17.0963560Z ##[group]Run actions/setup-node@v6
Test on node 22.x (ubuntu-latest)	Setup Node.js	2026-09-16T08:32:17.0965035Z with:
Test on node 22.x (ubuntu-latest)	Setup Node.js	2026-09-16T08:32:17.0966146Z   node-version: 22.x
Test on node 22.x (ubuntu-latest)	Setup Node.js	2026-09-16T08:32:17.0967342Z   cache: npm
Test on node 22.x (ubuntu-latest)	Setup Node.js	2026-09-16T08:32:17.0968479Z   check-latest: false
Test on node 22.x (ubuntu-latest)	Setup Node.js	2026-09-16T08:32:17.0978806Z   token: ***
Test on node 22.x (ubuntu-latest)	Setup Node.js	2026-09-16T08:32:17.0980132Z   package-manager-cache: true
Test on node 22.x (ubuntu-latest)	Setup Node.js	2026-09-16T08:32:17.0981505Z ##[endgroup]
Test on node 22.x (ubuntu-latest)	Setup Node.js	2026-09-16T08:32:17.2390621Z Found in cache @ /opt/hostedtoolcache/node/22.23.2/x64
Test on node 22.x (ubuntu-latest)	Setup Node.js	2026-09-16T08:32:17.2394833Z ##[group]Environment details
Test on node 22.x (ubuntu-latest)	Setup Node.js	2026-09-16T08:32:17.6413627Z node: v22.23.2
Test on node 22.x (ubuntu-latest)	Setup Node.js	2026-09-16T08:32:17.6414251Z npm: 10.9.8
Test on node 22.x (ubuntu-latest)	Setup Node.js	2026-09-16T08:32:17.6414589Z yarn: 1.22.22
Test on node 22.x (ubuntu-latest)	Setup Node.js	2026-09-16T08:32:17.6415363Z ##[endgroup]
Test on node 22.x (ubuntu-latest)	Setup Node.js	2026-09-16T08:32:17.6435904Z [command]/opt/hostedtoolcache/node/22.23.2/x64/bin/npm config get cache
Test on node 22.x (ubuntu-latest)	Setup Node.js	2026-09-16T08:32:17.8034728Z /home/runner/.npm
Test on node 22.x (ubuntu-latest)	Setup Node.js	2026-09-16T08:32:17.8801986Z Cache hit for: node-cache-Linux-x64-npm-12813ae39a61b5fed7681502803cfede24735d033f8430fc26d535be6b212b6a
Test on node 22.x (ubuntu-latest)	Setup Node.js	2026-09-16T08:32:18.1982423Z Received 14420882 of 14420882 (100.0%), 53.9 MBs/sec
Test on node 22.x (ubuntu-latest)	Setup Node.js	2026-09-16T08:32:18.1983490Z Cache Size: ~14 MB (14420882 B)
Test on node 22.x (ubuntu-latest)	Setup Node.js	2026-09-16T08:32:18.2014584Z [command]/usr/bin/tar -xf /home/runner/work/_temp/25d373a2-382d-4a1d-9f10-e399cc71b29e/cache.tzst -P -C /home/runner/work/use-m/use-m --use-compress-program unzstd
Test on node 22.x (ubuntu-latest)	Setup Node.js	2026-09-16T08:32:18.3378778Z Cache restored successfully
Test on node 22.x (ubuntu-latest)	Setup Node.js	2026-09-16T08:32:18.3381927Z Cache restored from key: node-cache-Linux-x64-npm-12813ae39a61b5fed7681502803cfede24735d033f8430fc26d535be6b212b6a
Test on node 22.x (ubuntu-latest)	Install dependencies	﻿2026-09-16T08:32:18.3603169Z ##[group]Run npm ci --no-audit --no-fund
Test on node 22.x (ubuntu-latest)	Install dependencies	2026-09-16T08:32:18.3603706Z ^[[36;1mnpm ci --no-audit --no-fund^[[0m
Test on node 22.x (ubuntu-latest)	Install dependencies	2026-09-16T08:32:18.3658571Z shell: /usr/bin/bash -e {0}
Test on node 22.x (ubuntu-latest)	Install dependencies	2026-09-16T08:32:18.3658958Z ##[endgroup]
Test on node 22.x (ubuntu-latest)	Install dependencies	2026-09-16T08:32:28.2184388Z 
Test on node 22.x (ubuntu-latest)	Install dependencies	2026-09-16T08:32:28.2194736Z added 476 packages in 10s
Test on node 22.x (ubuntu-latest)	Run Node.js tests	﻿2026-09-16T08:32:28.2759196Z ##[group]Run npm test -- --runInBand
Test on node 22.x (ubuntu-latest)	Run Node.js tests	2026-09-16T08:32:28.2759895Z ^[[36;1mnpm test -- --runInBand^[[0m
Test on node 22.x (ubuntu-latest)	Run Node.js tests	2026-09-16T08:32:28.2797719Z shell: /usr/bin/bash -e {0}
Test on node 22.x (ubuntu-latest)	Run Node.js tests	2026-09-16T08:32:28.2798232Z ##[endgroup]
Test on node 22.x (ubuntu-latest)	Run Node.js tests	2026-09-16T08:32:28.3901805Z 
Test on node 22.x (ubuntu-latest)	Run Node.js tests	2026-09-16T08:32:28.3902588Z > use-m@8.16.0 test
Test on node 22.x (ubuntu-latest)	Run Node.js tests	2026-09-16T08:32:28.3903270Z > NODE_OPTIONS="--experimental-vm-modules" jest --runInBand
Test on node 22.x (ubuntu-latest)	Run Node.js tests	2026-09-16T08:32:28.3903638Z 
Test on node 22.x (ubuntu-latest)	Run Node.js tests	2026-09-16T08:32:28.9003813Z (node:2359) ExperimentalWarning: VM Modules is an experimental feature and might change at any time
Test on node 22.x (ubuntu-latest)	Run Node.js tests	2026-09-16T08:32:28.9005257Z (Use `node --trace-warnings ...` to show where the warning was created)
Test on node 22.x (ubuntu-latest)	Run Node.js tests	2026-09-16T08:32:31.6485519Z PASS tests/npm-global-prefix.test.cjs
Test on node 22.x (ubuntu-latest)	Run Node.js tests	2026-09-16T08:32:34.5686254Z PASS tests/npm-global-prefix.test.mjs
Test on node 22.x (ubuntu-latest)	Run Node.js tests	2026-09-16T08:32:34.7192883Z PASS tests/load.test.mjs
Test on node 22.x (ubuntu-latest)	Run Node.js tests	2026-09-16T08:32:34.8797263Z PASS tests/load.test.cjs
Test on node 22.x (ubuntu-latest)	Run Node.js tests	2026-09-16T08:32:34.9945668Z PASS tests/builtin-nodejs.test.cjs
Test on node 22.x (ubuntu-latest)	Run Node.js tests	2026-09-16T08:32:35.1111183Z PASS tests/builtin-nodejs.test.mjs
Test on node 22.x (ubuntu-latest)	Run Node.js tests	2026-09-16T08:32:35.2193990Z PASS tests/fs-promises.test.mjs
Test on node 22.x (ubuntu-latest)	Run Node.js tests	2026-09-16T08:32:35.3627369Z PASS tests/builtin-backward-compatibility.test.cjs
Test on node 22.x (ubuntu-latest)	Run Node.js tests	2026-09-16T08:32:35.5091515Z PASS tests/builtin-backward-compatibility.test.mjs
Test on node 22.x (ubuntu-latest)	Run Node.js tests	2026-09-16T08:32:35.5988367Z PASS tests/release-workflow-policy.test.mjs
Test on node 22.x (ubuntu-latest)	Run Node.js tests	2026-09-16T08:32:35.6889373Z PASS tests/fallback.test.cjs
Test on node 22.x (ubuntu-latest)	Run Node.js tests	2026-09-16T08:32:35.7781913Z PASS tests/fallback.test.mjs
Test on node 22.x (ubuntu-latest)	Run Node.js tests	2026-09-16T08:32:40.7747850Z PASS tests/resolvers.test.mjs
Test on node 22.x (ubuntu-latest)	Run Node.js tests	2026-09-16T08:32:42.9606508Z PASS tests/builtin-browser.test.mjs
Test on node 22.x (ubuntu-latest)	Run Node.js tests	2026-09-16T08:32:44.8597350Z PASS tests/relative-paths-browser.test.mjs
Test on node 22.x (ubuntu-latest)	Run Node.js tests	2026-09-16T08:32:47.2386245Z PASS tests/resolvers.test.cjs
Test on node 22.x (ubuntu-latest)	Run Node.js tests	2026-09-16T08:32:49.4786502Z PASS tests/use.test.cjs
Test on node 22.x (ubuntu-latest)	Run Node.js tests	2026-09-16T08:32:49.5610806Z PASS tests/filename.test.mjs
Test on node 22.x (ubuntu-latest)	Run Node.js tests	2026-09-16T08:32:49.6700847Z PASS tests/root-entries.test.mjs
Test on node 22.x (ubuntu-latest)	Run Node.js tests	2026-09-16T08:32:50.6511119Z PASS tests/use.test.mjs
Test on node 22.x (ubuntu-latest)	Run Node.js tests	2026-09-16T08:32:50.7594939Z (node:2359) [DEP0125] DeprecationWarning: The _stream_wrap module is deprecated.
Test on node 22.x (ubuntu-latest)	Run Node.js tests	2026-09-16T08:32:50.7596465Z (node:2359) [DEP0025] DeprecationWarning: sys is deprecated. Use util instead.
Test on node 22.x (ubuntu-latest)	Run Node.js tests	2026-09-16T08:32:50.7597776Z (node:2359) ExperimentalWarning: WASI is an experimental feature and might change at any time
Test on node 22.x (ubuntu-latest)	Run Node.js tests	2026-09-16T08:32:50.7598779Z PASS tests/dynamic-builtins.test.cjs
Test on node 22.x (ubuntu-latest)	Run Node.js tests	2026-09-16T08:32:50.8597547Z PASS tests/dynamic-builtins.test.mjs
Test on node 22.x (ubuntu-latest)	Run Node.js tests	2026-09-16T08:32:50.9481563Z PASS tests/filename.test.cjs
Test on node 22.x (ubuntu-latest)	Run Node.js tests	2026-09-16T08:32:58.7247249Z PASS tests/esm-sh-polyfill-browser.test.mjs (7.774 s)
Test on node 22.x (ubuntu-latest)	Run Node.js tests	2026-09-16T08:32:59.1153260Z PASS tests/builtin-errors.test.mjs
Test on node 22.x (ubuntu-latest)	Run Node.js tests	2026-09-16T08:32:59.4754851Z PASS tests/builtin-errors.test.cjs
Test on node 22.x (ubuntu-latest)	Run Node.js tests	2026-09-16T08:32:59.9958887Z PASS tests/relative-paths.test.cjs
Test on node 22.x (ubuntu-latest)	Run Node.js tests	2026-09-16T08:33:00.1975998Z PASS tests/relative-paths.test.mjs
Test on node 22.x (ubuntu-latest)	Run Node.js tests	2026-09-16T08:33:00.2878496Z PASS tests/module-specifier.test.cjs
Test on node 22.x (ubuntu-latest)	Run Node.js tests	2026-09-16T08:33:00.3774552Z PASS tests/module-specifier.test.mjs
Test on node 22.x (ubuntu-latest)	Run Node.js tests	2026-09-16T08:33:00.4635296Z PASS tests/deno-support.test.cjs
Test on node 22.x (ubuntu-latest)	Run Node.js tests	2026-09-16T08:33:00.5467944Z PASS tests/deno-support.test.mjs
Test on node 22.x (ubuntu-latest)	Run Node.js tests	2026-09-16T08:33:00.6851443Z PASS tests/relative-paths.integration.test.mjs
Test on node 22.x (ubuntu-latest)	Run Node.js tests	2026-09-16T08:33:00.6949426Z   ● Console
Test on node 22.x (ubuntu-latest)	Run Node.js tests	2026-09-16T08:33:00.6949681Z 
Test on node 22.x (ubuntu-latest)	Run Node.js tests	2026-09-16T08:33:00.6949979Z     console.log
Test on node 22.x (ubuntu-latest)	Run Node.js tests	2026-09-16T08:33:00.6950402Z       /home/runner/work/use-m/use-m/tests
Test on node 22.x (ubuntu-latest)	Run Node.js tests	2026-09-16T08:33:00.6950651Z 
Test on node 22.x (ubuntu-latest)	Run Node.js tests	2026-09-16T08:33:00.6951010Z       at Object.<anonymous> (tests/relative-paths.integration.test.mjs:29:15)
Test on node 22.x (ubuntu-latest)	Run Node.js tests	2026-09-16T08:33:00.6951412Z 
Test on node 22.x (ubuntu-latest)	Run Node.js tests	2026-09-16T08:33:00.6951521Z     console.log
Test on node 22.x (ubuntu-latest)	Run Node.js tests	2026-09-16T08:33:00.6951868Z       Testing relative paths from tests directory...
Test on node 22.x (ubuntu-latest)	Run Node.js tests	2026-09-16T08:33:00.6952237Z       
Test on node 22.x (ubuntu-latest)	Run Node.js tests	2026-09-16T08:33:00.6952553Z       1. Testing ./browser-server/test-helper.js
Test on node 22.x (ubuntu-latest)	Run Node.js tests	2026-09-16T08:33:00.6953055Z          ✓ Message: Helper module loaded
Test on node 22.x (ubuntu-latest)	Run Node.js tests	2026-09-16T08:33:00.6953382Z       
Test on node 22.x (ubuntu-latest)	Run Node.js tests	2026-09-16T08:33:00.6953685Z       2. Testing ./browser-server/test-data.json
Test on node 22.x (ubuntu-latest)	Run Node.js tests	2026-09-16T08:33:00.6954094Z          ✓ Value: 123
Test on node 22.x (ubuntu-latest)	Run Node.js tests	2026-09-16T08:33:00.6954387Z          ✓ Test: data
Test on node 22.x (ubuntu-latest)	Run Node.js tests	2026-09-16T08:33:00.6954628Z       
Test on node 22.x (ubuntu-latest)	Run Node.js tests	2026-09-16T08:33:00.6954890Z       3. Testing ../src/use.mjs
Test on node 22.x (ubuntu-latest)	Run Node.js tests	2026-09-16T08:33:00.6955695Z          ✓ use function exists: true
Test on node 22.x (ubuntu-latest)	Run Node.js tests	2026-09-16T08:33:00.6956005Z       
Test on node 22.x (ubuntu-latest)	Run Node.js tests	2026-09-16T08:33:00.6956319Z       4. Testing ./browser-server/subfolder/nested.js
Test on node 22.x (ubuntu-latest)	Run Node.js tests	2026-09-16T08:33:00.6956980Z          ✓ Nested: true Level: subfolder
Test on node 22.x (ubuntu-latest)	Run Node.js tests	2026-09-16T08:33:00.6957296Z       
Test on node 22.x (ubuntu-latest)	Run Node.js tests	2026-09-16T08:33:00.6957637Z       5. Testing ./browser-server/subfolder/nested-data.json
Test on node 22.x (ubuntu-latest)	Run Node.js tests	2026-09-16T08:33:00.6979302Z          ✓ Level: nested Depth: 1
Test on node 22.x (ubuntu-latest)	Run Node.js tests	2026-09-16T08:33:00.6979941Z       
Test on node 22.x (ubuntu-latest)	Run Node.js tests	2026-09-16T08:33:00.6980634Z       6. Testing ../package.json
Test on node 22.x (ubuntu-latest)	Run Node.js tests	2026-09-16T08:33:00.6981296Z          ✓ Package name: use-m
Test on node 22.x (ubuntu-latest)	Run Node.js tests	2026-09-16T08:33:00.6981762Z       
Test on node 22.x (ubuntu-latest)	Run Node.js tests	2026-09-16T08:33:00.6982266Z       ✅ All direct tests passed!
Test on node 22.x (ubuntu-latest)	Run Node.js tests	2026-09-16T08:33:00.6982573Z 
Test on node 22.x (ubuntu-latest)	Run Node.js tests	2026-09-16T08:33:00.6983069Z       at Object.<anonymous> (tests/relative-paths.integration.test.mjs:39:15)
Test on node 22.x (ubuntu-latest)	Run Node.js tests	2026-09-16T08:33:00.6983650Z 
Test on node 22.x (ubuntu-latest)	Run Node.js tests	2026-09-16T08:33:00.7861049Z PASS tests/builtin-universal.test.cjs
Test on node 22.x (ubuntu-latest)	Run Node.js tests	2026-09-16T08:33:00.8717622Z PASS tests/builtin-universal.test.mjs
Test on node 22.x (ubuntu-latest)	Run Node.js tests	2026-09-16T08:33:01.4364611Z PASS tests/loader.test.mjs
Test on node 22.x (ubuntu-latest)	Run Node.js tests	2026-09-16T08:33:01.5336083Z PASS tests/network-imports.test.mjs
Test on node 22.x (ubuntu-latest)	Run Node.js tests	2026-09-16T08:33:01.6290488Z PASS tests/network-imports.test.cjs
Test on node 22.x (ubuntu-latest)	Run Node.js tests	2026-09-16T08:33:01.7237267Z PASS tests/script-sync.test.mjs
Test on node 22.x (ubuntu-latest)	Run Node.js tests	2026-09-16T08:33:03.8087547Z PASS tests/lodash.test.mjs
Test on node 22.x (ubuntu-latest)	Run Node.js tests	2026-09-16T08:33:03.8943578Z PASS tests/get-script-url.test.cjs
Test on node 22.x (ubuntu-latest)	Run Node.js tests	2026-09-16T08:33:05.4550511Z PASS tests/lodash.test.cjs
Test on node 22.x (ubuntu-latest)	Run Node.js tests	2026-09-16T08:33:05.5443293Z PASS tests/get-script-url.test.mjs
Test on node 22.x (ubuntu-latest)	Run Node.js tests	2026-09-16T08:33:06.2642587Z PASS tests/command-stream.test.cjs
Test on node 22.x (ubuntu-latest)	Run Node.js tests	2026-09-16T08:33:06.6287579Z PASS tests/command-stream.test.mjs
Test on node 22.x (ubuntu-latest)	Run Node.js tests	2026-09-16T08:33:06.7108272Z PASS tests/import.test.mjs
Test on node 22.x (ubuntu-latest)	Run Node.js tests	2026-09-16T08:33:06.7953538Z PASS tests/import.test.cjs
Test on node 22.x (ubuntu-latest)	Run Node.js tests	2026-09-16T08:33:08.7946633Z PASS tests/typescript.test.cjs
Test on node 22.x (ubuntu-latest)	Run Node.js tests	2026-09-16T08:33:09.4452363Z PASS tests/typescript.test.mjs
Test on node 22.x (ubuntu-latest)	Run Node.js tests	2026-09-16T08:33:09.4463891Z 
Test on node 22.x (ubuntu-latest)	Run Node.js tests	2026-09-16T08:33:09.4473023Z Test Suites: 49 passed, 49 total
Test on node 22.x (ubuntu-latest)	Run Node.js tests	2026-09-16T08:33:09.4473403Z Tests:       458 passed, 458 total
Test on node 22.x (ubuntu-latest)	Run Node.js tests	2026-09-16T08:33:09.4473718Z Snapshots:   0 total
Test on node 22.x (ubuntu-latest)	Run Node.js tests	2026-09-16T08:33:09.4474299Z Time:        40.739 s
Test on node 22.x (ubuntu-latest)	Run Node.js tests	2026-09-16T08:33:09.4474663Z Ran all test suites.
Test on node 22.x (ubuntu-latest)	Post Setup Node.js	﻿2026-09-16T08:33:09.5173664Z Post job cleanup.
Test on node 22.x (ubuntu-latest)	Post Setup Node.js	2026-09-16T08:33:09.6357432Z Cache hit occurred on the primary key node-cache-Linux-x64-npm-12813ae39a61b5fed7681502803cfede24735d033f8430fc26d535be6b212b6a, not saving cache.
Test on node 22.x (ubuntu-latest)	Post Checkout code	﻿2026-09-16T08:33:09.6511817Z Post job cleanup.
Test on node 22.x (ubuntu-latest)	Post Checkout code	2026-09-16T08:33:09.7422554Z [command]/usr/bin/git version
Test on node 22.x (ubuntu-latest)	Post Checkout code	2026-09-16T08:33:09.7468162Z git version 2.55.0
Test on node 22.x (ubuntu-latest)	Post Checkout code	2026-09-16T08:33:09.7511124Z Temporarily overriding HOME='/home/runner/work/_temp/ce32c1ff-4278-4143-8f71-8239268d0ac0' before making global git config changes
Test on node 22.x (ubuntu-latest)	Post Checkout code	2026-09-16T08:33:09.7512733Z Adding repository directory to the temporary git global config as a safe directory
Test on node 22.x (ubuntu-latest)	Post Checkout code	2026-09-16T08:33:09.7516754Z [command]/usr/bin/git config --global --add safe.directory /home/runner/work/use-m/use-m
Test on node 22.x (ubuntu-latest)	Post Checkout code	2026-09-16T08:33:09.7552843Z Removing SSH command configuration
Test on node 22.x (ubuntu-latest)	Post Checkout code	2026-09-16T08:33:09.7560480Z [command]/usr/bin/git config --local --name-only --get-regexp core\.sshCommand
Test on node 22.x (ubuntu-latest)	Post Checkout code	2026-09-16T08:33:09.7600701Z [command]/usr/bin/git submodule foreach --recursive sh -c "git config --local --name-only --get-regexp 'core\.sshCommand' && git config --local --unset-all 'core.sshCommand' || :"
Test on node 22.x (ubuntu-latest)	Post Checkout code	2026-09-16T08:33:09.7874466Z Removing HTTP extra header
Test on node 22.x (ubuntu-latest)	Post Checkout code	2026-09-16T08:33:09.7880253Z [command]/usr/bin/git config --local --name-only --get-regexp http\.https\:\/\/github\.com\/\.extraheader
Test on node 22.x (ubuntu-latest)	Post Checkout code	2026-09-16T08:33:09.7920907Z [command]/usr/bin/git submodule foreach --recursive sh -c "git config --local --name-only --get-regexp 'http\.https\:\/\/github\.com\/\.extraheader' && git config --local --unset-all 'http.https://github.com/.extraheader' || :"
Test on node 22.x (ubuntu-latest)	Post Checkout code	2026-09-16T08:33:09.8180716Z Removing includeIf entries pointing to credentials config files
Test on node 22.x (ubuntu-latest)	Post Checkout code	2026-09-16T08:33:09.8195635Z [command]/usr/bin/git config --local --name-only --get-regexp ^includeIf\.gitdir:
Test on node 22.x (ubuntu-latest)	Post Checkout code	2026-09-16T08:33:09.8229375Z includeif.gitdir:/home/runner/work/use-m/use-m/.git.path
Test on node 22.x (ubuntu-latest)	Post Checkout code	2026-09-16T08:33:09.8230812Z includeif.gitdir:/home/runner/work/use-m/use-m/.git/worktrees/*.path
Test on node 22.x (ubuntu-latest)	Post Checkout code	2026-09-16T08:33:09.8232117Z includeif.gitdir:/github/workspace/.git.path
Test on node 22.x (ubuntu-latest)	Post Checkout code	2026-09-16T08:33:09.8233376Z includeif.gitdir:/github/workspace/.git/worktrees/*.path
Test on node 22.x (ubuntu-latest)	Post Checkout code	2026-09-16T08:33:09.8246138Z [command]/usr/bin/git config --local --get-all includeif.gitdir:/home/runner/work/use-m/use-m/.git.path
Test on node 22.x (ubuntu-latest)	Post Checkout code	2026-09-16T08:33:09.8277056Z /home/runner/work/_temp/git-credentials-35b65705-282e-4ba0-a25b-d987155c716b.config
Test on node 22.x (ubuntu-latest)	Post Checkout code	2026-09-16T08:33:09.8293010Z [command]/usr/bin/git config --local --unset includeif.gitdir:/home/runner/work/use-m/use-m/.git.path /home/runner/work/_temp/git-credentials-35b65705-282e-4ba0-a25b-d987155c716b.config
Test on node 22.x (ubuntu-latest)	Post Checkout code	2026-09-16T08:33:09.8333736Z [command]/usr/bin/git config --local --get-all includeif.gitdir:/home/runner/work/use-m/use-m/.git/worktrees/*.path
Test on node 22.x (ubuntu-latest)	Post Checkout code	2026-09-16T08:33:09.8361272Z /home/runner/work/_temp/git-credentials-35b65705-282e-4ba0-a25b-d987155c716b.config
Test on node 22.x (ubuntu-latest)	Post Checkout code	2026-09-16T08:33:09.8374195Z [command]/usr/bin/git config --local --unset includeif.gitdir:/home/runner/work/use-m/use-m/.git/worktrees/*.path /home/runner/work/_temp/git-credentials-35b65705-282e-4ba0-a25b-d987155c716b.config
Test on node 22.x (ubuntu-latest)	Post Checkout code	2026-09-16T08:33:09.8415824Z [command]/usr/bin/git config --local --get-all includeif.gitdir:/github/workspace/.git.path
Test on node 22.x (ubuntu-latest)	Post Checkout code	2026-09-16T08:33:09.8445144Z /github/runner_temp/git-credentials-35b65705-282e-4ba0-a25b-d987155c716b.config
Test on node 22.x (ubuntu-latest)	Post Checkout code	2026-09-16T08:33:09.8458085Z [command]/usr/bin/git config --local --unset includeif.gitdir:/github/workspace/.git.path /github/runner_temp/git-credentials-35b65705-282e-4ba0-a25b-d987155c716b.config
Test on node 22.x (ubuntu-latest)	Post Checkout code	2026-09-16T08:33:09.8498745Z [command]/usr/bin/git config --local --get-all includeif.gitdir:/github/workspace/.git/worktrees/*.path
Test on node 22.x (ubuntu-latest)	Post Checkout code	2026-09-16T08:33:09.8527816Z /github/runner_temp/git-credentials-35b65705-282e-4ba0-a25b-d987155c716b.config
Test on node 22.x (ubuntu-latest)	Post Checkout code	2026-09-16T08:33:09.8543095Z [command]/usr/bin/git config --local --unset includeif.gitdir:/github/workspace/.git/worktrees/*.path /github/runner_temp/git-credentials-35b65705-282e-4ba0-a25b-d987155c716b.config
Test on node 22.x (ubuntu-latest)	Post Checkout code	2026-09-16T08:33:09.8587486Z [command]/usr/bin/git submodule foreach --recursive git config --local --show-origin --name-only --get-regexp remote.origin.url
Test on node 22.x (ubuntu-latest)	Post Checkout code	2026-09-16T08:33:09.8872290Z Removing credentials config '/home/runner/work/_temp/git-credentials-35b65705-282e-4ba0-a25b-d987155c716b.config'
Test on node 22.x (ubuntu-latest)	Complete job	﻿2026-09-16T08:33:09.9051097Z Cleaning up orphan processes
Test on node 20.x (macos-latest)	Set up job	﻿2026-09-16T08:32:19.9137390Z Current runner version: '2.337.0'
Test on node 20.x (macos-latest)	Set up job	2026-09-16T08:32:19.9154300Z ##[group]Runner Image Provisioner
Test on node 20.x (macos-latest)	Set up job	2026-09-16T08:32:19.9154890Z Hosted Compute Agent
Test on node 20.x (macos-latest)	Set up job	2026-09-16T08:32:19.9155380Z Version: 20260828.587
Test on node 20.x (macos-latest)	Set up job	2026-09-16T08:32:19.9155850Z Commit: abac92662cab4cc7352de4f9f9d2e2419aad9c29
Test on node 20.x (macos-latest)	Set up job	2026-09-16T08:32:19.9156680Z Build Date: 2026-08-28T16:44:25Z
Test on node 20.x (macos-latest)	Set up job	2026-09-16T08:32:19.9157140Z Worker ID: {c2241e08-c273-4ad2-81e6-05d542434abe}
Test on node 20.x (macos-latest)	Set up job	2026-09-16T08:32:19.9157870Z Azure Region: westus
Test on node 20.x (macos-latest)	Set up job	2026-09-16T08:32:19.9158260Z ##[endgroup]
Test on node 20.x (macos-latest)	Set up job	2026-09-16T08:32:19.9159500Z ##[group]Operating System
Test on node 20.x (macos-latest)	Set up job	2026-09-16T08:32:19.9159980Z macOS
Test on node 20.x (macos-latest)	Set up job	2026-09-16T08:32:19.9160380Z 26.6.2
Test on node 20.x (macos-latest)	Set up job	2026-09-16T08:32:19.9160940Z 25G83
Test on node 20.x (macos-latest)	Set up job	2026-09-16T08:32:19.9161430Z ##[endgroup]
Test on node 20.x (macos-latest)	Set up job	2026-09-16T08:32:19.9162560Z ##[group]Runner Image
Test on node 20.x (macos-latest)	Set up job	2026-09-16T08:32:19.9163250Z Image: macos-26-arm64
Test on node 20.x (macos-latest)	Set up job	2026-09-16T08:32:19.9163840Z Version: 20260907.0351.1
Test on node 20.x (macos-latest)	Set up job	2026-09-16T08:32:19.9164880Z Included Software: https://github.com/actions/runner-images/blob/macos-26-arm64/20260907.0351/images/macos/macos-26-arm64-Readme.md
Test on node 20.x (macos-latest)	Set up job	2026-09-16T08:32:19.9166680Z Image Release: https://github.com/actions/runner-images/releases/tag/macos-26-arm64%2F20260907.0351
Test on node 20.x (macos-latest)	Set up job	2026-09-16T08:32:19.9167740Z ##[endgroup]
Test on node 20.x (macos-latest)	Set up job	2026-09-16T08:32:19.9168950Z ##[group]GITHUB_TOKEN Permissions
Test on node 20.x (macos-latest)	Set up job	2026-09-16T08:32:19.9170990Z Contents: read
Test on node 20.x (macos-latest)	Set up job	2026-09-16T08:32:19.9171580Z Metadata: read
Test on node 20.x (macos-latest)	Set up job	2026-09-16T08:32:19.9172130Z ##[endgroup]
Test on node 20.x (macos-latest)	Set up job	2026-09-16T08:32:19.9174490Z Secret source: Actions
Test on node 20.x (macos-latest)	Set up job	2026-09-16T08:32:19.9175520Z Cache mode: write
Test on node 20.x (macos-latest)	Set up job	2026-09-16T08:32:19.9176160Z Prepare workflow directory
Test on node 20.x (macos-latest)	Set up job	2026-09-16T08:32:19.9422300Z Prepare all required actions
Test on node 20.x (macos-latest)	Set up job	2026-09-16T08:32:19.9459890Z Getting action download info
Test on node 20.x (macos-latest)	Set up job	2026-09-16T08:32:20.5484790Z Download action repository 'actions/checkout@v6' (SHA:d23441a48e516b6c34aea4fa41551a30e30af803)
Test on node 20.x (macos-latest)	Set up job	2026-09-16T08:32:20.8173030Z Download action repository 'actions/setup-node@v6' (SHA:249970729cb0ef3589644e2896645e5dc5ba9c38)
Test on node 20.x (macos-latest)	Set up job	2026-09-16T08:32:20.9238470Z Download action repository 'oven-sh/setup-bun@v2' (SHA:0c5077e51419868618aeaa5fe8019c62421857d6)
Test on node 20.x (macos-latest)	Set up job	2026-09-16T08:32:21.3038910Z Download action repository 'denoland/setup-deno@v2' (SHA:22d081ff2d3a40755e97629de92e3bcbfa7cf2ed)
Test on node 20.x (macos-latest)	Set up job	2026-09-16T08:32:21.7322450Z Complete job name: Test on node 20.x (macos-latest)
Test on node 20.x (macos-latest)	Checkout code	﻿2026-09-16T08:32:21.7781340Z ##[group]Run actions/checkout@v6
Test on node 20.x (macos-latest)	Checkout code	2026-09-16T08:32:21.7782420Z with:
Test on node 20.x (macos-latest)	Checkout code	2026-09-16T08:32:21.7782970Z   repository: link-foundation/use-m
Test on node 20.x (macos-latest)	Checkout code	2026-09-16T08:32:21.7785690Z   token: ***
Test on node 20.x (macos-latest)	Checkout code	2026-09-16T08:32:21.7786010Z   ssh-strict: true
Test on node 20.x (macos-latest)	Checkout code	2026-09-16T08:32:21.7786400Z   ssh-user: git
Test on node 20.x (macos-latest)	Checkout code	2026-09-16T08:32:21.7786740Z   persist-credentials: true
Test on node 20.x (macos-latest)	Checkout code	2026-09-16T08:32:21.7787100Z   clean: true
Test on node 20.x (macos-latest)	Checkout code	2026-09-16T08:32:21.7787430Z   sparse-checkout-cone-mode: true
Test on node 20.x (macos-latest)	Checkout code	2026-09-16T08:32:21.7787810Z   fetch-depth: 1
Test on node 20.x (macos-latest)	Checkout code	2026-09-16T08:32:21.7788140Z   fetch-tags: false
Test on node 20.x (macos-latest)	Checkout code	2026-09-16T08:32:21.7788470Z   show-progress: true
Test on node 20.x (macos-latest)	Checkout code	2026-09-16T08:32:21.7788820Z   lfs: false
Test on node 20.x (macos-latest)	Checkout code	2026-09-16T08:32:21.7789140Z   submodules: false
Test on node 20.x (macos-latest)	Checkout code	2026-09-16T08:32:21.7789520Z   set-safe-directory: true
Test on node 20.x (macos-latest)	Checkout code	2026-09-16T08:32:21.7789920Z   allow-unsafe-pr-checkout: false
Test on node 20.x (macos-latest)	Checkout code	2026-09-16T08:32:21.7790660Z ##[endgroup]
Test on node 20.x (macos-latest)	Checkout code	2026-09-16T08:32:22.1836240Z Syncing repository: link-foundation/use-m
Test on node 20.x (macos-latest)	Checkout code	2026-09-16T08:32:22.1839480Z ##[group]Getting Git version info
Test on node 20.x (macos-latest)	Checkout code	2026-09-16T08:32:22.1844140Z Working directory is '/Users/runner/work/use-m/use-m'
Test on node 20.x (macos-latest)	Checkout code	2026-09-16T08:32:22.1883400Z [command]/opt/homebrew/bin/git version
Test on node 20.x (macos-latest)	Checkout code	2026-09-16T08:32:22.2350540Z git version 2.55.0
Test on node 20.x (macos-latest)	Checkout code	2026-09-16T08:32:22.2368050Z ##[endgroup]
Test on node 20.x (macos-latest)	Checkout code	2026-09-16T08:32:22.2374450Z Copying '/Users/runner/.gitconfig' to '/Users/runner/work/_temp/ba7e454c-466a-4d2a-a2de-aa3808c874f3/.gitconfig'
Test on node 20.x (macos-latest)	Checkout code	2026-09-16T08:32:22.2381650Z Temporarily overriding HOME='/Users/runner/work/_temp/ba7e454c-466a-4d2a-a2de-aa3808c874f3' before making global git config changes
Test on node 20.x (macos-latest)	Checkout code	2026-09-16T08:32:22.2382670Z Adding repository directory to the temporary git global config as a safe directory
Test on node 20.x (macos-latest)	Checkout code	2026-09-16T08:32:22.2385440Z [command]/opt/homebrew/bin/git config --global --add safe.directory /Users/runner/work/use-m/use-m
Test on node 20.x (macos-latest)	Checkout code	2026-09-16T08:32:22.2489940Z Deleting the contents of '/Users/runner/work/use-m/use-m'
Test on node 20.x (macos-latest)	Checkout code	2026-09-16T08:32:22.2492850Z ##[group]Determining repository object format
Test on node 20.x (macos-latest)	Checkout code	2026-09-16T08:32:22.2538390Z ##[endgroup]
Test on node 20.x (macos-latest)	Checkout code	2026-09-16T08:32:22.2539300Z ##[group]Initializing the repository
Test on node 20.x (macos-latest)	Checkout code	2026-09-16T08:32:22.2539930Z [command]/opt/homebrew/bin/git init /Users/runner/work/use-m/use-m
Test on node 20.x (macos-latest)	Checkout code	2026-09-16T08:32:22.2703090Z hint: Using 'master' as the name for the initial branch. This default branch name
Test on node 20.x (macos-latest)	Checkout code	2026-09-16T08:32:22.2704110Z hint: will change to "main" in Git 3.0. To configure the initial branch name
Test on node 20.x (macos-latest)	Checkout code	2026-09-16T08:32:22.2704930Z hint: to use in all of your new repositories, which will suppress this warning,
Test on node 20.x (macos-latest)	Checkout code	2026-09-16T08:32:22.2705610Z hint: call:
Test on node 20.x (macos-latest)	Checkout code	2026-09-16T08:32:22.2705970Z hint:
Test on node 20.x (macos-latest)	Checkout code	2026-09-16T08:32:22.2706420Z hint: 	git config --global init.defaultBranch <name>
Test on node 20.x (macos-latest)	Checkout code	2026-09-16T08:32:22.2706900Z hint:
Test on node 20.x (macos-latest)	Checkout code	2026-09-16T08:32:22.2707340Z hint: Names commonly chosen instead of 'master' are 'main', 'trunk' and
Test on node 20.x (macos-latest)	Checkout code	2026-09-16T08:32:22.2708040Z hint: 'development'. The just-created branch can be renamed via this command:
Test on node 20.x (macos-latest)	Checkout code	2026-09-16T08:32:22.2708600Z hint:
Test on node 20.x (macos-latest)	Checkout code	2026-09-16T08:32:22.2708980Z hint: 	git branch -m <name>
Test on node 20.x (macos-latest)	Checkout code	2026-09-16T08:32:22.2709330Z hint:
Test on node 20.x (macos-latest)	Checkout code	2026-09-16T08:32:22.2709860Z hint: Disable this message with "git config set advice.defaultBranchName false"
Test on node 20.x (macos-latest)	Checkout code	2026-09-16T08:32:22.2710650Z Initialized empty Git repository in /Users/runner/work/use-m/use-m/.git/
Test on node 20.x (macos-latest)	Checkout code	2026-09-16T08:32:22.2712270Z [command]/opt/homebrew/bin/git remote add origin https://github.com/link-foundation/use-m
Test on node 20.x (macos-latest)	Checkout code	2026-09-16T08:32:22.2792620Z ##[endgroup]
Test on node 20.x (macos-latest)	Checkout code	2026-09-16T08:32:22.2793710Z ##[group]Disabling automatic garbage collection
Test on node 20.x (macos-latest)	Checkout code	2026-09-16T08:32:22.2794320Z [command]/opt/homebrew/bin/git config --local gc.auto 0
Test on node 20.x (macos-latest)	Checkout code	2026-09-16T08:32:22.2857240Z ##[endgroup]
Test on node 20.x (macos-latest)	Checkout code	2026-09-16T08:32:22.2858630Z ##[group]Setting up auth
Test on node 20.x (macos-latest)	Checkout code	2026-09-16T08:32:22.2859470Z Removing SSH command configuration
Test on node 20.x (macos-latest)	Checkout code	2026-09-16T08:32:22.2862100Z [command]/opt/homebrew/bin/git config --local --name-only --get-regexp core\.sshCommand
Test on node 20.x (macos-latest)	Checkout code	2026-09-16T08:32:22.2968740Z [command]/opt/homebrew/bin/git submodule foreach --recursive sh -c "git config --local --name-only --get-regexp 'core\.sshCommand' && git config --local --unset-all 'core.sshCommand' || :"
Test on node 20.x (macos-latest)	Checkout code	2026-09-16T08:32:22.3803140Z Removing HTTP extra header
Test on node 20.x (macos-latest)	Checkout code	2026-09-16T08:32:22.3807300Z [command]/opt/homebrew/bin/git config --local --name-only --get-regexp http\.https\:\/\/github\.com\/\.extraheader
Test on node 20.x (macos-latest)	Checkout code	2026-09-16T08:32:22.3863010Z [command]/opt/homebrew/bin/git submodule foreach --recursive sh -c "git config --local --name-only --get-regexp 'http\.https\:\/\/github\.com\/\.extraheader' && git config --local --unset-all 'http.https://github.com/.extraheader' || :"
Test on node 20.x (macos-latest)	Checkout code	2026-09-16T08:32:22.4662080Z Removing includeIf entries pointing to credentials config files
Test on node 20.x (macos-latest)	Checkout code	2026-09-16T08:32:22.4711050Z [command]/opt/homebrew/bin/git config --local --name-only --get-regexp ^includeIf\.gitdir:
Test on node 20.x (macos-latest)	Checkout code	2026-09-16T08:32:22.4805090Z [command]/opt/homebrew/bin/git submodule foreach --recursive git config --local --show-origin --name-only --get-regexp remote.origin.url
Test on node 20.x (macos-latest)	Checkout code	2026-09-16T08:32:22.6315990Z [command]/opt/homebrew/bin/git config --file /Users/runner/work/_temp/git-credentials-88a9e2a7-fb65-47dc-818c-7a2cd602f3d5.config http.https://github.com/.extraheader AUTHORIZATION: basic ***
Test on node 20.x (macos-latest)	Checkout code	2026-09-16T08:32:22.6319690Z [command]/opt/homebrew/bin/git config --local includeIf.gitdir:/Users/runner/work/use-m/use-m/.git.path /Users/runner/work/_temp/git-credentials-88a9e2a7-fb65-47dc-818c-7a2cd602f3d5.config
Test on node 20.x (macos-latest)	Checkout code	2026-09-16T08:32:22.6322850Z [command]/opt/homebrew/bin/git config --local includeIf.gitdir:/Users/runner/work/use-m/use-m/.git/worktrees/*.path /Users/runner/work/_temp/git-credentials-88a9e2a7-fb65-47dc-818c-7a2cd602f3d5.config
Test on node 20.x (macos-latest)	Checkout code	2026-09-16T08:32:22.6325460Z [command]/opt/homebrew/bin/git config --local includeIf.gitdir:/github/workspace/.git.path /github/runner_temp/git-credentials-88a9e2a7-fb65-47dc-818c-7a2cd602f3d5.config
Test on node 20.x (macos-latest)	Checkout code	2026-09-16T08:32:22.6414720Z [command]/opt/homebrew/bin/git config --local includeIf.gitdir:/github/workspace/.git/worktrees/*.path /github/runner_temp/git-credentials-88a9e2a7-fb65-47dc-818c-7a2cd602f3d5.config
Test on node 20.x (macos-latest)	Checkout code	2026-09-16T08:32:22.6417430Z ##[endgroup]
Test on node 20.x (macos-latest)	Checkout code	2026-09-16T08:32:22.6418110Z ##[group]Fetching the repository
Test on node 20.x (macos-latest)	Checkout code	2026-09-16T08:32:22.6419180Z [command]/opt/homebrew/bin/git -c protocol.version=2 fetch --no-tags --prune --no-recurse-submodules --depth=1 origin +cf37a7ea6b52c4c42810335e94425a7a2381cf13:refs/remotes/pull/51/merge
Test on node 20.x (macos-latest)	Checkout code	2026-09-16T08:32:23.3508680Z From https://github.com/link-foundation/use-m
Test on node 20.x (macos-latest)	Checkout code	2026-09-16T08:32:23.3510290Z  * [new ref]         cf37a7ea6b52c4c42810335e94425a7a2381cf13 -> pull/51/merge
Test on node 20.x (macos-latest)	Checkout code	2026-09-16T08:32:23.3513170Z ##[endgroup]
Test on node 20.x (macos-latest)	Checkout code	2026-09-16T08:32:23.3514940Z ##[group]Determining the checkout info
Test on node 20.x (macos-latest)	Checkout code	2026-09-16T08:32:23.3516050Z ##[endgroup]
Test on node 20.x (macos-latest)	Checkout code	2026-09-16T08:32:23.3517710Z [command]/opt/homebrew/bin/git sparse-checkout disable
Test on node 20.x (macos-latest)	Checkout code	2026-09-16T08:32:23.3597060Z [command]/opt/homebrew/bin/git config --local --unset-all extensions.worktreeConfig
Test on node 20.x (macos-latest)	Checkout code	2026-09-16T08:32:23.3657600Z ##[group]Checking out the ref
Test on node 20.x (macos-latest)	Checkout code	2026-09-16T08:32:23.3660560Z [command]/opt/homebrew/bin/git checkout --progress --force refs/remotes/pull/51/merge
Test on node 20.x (macos-latest)	Checkout code	2026-09-16T08:32:23.4119420Z HEAD is now at cf37a7e Merge a09e0e662b832c8e029f25fa3f31715ebf733eff into 5378cba033e9105307a25e3f1a176ff689b716f0
Test on node 20.x (macos-latest)	Checkout code	2026-09-16T08:32:23.4126890Z ##[endgroup]
Test on node 20.x (macos-latest)	Checkout code	2026-09-16T08:32:23.4208080Z [command]/opt/homebrew/bin/git log -1 --format=%H
Test on node 20.x (macos-latest)	Checkout code	2026-09-16T08:32:23.4274740Z cf37a7ea6b52c4c42810335e94425a7a2381cf13
Test on node 20.x (macos-latest)	Setup Node.js	﻿2026-09-16T08:32:23.4570090Z ##[group]Run actions/setup-node@v6
Test on node 20.x (macos-latest)	Setup Node.js	2026-09-16T08:32:23.4570970Z with:
Test on node 20.x (macos-latest)	Setup Node.js	2026-09-16T08:32:23.4571550Z   node-version: 20.x
Test on node 20.x (macos-latest)	Setup Node.js	2026-09-16T08:32:23.4572190Z   cache: npm
Test on node 20.x (macos-latest)	Setup Node.js	2026-09-16T08:32:23.4572800Z   check-latest: false
Test on node 20.x (macos-latest)	Setup Node.js	2026-09-16T08:32:23.4579180Z   token: ***
Test on node 20.x (macos-latest)	Setup Node.js	2026-09-16T08:32:23.4579830Z   package-manager-cache: true
Test on node 20.x (macos-latest)	Setup Node.js	2026-09-16T08:32:23.4580550Z ##[endgroup]
Test on node 20.x (macos-latest)	Setup Node.js	2026-09-16T08:32:23.5858110Z Attempting to download 20.x...
Test on node 20.x (macos-latest)	Setup Node.js	2026-09-16T08:32:24.1899950Z Acquiring 20.20.2 - arm64 from https://github.com/actions/node-versions/releases/download/20.20.2-23521894959/node-20.20.2-darwin-arm64.tar.gz
Test on node 20.x (macos-latest)	Setup Node.js	2026-09-16T08:32:24.6855460Z Extracting ...
Test on node 20.x (macos-latest)	Setup Node.js	2026-09-16T08:32:24.7098050Z [command]/usr/bin/tar xz --strip 1 -C /Users/runner/work/_temp/504fc98f-8a43-4da7-9766-423916a2b007 -f /Users/runner/work/_temp/6a3fd4f6-ea64-400e-8492-801673882cb8
Test on node 20.x (macos-latest)	Setup Node.js	2026-09-16T08:32:25.8420060Z Adding to the cache ...
Test on node 20.x (macos-latest)	Setup Node.js	2026-09-16T08:32:27.7086830Z ##[group]Environment details
Test on node 20.x (macos-latest)	Setup Node.js	2026-09-16T08:32:27.9973440Z node: v20.20.2
Test on node 20.x (macos-latest)	Setup Node.js	2026-09-16T08:32:27.9974230Z npm: 10.8.2
Test on node 20.x (macos-latest)	Setup Node.js	2026-09-16T08:32:27.9974990Z yarn: 1.22.22
Test on node 20.x (macos-latest)	Setup Node.js	2026-09-16T08:32:27.9977220Z ##[endgroup]
Test on node 20.x (macos-latest)	Setup Node.js	2026-09-16T08:32:27.9992470Z [command]/Users/runner/hostedtoolcache/node/20.20.2/arm64/bin/npm config get cache
Test on node 20.x (macos-latest)	Setup Node.js	2026-09-16T08:32:28.1277690Z /Users/runner/.npm
Test on node 20.x (macos-latest)	Setup Node.js	2026-09-16T08:32:28.4052430Z Cache hit for: node-cache-macOS-arm64-npm-12813ae39a61b5fed7681502803cfede24735d033f8430fc26d535be6b212b6a
Test on node 20.x (macos-latest)	Setup Node.js	2026-09-16T08:32:29.7233370Z Received 0 of 14454372 (0.0%), 0.0 MBs/sec
Test on node 20.x (macos-latest)	Setup Node.js	2026-09-16T08:32:30.0533060Z Received 14454372 of 14454372 (100.0%), 10.4 MBs/sec
Test on node 20.x (macos-latest)	Setup Node.js	2026-09-16T08:32:30.0579640Z Cache Size: ~14 MB (14454372 B)
Test on node 20.x (macos-latest)	Setup Node.js	2026-09-16T08:32:30.0625120Z [command]/opt/homebrew/bin/gtar -xf /Users/runner/work/_temp/db9f219f-4ada-480f-aaaf-783934a12b81/cache.tzst -P -C /Users/runner/work/use-m/use-m --delay-directory-restore --use-compress-program unzstd
Test on node 20.x (macos-latest)	Setup Node.js	2026-09-16T08:32:30.2911620Z Cache restored successfully
Test on node 20.x (macos-latest)	Setup Node.js	2026-09-16T08:32:30.2919680Z Cache restored from key: node-cache-macOS-arm64-npm-12813ae39a61b5fed7681502803cfede24735d033f8430fc26d535be6b212b6a
Test on node 20.x (macos-latest)	Install dependencies	﻿2026-09-16T08:32:30.3042610Z ##[group]Run npm ci --no-audit --no-fund
Test on node 20.x (macos-latest)	Install dependencies	2026-09-16T08:32:30.3042970Z ^[[36;1mnpm ci --no-audit --no-fund^[[0m
Test on node 20.x (macos-latest)	Install dependencies	2026-09-16T08:32:30.3090090Z shell: /bin/bash -e {0}
Test on node 20.x (macos-latest)	Install dependencies	2026-09-16T08:32:30.3090440Z ##[endgroup]
Test on node 20.x (macos-latest)	Install dependencies	2026-09-16T08:32:36.7911440Z 
Test on node 20.x (macos-latest)	Install dependencies	2026-09-16T08:32:36.7920030Z added 477 packages in 6s
Test on node 20.x (macos-latest)	Run Node.js tests	﻿2026-09-16T08:32:36.8053510Z ##[group]Run npm test -- --runInBand
Test on node 20.x (macos-latest)	Run Node.js tests	2026-09-16T08:32:36.8053870Z ^[[36;1mnpm test -- --runInBand^[[0m
Test on node 20.x (macos-latest)	Run Node.js tests	2026-09-16T08:32:36.8088320Z shell: /bin/bash -e {0}
Test on node 20.x (macos-latest)	Run Node.js tests	2026-09-16T08:32:36.8088520Z ##[endgroup]
Test on node 20.x (macos-latest)	Run Node.js tests	2026-09-16T08:32:36.9703220Z 
Test on node 20.x (macos-latest)	Run Node.js tests	2026-09-16T08:32:36.9703710Z > use-m@8.16.0 test
Test on node 20.x (macos-latest)	Run Node.js tests	2026-09-16T08:32:36.9709550Z > NODE_OPTIONS="--experimental-vm-modules" jest --runInBand
Test on node 20.x (macos-latest)	Run Node.js tests	2026-09-16T08:32:36.9709770Z 
Test on node 20.x (macos-latest)	Run Node.js tests	2026-09-16T08:32:37.3992390Z (node:9111) ExperimentalWarning: VM Modules is an experimental feature and might change at any time
Test on node 20.x (macos-latest)	Run Node.js tests	2026-09-16T08:32:37.3993430Z (Use `node --trace-warnings ...` to show where the warning was created)
Test on node 20.x (macos-latest)	Run Node.js tests	2026-09-16T08:32:40.5542440Z PASS tests/npm-global-prefix.test.cjs
Test on node 20.x (macos-latest)	Run Node.js tests	2026-09-16T08:32:43.7859410Z PASS tests/npm-global-prefix.test.mjs
Test on node 20.x (macos-latest)	Run Node.js tests	2026-09-16T08:32:43.9126870Z PASS tests/load.test.mjs
Test on node 20.x (macos-latest)	Run Node.js tests	2026-09-16T08:32:44.0211130Z PASS tests/load.test.cjs
Test on node 20.x (macos-latest)	Run Node.js tests	2026-09-16T08:32:44.0911080Z PASS tests/builtin-nodejs.test.cjs
Test on node 20.x (macos-latest)	Run Node.js tests	2026-09-16T08:32:44.1632670Z PASS tests/builtin-nodejs.test.mjs
Test on node 20.x (macos-latest)	Run Node.js tests	2026-09-16T08:32:44.2125800Z PASS tests/fs-promises.test.mjs
Test on node 20.x (macos-latest)	Run Node.js tests	2026-09-16T08:32:44.2886560Z PASS tests/builtin-backward-compatibility.test.cjs
Test on node 20.x (macos-latest)	Run Node.js tests	2026-09-16T08:32:44.3771370Z PASS tests/builtin-backward-compatibility.test.mjs
Test on node 20.x (macos-latest)	Run Node.js tests	2026-09-16T08:32:44.4274470Z PASS tests/release-workflow-policy.test.mjs
Test on node 20.x (macos-latest)	Run Node.js tests	2026-09-16T08:32:44.4788290Z PASS tests/fallback.test.cjs
Test on node 20.x (macos-latest)	Run Node.js tests	2026-09-16T08:32:44.5309870Z PASS tests/fallback.test.mjs
Test on node 20.x (macos-latest)	Run Node.js tests	2026-09-16T08:32:50.5162910Z PASS tests/resolvers.test.mjs (5.977 s)
Test on node 20.x (macos-latest)	Run Node.js tests	2026-09-16T08:32:56.3037610Z PASS tests/builtin-browser.test.mjs (5.788 s)
Test on node 20.x (macos-latest)	Run Node.js tests	2026-09-16T08:32:59.0963980Z PASS tests/relative-paths-browser.test.mjs
Test on node 20.x (macos-latest)	Run Node.js tests	2026-09-16T08:33:01.9103820Z PASS tests/resolvers.test.cjs
Test on node 20.x (macos-latest)	Run Node.js tests	2026-09-16T08:33:04.3601330Z PASS tests/use.test.cjs
Test on node 20.x (macos-latest)	Run Node.js tests	2026-09-16T08:33:04.4212050Z PASS tests/filename.test.mjs
Test on node 20.x (macos-latest)	Run Node.js tests	2026-09-16T08:33:04.5149070Z PASS tests/root-entries.test.mjs
Test on node 20.x (macos-latest)	Run Node.js tests	2026-09-16T08:33:05.6053380Z PASS tests/use.test.mjs
Test on node 20.x (macos-latest)	Run Node.js tests	2026-09-16T08:33:05.6704140Z (node:9111) [DEP0125] DeprecationWarning: The _stream_wrap module is deprecated.
Test on node 20.x (macos-latest)	Run Node.js tests	2026-09-16T08:33:05.6705650Z (node:9111) [DEP0025] DeprecationWarning: sys is deprecated. Use util instead.
Test on node 20.x (macos-latest)	Run Node.js tests	2026-09-16T08:33:05.6707690Z (node:9111) ExperimentalWarning: WASI is an experimental feature and might change at any time
Test on node 20.x (macos-latest)	Run Node.js tests	2026-09-16T08:33:05.6831890Z PASS tests/dynamic-builtins.test.cjs
Test on node 20.x (macos-latest)	Run Node.js tests	2026-09-16T08:33:05.7603850Z PASS tests/dynamic-builtins.test.mjs
Test on node 20.x (macos-latest)	Run Node.js tests	2026-09-16T08:33:05.8086260Z PASS tests/filename.test.cjs
Test on node 20.x (macos-latest)	Run Node.js tests	2026-09-16T08:33:08.1825220Z PASS tests/esm-sh-polyfill-browser.test.mjs
Test on node 20.x (macos-latest)	Run Node.js tests	2026-09-16T08:33:08.7434680Z PASS tests/builtin-errors.test.mjs
Test on node 20.x (macos-latest)	Run Node.js tests	2026-09-16T08:33:09.3155430Z PASS tests/builtin-errors.test.cjs
Test on node 20.x (macos-latest)	Run Node.js tests	2026-09-16T08:33:09.8081350Z PASS tests/relative-paths.test.cjs
Test on node 20.x (macos-latest)	Run Node.js tests	2026-09-16T08:33:10.0654120Z PASS tests/relative-paths.test.mjs
Test on node 20.x (macos-latest)	Run Node.js tests	2026-09-16T08:33:10.1194510Z PASS tests/module-specifier.test.cjs
Test on node 20.x (macos-latest)	Run Node.js tests	2026-09-16T08:33:10.1729150Z PASS tests/module-specifier.test.mjs
Test on node 20.x (macos-latest)	Run Node.js tests	2026-09-16T08:33:10.2240530Z PASS tests/deno-support.test.cjs
Test on node 20.x (macos-latest)	Run Node.js tests	2026-09-16T08:33:10.2726550Z PASS tests/deno-support.test.mjs
Test on node 20.x (macos-latest)	Run Node.js tests	2026-09-16T08:33:10.5840420Z PASS tests/relative-paths.integration.test.mjs
Test on node 20.x (macos-latest)	Run Node.js tests	2026-09-16T08:33:10.5925520Z   ● Console
Test on node 20.x (macos-latest)	Run Node.js tests	2026-09-16T08:33:10.5928870Z 
Test on node 20.x (macos-latest)	Run Node.js tests	2026-09-16T08:33:10.5929360Z     console.log
Test on node 20.x (macos-latest)	Run Node.js tests	2026-09-16T08:33:10.5930260Z       /Users/runner/work/use-m/use-m/tests
Test on node 20.x (macos-latest)	Run Node.js tests	2026-09-16T08:33:10.5930610Z 
Test on node 20.x (macos-latest)	Run Node.js tests	2026-09-16T08:33:10.5931360Z       at Object.<anonymous> (tests/relative-paths.integration.test.mjs:29:15)
Test on node 20.x (macos-latest)	Run Node.js tests	2026-09-16T08:33:10.5931830Z 
Test on node 20.x (macos-latest)	Run Node.js tests	2026-09-16T08:33:10.5931990Z     console.log
Test on node 20.x (macos-latest)	Run Node.js tests	2026-09-16T08:33:10.5932410Z       Testing relative paths from tests directory...
Test on node 20.x (macos-latest)	Run Node.js tests	2026-09-16T08:33:10.5932740Z       
Test on node 20.x (macos-latest)	Run Node.js tests	2026-09-16T08:33:10.5933130Z       1. Testing ./browser-server/test-helper.js
Test on node 20.x (macos-latest)	Run Node.js tests	2026-09-16T08:33:10.5933830Z          ✓ Message: Helper module loaded
Test on node 20.x (macos-latest)	Run Node.js tests	2026-09-16T08:33:10.5934130Z       
Test on node 20.x (macos-latest)	Run Node.js tests	2026-09-16T08:33:10.5934550Z       2. Testing ./browser-server/test-data.json
Test on node 20.x (macos-latest)	Run Node.js tests	2026-09-16T08:33:10.5934930Z          ✓ Value: 123
Test on node 20.x (macos-latest)	Run Node.js tests	2026-09-16T08:33:10.5935310Z          ✓ Test: data
Test on node 20.x (macos-latest)	Run Node.js tests	2026-09-16T08:33:10.5935590Z       
Test on node 20.x (macos-latest)	Run Node.js tests	2026-09-16T08:33:10.5935850Z       3. Testing ../src/use.mjs
Test on node 20.x (macos-latest)	Run Node.js tests	2026-09-16T08:33:10.5937210Z          ✓ use function exists: true
Test on node 20.x (macos-latest)	Run Node.js tests	2026-09-16T08:33:10.5937530Z       
Test on node 20.x (macos-latest)	Run Node.js tests	2026-09-16T08:33:10.5937810Z       4. Testing ./browser-server/subfolder/nested.js
Test on node 20.x (macos-latest)	Run Node.js tests	2026-09-16T08:33:10.5938230Z          ✓ Nested: true Level: subfolder
Test on node 20.x (macos-latest)	Run Node.js tests	2026-09-16T08:33:10.5938530Z       
Test on node 20.x (macos-latest)	Run Node.js tests	2026-09-16T08:33:10.5943360Z       5. Testing ./browser-server/subfolder/nested-data.json
Test on node 20.x (macos-latest)	Run Node.js tests	2026-09-16T08:33:10.5944190Z          ✓ Level: nested Depth: 1
Test on node 20.x (macos-latest)	Run Node.js tests	2026-09-16T08:33:10.5944620Z       
Test on node 20.x (macos-latest)	Run Node.js tests	2026-09-16T08:33:10.5944900Z       6. Testing ../package.json
Test on node 20.x (macos-latest)	Run Node.js tests	2026-09-16T08:33:10.5945280Z          ✓ Package name: use-m
Test on node 20.x (macos-latest)	Run Node.js tests	2026-09-16T08:33:10.5945540Z       
Test on node 20.x (macos-latest)	Run Node.js tests	2026-09-16T08:33:10.5945890Z       ✅ All direct tests passed!
Test on node 20.x (macos-latest)	Run Node.js tests	2026-09-16T08:33:10.5946100Z 
Test on node 20.x (macos-latest)	Run Node.js tests	2026-09-16T08:33:10.5946390Z       at Object.<anonymous> (tests/relative-paths.integration.test.mjs:39:15)
Test on node 20.x (macos-latest)	Run Node.js tests	2026-09-16T08:33:10.5946770Z 
Test on node 20.x (macos-latest)	Run Node.js tests	2026-09-16T08:33:10.6472280Z PASS tests/builtin-universal.test.cjs
Test on node 20.x (macos-latest)	Run Node.js tests	2026-09-16T08:33:10.6999630Z PASS tests/builtin-universal.test.mjs
Test on node 20.x (macos-latest)	Run Node.js tests	2026-09-16T08:33:11.2369330Z PASS tests/loader.test.mjs
Test on node 20.x (macos-latest)	Run Node.js tests	2026-09-16T08:33:11.7123300Z PASS tests/network-imports.test.mjs
Test on node 20.x (macos-latest)	Run Node.js tests	2026-09-16T08:33:12.2543900Z PASS tests/network-imports.test.cjs
Test on node 20.x (macos-latest)	Run Node.js tests	2026-09-16T08:33:12.3147010Z PASS tests/script-sync.test.mjs
Test on node 20.x (macos-latest)	Run Node.js tests	2026-09-16T08:33:14.5046840Z PASS tests/lodash.test.mjs
Test on node 20.x (macos-latest)	Run Node.js tests	2026-09-16T08:33:14.5720790Z PASS tests/get-script-url.test.cjs
Test on node 20.x (macos-latest)	Run Node.js tests	2026-09-16T08:33:16.3150300Z PASS tests/lodash.test.cjs
Test on node 20.x (macos-latest)	Run Node.js tests	2026-09-16T08:33:16.3783810Z PASS tests/get-script-url.test.mjs
Test on node 20.x (macos-latest)	Run Node.js tests	2026-09-16T08:33:17.1248330Z PASS tests/command-stream.test.cjs
Test on node 20.x (macos-latest)	Run Node.js tests	2026-09-16T08:33:17.5198380Z PASS tests/command-stream.test.mjs
Test on node 20.x (macos-latest)	Run Node.js tests	2026-09-16T08:33:17.5711670Z PASS tests/import.test.mjs
Test on node 20.x (macos-latest)	Run Node.js tests	2026-09-16T08:33:17.6219330Z PASS tests/import.test.cjs
Test on node 20.x (macos-latest)	Run Node.js tests	2026-09-16T08:33:19.6897510Z PASS tests/typescript.test.cjs
Test on node 20.x (macos-latest)	Run Node.js tests	2026-09-16T08:33:20.4313970Z PASS tests/typescript.test.mjs
Test on node 20.x (macos-latest)	Run Node.js tests	2026-09-16T08:33:20.4414000Z 
Test on node 20.x (macos-latest)	Run Node.js tests	2026-09-16T08:33:20.4453470Z Test Suites: 49 passed, 49 total
Test on node 20.x (macos-latest)	Run Node.js tests	2026-09-16T08:33:20.4456010Z Tests:       458 passed, 458 total
Test on node 20.x (macos-latest)	Run Node.js tests	2026-09-16T08:33:20.4492070Z Snapshots:   0 total
Test on node 20.x (macos-latest)	Run Node.js tests	2026-09-16T08:33:20.4534790Z Time:        43.153 s
Test on node 20.x (macos-latest)	Run Node.js tests	2026-09-16T08:33:20.4535270Z Ran all test suites.
Test on node 20.x (macos-latest)	Post Setup Node.js	﻿2026-09-16T08:33:20.5932410Z Post job cleanup.
Test on node 20.x (macos-latest)	Post Setup Node.js	2026-09-16T08:33:20.9470780Z Cache hit occurred on the primary key node-cache-macOS-arm64-npm-12813ae39a61b5fed7681502803cfede24735d033f8430fc26d535be6b212b6a, not saving cache.
Test on node 20.x (macos-latest)	Post Checkout code	﻿2026-09-16T08:33:20.9595970Z Post job cleanup.
Test on node 20.x (macos-latest)	Post Checkout code	2026-09-16T08:33:21.0649130Z [command]/opt/homebrew/bin/git version
Test on node 20.x (macos-latest)	Post Checkout code	2026-09-16T08:33:21.0863560Z git version 2.55.0
Test on node 20.x (macos-latest)	Post Checkout code	2026-09-16T08:33:21.0884340Z Copying '/Users/runner/.gitconfig' to '/Users/runner/work/_temp/77c3bd6d-1f82-4e21-902f-6174379a8247/.gitconfig'
Test on node 20.x (macos-latest)	Post Checkout code	2026-09-16T08:33:21.0893170Z Temporarily overriding HOME='/Users/runner/work/_temp/77c3bd6d-1f82-4e21-902f-6174379a8247' before making global git config changes
Test on node 20.x (macos-latest)	Post Checkout code	2026-09-16T08:33:21.0894750Z Adding repository directory to the temporary git global config as a safe directory
Test on node 20.x (macos-latest)	Post Checkout code	2026-09-16T08:33:21.0896390Z [command]/opt/homebrew/bin/git config --global --add safe.directory /Users/runner/work/use-m/use-m
Test on node 20.x (macos-latest)	Post Checkout code	2026-09-16T08:33:21.1007200Z Removing SSH command configuration
Test on node 20.x (macos-latest)	Post Checkout code	2026-09-16T08:33:21.1012390Z [command]/opt/homebrew/bin/git config --local --name-only --get-regexp core\.sshCommand
Test on node 20.x (macos-latest)	Post Checkout code	2026-09-16T08:33:21.1076790Z [command]/opt/homebrew/bin/git submodule foreach --recursive sh -c "git config --local --name-only --get-regexp 'core\.sshCommand' && git config --local --unset-all 'core.sshCommand' || :"
Test on node 20.x (macos-latest)	Post Checkout code	2026-09-16T08:33:21.2280950Z Removing HTTP extra header
Test on node 20.x (macos-latest)	Post Checkout code	2026-09-16T08:33:21.2287000Z [command]/opt/homebrew/bin/git config --local --name-only --get-regexp http\.https\:\/\/github\.com\/\.extraheader
Test on node 20.x (macos-latest)	Post Checkout code	2026-09-16T08:33:21.2353820Z [command]/opt/homebrew/bin/git submodule foreach --recursive sh -c "git config --local --name-only --get-regexp 'http\.https\:\/\/github\.com\/\.extraheader' && git config --local --unset-all 'http.https://github.com/.extraheader' || :"
Test on node 20.x (macos-latest)	Post Checkout code	2026-09-16T08:33:21.3253970Z Removing includeIf entries pointing to credentials config files
Test on node 20.x (macos-latest)	Post Checkout code	2026-09-16T08:33:21.3271880Z [command]/opt/homebrew/bin/git config --local --name-only --get-regexp ^includeIf\.gitdir:
Test on node 20.x (macos-latest)	Post Checkout code	2026-09-16T08:33:21.3311480Z includeif.gitdir:/Users/runner/work/use-m/use-m/.git.path
Test on node 20.x (macos-latest)	Post Checkout code	2026-09-16T08:33:21.3416260Z includeif.gitdir:/Users/runner/work/use-m/use-m/.git/worktrees/*.path
Test on node 20.x (macos-latest)	Post Checkout code	2026-09-16T08:33:21.3523830Z includeif.gitdir:/github/workspace/.git.path
Test on node 20.x (macos-latest)	Post Checkout code	2026-09-16T08:33:21.3626030Z includeif.gitdir:/github/workspace/.git/worktrees/*.path
Test on node 20.x (macos-latest)	Post Checkout code	2026-09-16T08:33:21.3848930Z [command]/opt/homebrew/bin/git config --local --get-all includeif.gitdir:/Users/runner/work/use-m/use-m/.git.path
Test on node 20.x (macos-latest)	Post Checkout code	2026-09-16T08:33:21.3984070Z /Users/runner/work/_temp/git-credentials-88a9e2a7-fb65-47dc-818c-7a2cd602f3d5.config
Test on node 20.x (macos-latest)	Post Checkout code	2026-09-16T08:33:21.3990070Z [command]/opt/homebrew/bin/git config --local --unset includeif.gitdir:/Users/runner/work/use-m/use-m/.git.path /Users/runner/work/_temp/git-credentials-88a9e2a7-fb65-47dc-818c-7a2cd602f3d5.config
Test on node 20.x (macos-latest)	Post Checkout code	2026-09-16T08:33:21.3991590Z [command]/opt/homebrew/bin/git config --local --get-all includeif.gitdir:/Users/runner/work/use-m/use-m/.git/worktrees/*.path
Test on node 20.x (macos-latest)	Post Checkout code	2026-09-16T08:33:21.3992530Z /Users/runner/work/_temp/git-credentials-88a9e2a7-fb65-47dc-818c-7a2cd602f3d5.config
Test on node 20.x (macos-latest)	Post Checkout code	2026-09-16T08:33:21.3994090Z [command]/opt/homebrew/bin/git config --local --unset includeif.gitdir:/Users/runner/work/use-m/use-m/.git/worktrees/*.path /Users/runner/work/_temp/git-credentials-88a9e2a7-fb65-47dc-818c-7a2cd602f3d5.config
Test on node 20.x (macos-latest)	Post Checkout code	2026-09-16T08:33:21.3995340Z [command]/opt/homebrew/bin/git config --local --get-all includeif.gitdir:/github/workspace/.git.path
Test on node 20.x (macos-latest)	Post Checkout code	2026-09-16T08:33:21.3995980Z /github/runner_temp/git-credentials-88a9e2a7-fb65-47dc-818c-7a2cd602f3d5.config
Test on node 20.x (macos-latest)	Post Checkout code	2026-09-16T08:33:21.3997190Z [command]/opt/homebrew/bin/git config --local --unset includeif.gitdir:/github/workspace/.git.path /github/runner_temp/git-credentials-88a9e2a7-fb65-47dc-818c-7a2cd602f3d5.config
Test on node 20.x (macos-latest)	Post Checkout code	2026-09-16T08:33:21.4059630Z [command]/opt/homebrew/bin/git config --local --get-all includeif.gitdir:/github/workspace/.git/worktrees/*.path
Test on node 20.x (macos-latest)	Post Checkout code	2026-09-16T08:33:21.4123260Z /github/runner_temp/git-credentials-88a9e2a7-fb65-47dc-818c-7a2cd602f3d5.config
Test on node 20.x (macos-latest)	Post Checkout code	2026-09-16T08:33:21.4141450Z [command]/opt/homebrew/bin/git config --local --unset includeif.gitdir:/github/workspace/.git/worktrees/*.path /github/runner_temp/git-credentials-88a9e2a7-fb65-47dc-818c-7a2cd602f3d5.config
Test on node 20.x (macos-latest)	Post Checkout code	2026-09-16T08:33:21.4268740Z [command]/opt/homebrew/bin/git submodule foreach --recursive git config --local --show-origin --name-only --get-regexp remote.origin.url
Test on node 20.x (macos-latest)	Post Checkout code	2026-09-16T08:33:21.5081440Z Removing credentials config '/Users/runner/work/_temp/git-credentials-88a9e2a7-fb65-47dc-818c-7a2cd602f3d5.config'
Test on node 20.x (macos-latest)	Complete job	﻿2026-09-16T08:33:21.5200660Z Cleaning up orphan processes
Test on node 20.x (ubuntu-latest)	Set up job	﻿2026-09-16T08:32:17.0049033Z Current runner version: '2.337.0'
Test on node 20.x (ubuntu-latest)	Set up job	2026-09-16T08:32:17.0075137Z ##[group]Runner Image Provisioner
Test on node 20.x (ubuntu-latest)	Set up job	2026-09-16T08:32:17.0076018Z Hosted Compute Agent
Test on node 20.x (ubuntu-latest)	Set up job	2026-09-16T08:32:17.0076586Z Version: 20260828.587
Test on node 20.x (ubuntu-latest)	Set up job	2026-09-16T08:32:17.0077333Z Commit: abac92662cab4cc7352de4f9f9d2e2419aad9c29
Test on node 20.x (ubuntu-latest)	Set up job	2026-09-16T08:32:17.0078111Z Build Date: 2026-08-28T16:44:25Z
Test on node 20.x (ubuntu-latest)	Set up job	2026-09-16T08:32:17.0078861Z Worker ID: {41f9208c-6af5-4461-aec0-56ad0034a420}
Test on node 20.x (ubuntu-latest)	Set up job	2026-09-16T08:32:17.0079601Z Azure Region: westus
Test on node 20.x (ubuntu-latest)	Set up job	2026-09-16T08:32:17.0080154Z ##[endgroup]
Test on node 20.x (ubuntu-latest)	Set up job	2026-09-16T08:32:17.0082041Z ##[group]Operating System
Test on node 20.x (ubuntu-latest)	Set up job	2026-09-16T08:32:17.0082715Z Ubuntu
Test on node 20.x (ubuntu-latest)	Set up job	2026-09-16T08:32:17.0083360Z 24.04.5
Test on node 20.x (ubuntu-latest)	Set up job	2026-09-16T08:32:17.0084129Z LTS
Test on node 20.x (ubuntu-latest)	Set up job	2026-09-16T08:32:17.0084678Z ##[endgroup]
Test on node 20.x (ubuntu-latest)	Set up job	2026-09-16T08:32:17.0085325Z ##[group]Runner Image
Test on node 20.x (ubuntu-latest)	Set up job	2026-09-16T08:32:17.0085914Z Image: ubuntu-24.04
Test on node 20.x (ubuntu-latest)	Set up job	2026-09-16T08:32:17.0086466Z Version: 20260907.300.1
Test on node 20.x (ubuntu-latest)	Set up job	2026-09-16T08:32:17.0087575Z Included Software: https://github.com/actions/runner-images/blob/ubuntu24/20260907.300/images/ubuntu/Ubuntu2404-Readme.md
Test on node 20.x (ubuntu-latest)	Set up job	2026-09-16T08:32:17.0089401Z Image Release: https://github.com/actions/runner-images/releases/tag/ubuntu24%2F20260907.300
Test on node 20.x (ubuntu-latest)	Set up job	2026-09-16T08:32:17.0090360Z ##[endgroup]
Test on node 20.x (ubuntu-latest)	Set up job	2026-09-16T08:32:17.0091500Z ##[group]GITHUB_TOKEN Permissions
Test on node 20.x (ubuntu-latest)	Set up job	2026-09-16T08:32:17.0093346Z Contents: read
Test on node 20.x (ubuntu-latest)	Set up job	2026-09-16T08:32:17.0094364Z Metadata: read
Test on node 20.x (ubuntu-latest)	Set up job	2026-09-16T08:32:17.0095115Z ##[endgroup]
Test on node 20.x (ubuntu-latest)	Set up job	2026-09-16T08:32:17.0097206Z Secret source: Actions
Test on node 20.x (ubuntu-latest)	Set up job	2026-09-16T08:32:17.0098277Z Cache mode: write
Test on node 20.x (ubuntu-latest)	Set up job	2026-09-16T08:32:17.0098972Z Prepare workflow directory
Test on node 20.x (ubuntu-latest)	Set up job	2026-09-16T08:32:17.0465325Z Prepare all required actions
Test on node 20.x (ubuntu-latest)	Set up job	2026-09-16T08:32:17.0539076Z Getting action download info
Test on node 20.x (ubuntu-latest)	Set up job	2026-09-16T08:32:17.4439597Z Download action repository 'actions/checkout@v6' (SHA:d23441a48e516b6c34aea4fa41551a30e30af803)
Test on node 20.x (ubuntu-latest)	Set up job	2026-09-16T08:32:17.5783652Z Download action repository 'actions/setup-node@v6' (SHA:249970729cb0ef3589644e2896645e5dc5ba9c38)
Test on node 20.x (ubuntu-latest)	Set up job	2026-09-16T08:32:17.6680589Z Download action repository 'oven-sh/setup-bun@v2' (SHA:0c5077e51419868618aeaa5fe8019c62421857d6)
Test on node 20.x (ubuntu-latest)	Set up job	2026-09-16T08:32:18.0450928Z Download action repository 'denoland/setup-deno@v2' (SHA:22d081ff2d3a40755e97629de92e3bcbfa7cf2ed)
Test on node 20.x (ubuntu-latest)	Set up job	2026-09-16T08:32:18.5268336Z Complete job name: Test on node 20.x (ubuntu-latest)
Test on node 20.x (ubuntu-latest)	Checkout code	﻿2026-09-16T08:32:18.6096714Z ##[group]Run actions/checkout@v6
Test on node 20.x (ubuntu-latest)	Checkout code	2026-09-16T08:32:18.6097721Z with:
Test on node 20.x (ubuntu-latest)	Checkout code	2026-09-16T08:32:18.6098252Z   repository: link-foundation/use-m
Test on node 20.x (ubuntu-latest)	Checkout code	2026-09-16T08:32:18.6102224Z   token: ***
Test on node 20.x (ubuntu-latest)	Checkout code	2026-09-16T08:32:18.6102702Z   ssh-strict: true
Test on node 20.x (ubuntu-latest)	Checkout code	2026-09-16T08:32:18.6103191Z   ssh-user: git
Test on node 20.x (ubuntu-latest)	Checkout code	2026-09-16T08:32:18.6103678Z   persist-credentials: true
Test on node 20.x (ubuntu-latest)	Checkout code	2026-09-16T08:32:18.6104499Z   clean: true
Test on node 20.x (ubuntu-latest)	Checkout code	2026-09-16T08:32:18.6105030Z   sparse-checkout-cone-mode: true
Test on node 20.x (ubuntu-latest)	Checkout code	2026-09-16T08:32:18.6105597Z   fetch-depth: 1
Test on node 20.x (ubuntu-latest)	Checkout code	2026-09-16T08:32:18.6106066Z   fetch-tags: false
Test on node 20.x (ubuntu-latest)	Checkout code	2026-09-16T08:32:18.6106547Z   show-progress: true
Test on node 20.x (ubuntu-latest)	Checkout code	2026-09-16T08:32:18.6107031Z   lfs: false
Test on node 20.x (ubuntu-latest)	Checkout code	2026-09-16T08:32:18.6107480Z   submodules: false
Test on node 20.x (ubuntu-latest)	Checkout code	2026-09-16T08:32:18.6107999Z   set-safe-directory: true
Test on node 20.x (ubuntu-latest)	Checkout code	2026-09-16T08:32:18.6108557Z   allow-unsafe-pr-checkout: false
Test on node 20.x (ubuntu-latest)	Checkout code	2026-09-16T08:32:18.6109438Z ##[endgroup]
Test on node 20.x (ubuntu-latest)	Checkout code	2026-09-16T08:32:18.7159686Z Syncing repository: link-foundation/use-m
Test on node 20.x (ubuntu-latest)	Checkout code	2026-09-16T08:32:18.7163213Z ##[group]Getting Git version info
Test on node 20.x (ubuntu-latest)	Checkout code	2026-09-16T08:32:18.7164760Z Working directory is '/home/runner/work/use-m/use-m'
Test on node 20.x (ubuntu-latest)	Checkout code	2026-09-16T08:32:18.7166725Z [command]/usr/bin/git version
Test on node 20.x (ubuntu-latest)	Checkout code	2026-09-16T08:32:18.7215529Z git version 2.55.0
Test on node 20.x (ubuntu-latest)	Checkout code	2026-09-16T08:32:18.7239738Z ##[endgroup]
Test on node 20.x (ubuntu-latest)	Checkout code	2026-09-16T08:32:18.7255834Z Temporarily overriding HOME='/home/runner/work/_temp/13ab57e6-e466-4264-819d-d81470fd66d7' before making global git config changes
Test on node 20.x (ubuntu-latest)	Checkout code	2026-09-16T08:32:18.7258519Z Adding repository directory to the temporary git global config as a safe directory
Test on node 20.x (ubuntu-latest)	Checkout code	2026-09-16T08:32:18.7260658Z [command]/usr/bin/git config --global --add safe.directory /home/runner/work/use-m/use-m
Test on node 20.x (ubuntu-latest)	Checkout code	2026-09-16T08:32:18.7314366Z Deleting the contents of '/home/runner/work/use-m/use-m'
Test on node 20.x (ubuntu-latest)	Checkout code	2026-09-16T08:32:18.7325827Z ##[group]Determining repository object format
Test on node 20.x (ubuntu-latest)	Checkout code	2026-09-16T08:32:18.7327493Z ##[endgroup]
Test on node 20.x (ubuntu-latest)	Checkout code	2026-09-16T08:32:18.7335245Z ##[group]Initializing the repository
Test on node 20.x (ubuntu-latest)	Checkout code	2026-09-16T08:32:18.7337607Z [command]/usr/bin/git init /home/runner/work/use-m/use-m
Test on node 20.x (ubuntu-latest)	Checkout code	2026-09-16T08:32:18.7435009Z hint: Using 'master' as the name for the initial branch. This default branch name
Test on node 20.x (ubuntu-latest)	Checkout code	2026-09-16T08:32:18.7437091Z hint: will change to "main" in Git 3.0. To configure the initial branch name
Test on node 20.x (ubuntu-latest)	Checkout code	2026-09-16T08:32:18.7439012Z hint: to use in all of your new repositories, which will suppress this warning,
Test on node 20.x (ubuntu-latest)	Checkout code	2026-09-16T08:32:18.7440425Z hint: call:
Test on node 20.x (ubuntu-latest)	Checkout code	2026-09-16T08:32:18.7441272Z hint:
Test on node 20.x (ubuntu-latest)	Checkout code	2026-09-16T08:32:18.7442250Z hint: 	git config --global init.defaultBranch <name>
Test on node 20.x (ubuntu-latest)	Checkout code	2026-09-16T08:32:18.7443540Z hint:
Test on node 20.x (ubuntu-latest)	Checkout code	2026-09-16T08:32:18.7444934Z hint: Names commonly chosen instead of 'master' are 'main', 'trunk' and
Test on node 20.x (ubuntu-latest)	Checkout code	2026-09-16T08:32:18.7446674Z hint: 'development'. The just-created branch can be renamed via this command:
Test on node 20.x (ubuntu-latest)	Checkout code	2026-09-16T08:32:18.7448088Z hint:
Test on node 20.x (ubuntu-latest)	Checkout code	2026-09-16T08:32:18.7449192Z hint: 	git branch -m <name>
Test on node 20.x (ubuntu-latest)	Checkout code	2026-09-16T08:32:18.7450184Z hint:
Test on node 20.x (ubuntu-latest)	Checkout code	2026-09-16T08:32:18.7451399Z hint: Disable this message with "git config set advice.defaultBranchName false"
Test on node 20.x (ubuntu-latest)	Checkout code	2026-09-16T08:32:18.7453182Z Initialized empty Git repository in /home/runner/work/use-m/use-m/.git/
Test on node 20.x (ubuntu-latest)	Checkout code	2026-09-16T08:32:18.7455900Z [command]/usr/bin/git remote add origin https://github.com/link-foundation/use-m
Test on node 20.x (ubuntu-latest)	Checkout code	2026-09-16T08:32:18.7499882Z ##[endgroup]
Test on node 20.x (ubuntu-latest)	Checkout code	2026-09-16T08:32:18.7501396Z ##[group]Disabling automatic garbage collection
Test on node 20.x (ubuntu-latest)	Checkout code	2026-09-16T08:32:18.7503718Z [command]/usr/bin/git config --local gc.auto 0
Test on node 20.x (ubuntu-latest)	Checkout code	2026-09-16T08:32:18.7538343Z ##[endgroup]
Test on node 20.x (ubuntu-latest)	Checkout code	2026-09-16T08:32:18.7539990Z ##[group]Setting up auth
Test on node 20.x (ubuntu-latest)	Checkout code	2026-09-16T08:32:18.7541025Z Removing SSH command configuration
Test on node 20.x (ubuntu-latest)	Checkout code	2026-09-16T08:32:18.7636698Z [command]/usr/bin/git config --local --name-only --get-regexp core\.sshCommand
Test on node 20.x (ubuntu-latest)	Checkout code	2026-09-16T08:32:18.7647829Z [command]/usr/bin/git submodule foreach --recursive sh -c "git config --local --name-only --get-regexp 'core\.sshCommand' && git config --local --unset-all 'core.sshCommand' || :"
Test on node 20.x (ubuntu-latest)	Checkout code	2026-09-16T08:32:18.7975364Z Removing HTTP extra header
Test on node 20.x (ubuntu-latest)	Checkout code	2026-09-16T08:32:18.7983129Z [command]/usr/bin/git config --local --name-only --get-regexp http\.https\:\/\/github\.com\/\.extraheader
Test on node 20.x (ubuntu-latest)	Checkout code	2026-09-16T08:32:18.8037156Z [command]/usr/bin/git submodule foreach --recursive sh -c "git config --local --name-only --get-regexp 'http\.https\:\/\/github\.com\/\.extraheader' && git config --local --unset-all 'http.https://github.com/.extraheader' || :"
Test on node 20.x (ubuntu-latest)	Checkout code	2026-09-16T08:32:18.8269803Z Removing includeIf entries pointing to credentials config files
Test on node 20.x (ubuntu-latest)	Checkout code	2026-09-16T08:32:18.8277725Z [command]/usr/bin/git config --local --name-only --get-regexp ^includeIf\.gitdir:
Test on node 20.x (ubuntu-latest)	Checkout code	2026-09-16T08:32:18.8317827Z [command]/usr/bin/git submodule foreach --recursive git config --local --show-origin --name-only --get-regexp remote.origin.url
Test on node 20.x (ubuntu-latest)	Checkout code	2026-09-16T08:32:18.8550493Z [command]/usr/bin/git config --file /home/runner/work/_temp/git-credentials-9fa04005-a6ab-4c5b-a235-aa5d01ffeac2.config http.https://github.com/.extraheader AUTHORIZATION: basic ***
Test on node 20.x (ubuntu-latest)	Checkout code	2026-09-16T08:32:18.8593714Z [command]/usr/bin/git config --local includeIf.gitdir:/home/runner/work/use-m/use-m/.git.path /home/runner/work/_temp/git-credentials-9fa04005-a6ab-4c5b-a235-aa5d01ffeac2.config
Test on node 20.x (ubuntu-latest)	Checkout code	2026-09-16T08:32:18.8634447Z [command]/usr/bin/git config --local includeIf.gitdir:/home/runner/work/use-m/use-m/.git/worktrees/*.path /home/runner/work/_temp/git-credentials-9fa04005-a6ab-4c5b-a235-aa5d01ffeac2.config
Test on node 20.x (ubuntu-latest)	Checkout code	2026-09-16T08:32:18.8671116Z [command]/usr/bin/git config --local includeIf.gitdir:/github/workspace/.git.path /github/runner_temp/git-credentials-9fa04005-a6ab-4c5b-a235-aa5d01ffeac2.config
Test on node 20.x (ubuntu-latest)	Checkout code	2026-09-16T08:32:18.8705041Z [command]/usr/bin/git config --local includeIf.gitdir:/github/workspace/.git/worktrees/*.path /github/runner_temp/git-credentials-9fa04005-a6ab-4c5b-a235-aa5d01ffeac2.config
Test on node 20.x (ubuntu-latest)	Checkout code	2026-09-16T08:32:18.8737461Z ##[endgroup]
Test on node 20.x (ubuntu-latest)	Checkout code	2026-09-16T08:32:18.8738353Z ##[group]Fetching the repository
Test on node 20.x (ubuntu-latest)	Checkout code	2026-09-16T08:32:18.8745989Z [command]/usr/bin/git -c protocol.version=2 fetch --no-tags --prune --no-recurse-submodules --depth=1 origin +cf37a7ea6b52c4c42810335e94425a7a2381cf13:refs/remotes/pull/51/merge
Test on node 20.x (ubuntu-latest)	Checkout code	2026-09-16T08:32:19.6450645Z From https://github.com/link-foundation/use-m
Test on node 20.x (ubuntu-latest)	Checkout code	2026-09-16T08:32:19.6452878Z  * [new ref]         cf37a7ea6b52c4c42810335e94425a7a2381cf13 -> pull/51/merge
Test on node 20.x (ubuntu-latest)	Checkout code	2026-09-16T08:32:19.6458306Z ##[endgroup]
Test on node 20.x (ubuntu-latest)	Checkout code	2026-09-16T08:32:19.6460546Z ##[group]Determining the checkout info
Test on node 20.x (ubuntu-latest)	Checkout code	2026-09-16T08:32:19.6463233Z ##[endgroup]
Test on node 20.x (ubuntu-latest)	Checkout code	2026-09-16T08:32:19.6465637Z [command]/usr/bin/git sparse-checkout disable
Test on node 20.x (ubuntu-latest)	Checkout code	2026-09-16T08:32:19.6518265Z [command]/usr/bin/git config --local --unset-all extensions.worktreeConfig
Test on node 20.x (ubuntu-latest)	Checkout code	2026-09-16T08:32:19.6551024Z ##[group]Checking out the ref
Test on node 20.x (ubuntu-latest)	Checkout code	2026-09-16T08:32:19.6553225Z [command]/usr/bin/git checkout --progress --force refs/remotes/pull/51/merge
Test on node 20.x (ubuntu-latest)	Checkout code	2026-09-16T08:32:19.6914972Z Note: switching to 'refs/remotes/pull/51/merge'.
Test on node 20.x (ubuntu-latest)	Checkout code	2026-09-16T08:32:19.6916069Z 
Test on node 20.x (ubuntu-latest)	Checkout code	2026-09-16T08:32:19.6916843Z You are in 'detached HEAD' state. You can look around, make experimental
Test on node 20.x (ubuntu-latest)	Checkout code	2026-09-16T08:32:19.6918668Z changes and commit them, and you can discard any commits you make in this
Test on node 20.x (ubuntu-latest)	Checkout code	2026-09-16T08:32:19.6920535Z state without impacting any branches by switching back to a branch.
Test on node 20.x (ubuntu-latest)	Checkout code	2026-09-16T08:32:19.6922205Z 
Test on node 20.x (ubuntu-latest)	Checkout code	2026-09-16T08:32:19.6923480Z If you want to create a new branch to retain commits you create, you may
Test on node 20.x (ubuntu-latest)	Checkout code	2026-09-16T08:32:19.6926586Z do so (now or later) by using -c with the switch command. Example:
Test on node 20.x (ubuntu-latest)	Checkout code	2026-09-16T08:32:19.6928536Z 
Test on node 20.x (ubuntu-latest)	Checkout code	2026-09-16T08:32:19.6929402Z   git switch -c <new-branch-name>
Test on node 20.x (ubuntu-latest)	Checkout code	2026-09-16T08:32:19.6930768Z 
Test on node 20.x (ubuntu-latest)	Checkout code	2026-09-16T08:32:19.6931611Z Or undo this operation with:
Test on node 20.x (ubuntu-latest)	Checkout code	2026-09-16T08:32:19.6932931Z 
Test on node 20.x (ubuntu-latest)	Checkout code	2026-09-16T08:32:19.6933669Z   git switch -
Test on node 20.x (ubuntu-latest)	Checkout code	2026-09-16T08:32:19.6934934Z 
Test on node 20.x (ubuntu-latest)	Checkout code	2026-09-16T08:32:19.6936468Z Turn off this advice by setting config variable advice.detachedHead to false
Test on node 20.x (ubuntu-latest)	Checkout code	2026-09-16T08:32:19.6938597Z 
Test on node 20.x (ubuntu-latest)	Checkout code	2026-09-16T08:32:19.6941080Z HEAD is now at cf37a7e Merge a09e0e662b832c8e029f25fa3f31715ebf733eff into 5378cba033e9105307a25e3f1a176ff689b716f0
Test on node 20.x (ubuntu-latest)	Checkout code	2026-09-16T08:32:19.6947434Z ##[endgroup]
Test on node 20.x (ubuntu-latest)	Checkout code	2026-09-16T08:32:19.6976304Z [command]/usr/bin/git log -1 --format=%H
Test on node 20.x (ubuntu-latest)	Checkout code	2026-09-16T08:32:19.7004321Z cf37a7ea6b52c4c42810335e94425a7a2381cf13
Test on node 20.x (ubuntu-latest)	Setup Node.js	﻿2026-09-16T08:32:19.7454907Z ##[group]Run actions/setup-node@v6
Test on node 20.x (ubuntu-latest)	Setup Node.js	2026-09-16T08:32:19.7456166Z with:
Test on node 20.x (ubuntu-latest)	Setup Node.js	2026-09-16T08:32:19.7457048Z   node-version: 20.x
Test on node 20.x (ubuntu-latest)	Setup Node.js	2026-09-16T08:32:19.7458016Z   cache: npm
Test on node 20.x (ubuntu-latest)	Setup Node.js	2026-09-16T08:32:19.7458924Z   check-latest: false
Test on node 20.x (ubuntu-latest)	Setup Node.js	2026-09-16T08:32:19.7469215Z   token: ***
Test on node 20.x (ubuntu-latest)	Setup Node.js	2026-09-16T08:32:19.7470183Z   package-manager-cache: true
Test on node 20.x (ubuntu-latest)	Setup Node.js	2026-09-16T08:32:19.7471290Z ##[endgroup]
Test on node 20.x (ubuntu-latest)	Setup Node.js	2026-09-16T08:32:19.8924213Z Attempting to download 20.x...
Test on node 20.x (ubuntu-latest)	Setup Node.js	2026-09-16T08:32:20.5219841Z Acquiring 20.20.2 - x64 from https://github.com/actions/node-versions/releases/download/20.20.2-23521894959/node-20.20.2-linux-x64.tar.gz
Test on node 20.x (ubuntu-latest)	Setup Node.js	2026-09-16T08:32:20.9252057Z Extracting ...
Test on node 20.x (ubuntu-latest)	Setup Node.js	2026-09-16T08:32:20.9377481Z [command]/usr/bin/tar xz --strip 1 --warning=no-unknown-keyword --overwrite -C /home/runner/work/_temp/38999f8b-8beb-437f-9de9-8f59f12f6c16 -f /home/runner/work/_temp/6b7d885a-5e83-4359-8878-ab909a04a47c
Test on node 20.x (ubuntu-latest)	Setup Node.js	2026-09-16T08:32:21.9482509Z Adding to the cache ...
Test on node 20.x (ubuntu-latest)	Setup Node.js	2026-09-16T08:32:23.8158713Z ##[group]Environment details
Test on node 20.x (ubuntu-latest)	Setup Node.js	2026-09-16T08:32:24.0422937Z node: v20.20.2
Test on node 20.x (ubuntu-latest)	Setup Node.js	2026-09-16T08:32:24.0423551Z npm: 10.8.2
Test on node 20.x (ubuntu-latest)	Setup Node.js	2026-09-16T08:32:24.0424237Z yarn: 1.22.22
Test on node 20.x (ubuntu-latest)	Setup Node.js	2026-09-16T08:32:24.0424960Z ##[endgroup]
Test on node 20.x (ubuntu-latest)	Setup Node.js	2026-09-16T08:32:24.0447006Z [command]/opt/hostedtoolcache/node/20.20.2/x64/bin/npm config get cache
Test on node 20.x (ubuntu-latest)	Setup Node.js	2026-09-16T08:32:24.1526609Z /home/runner/.npm
Test on node 20.x (ubuntu-latest)	Setup Node.js	2026-09-16T08:32:24.4143174Z Cache hit for: node-cache-Linux-x64-npm-12813ae39a61b5fed7681502803cfede24735d033f8430fc26d535be6b212b6a
Test on node 20.x (ubuntu-latest)	Setup Node.js	2026-09-16T08:32:25.6967150Z Received 1837970 of 14420882 (12.7%), 1.8 MBs/sec
Test on node 20.x (ubuntu-latest)	Setup Node.js	2026-09-16T08:32:25.9578994Z Received 14420882 of 14420882 (100.0%), 10.9 MBs/sec
Test on node 20.x (ubuntu-latest)	Setup Node.js	2026-09-16T08:32:25.9580009Z Cache Size: ~14 MB (14420882 B)
Test on node 20.x (ubuntu-latest)	Setup Node.js	2026-09-16T08:32:25.9624245Z [command]/usr/bin/tar -xf /home/runner/work/_temp/4c343f7b-c56b-4f29-9109-06d506aaf231/cache.tzst -P -C /home/runner/work/use-m/use-m --use-compress-program unzstd
Test on node 20.x (ubuntu-latest)	Setup Node.js	2026-09-16T08:32:26.3008606Z Cache restored successfully
Test on node 20.x (ubuntu-latest)	Setup Node.js	2026-09-16T08:32:26.3023550Z Cache restored from key: node-cache-Linux-x64-npm-12813ae39a61b5fed7681502803cfede24735d033f8430fc26d535be6b212b6a
Test on node 20.x (ubuntu-latest)	Install dependencies	﻿2026-09-16T08:32:26.3295961Z ##[group]Run npm ci --no-audit --no-fund
Test on node 20.x (ubuntu-latest)	Install dependencies	2026-09-16T08:32:26.3296618Z ^[[36;1mnpm ci --no-audit --no-fund^[[0m
Test on node 20.x (ubuntu-latest)	Install dependencies	2026-09-16T08:32:26.3355182Z shell: /usr/bin/bash -e {0}
Test on node 20.x (ubuntu-latest)	Install dependencies	2026-09-16T08:32:26.3355646Z ##[endgroup]
Test on node 20.x (ubuntu-latest)	Install dependencies	2026-09-16T08:32:34.6276097Z 
Test on node 20.x (ubuntu-latest)	Install dependencies	2026-09-16T08:32:34.6287012Z added 476 packages in 8s
Test on node 20.x (ubuntu-latest)	Run Node.js tests	﻿2026-09-16T08:32:34.6578801Z ##[group]Run npm test -- --runInBand
Test on node 20.x (ubuntu-latest)	Run Node.js tests	2026-09-16T08:32:34.6579404Z ^[[36;1mnpm test -- --runInBand^[[0m
Test on node 20.x (ubuntu-latest)	Run Node.js tests	2026-09-16T08:32:34.6627390Z shell: /usr/bin/bash -e {0}
Test on node 20.x (ubuntu-latest)	Run Node.js tests	2026-09-16T08:32:34.6627815Z ##[endgroup]
Test on node 20.x (ubuntu-latest)	Run Node.js tests	2026-09-16T08:32:34.7835791Z 
Test on node 20.x (ubuntu-latest)	Run Node.js tests	2026-09-16T08:32:34.7836735Z > use-m@8.16.0 test
Test on node 20.x (ubuntu-latest)	Run Node.js tests	2026-09-16T08:32:34.7837635Z > NODE_OPTIONS="--experimental-vm-modules" jest --runInBand
Test on node 20.x (ubuntu-latest)	Run Node.js tests	2026-09-16T08:32:34.7838173Z 
Test on node 20.x (ubuntu-latest)	Run Node.js tests	2026-09-16T08:32:35.3136015Z (node:2360) ExperimentalWarning: VM Modules is an experimental feature and might change at any time
Test on node 20.x (ubuntu-latest)	Run Node.js tests	2026-09-16T08:32:35.3137108Z (Use `node --trace-warnings ...` to show where the warning was created)
Test on node 20.x (ubuntu-latest)	Run Node.js tests	2026-09-16T08:32:38.2464735Z PASS tests/npm-global-prefix.test.cjs
Test on node 20.x (ubuntu-latest)	Run Node.js tests	2026-09-16T08:32:41.1354270Z PASS tests/npm-global-prefix.test.mjs
Test on node 20.x (ubuntu-latest)	Run Node.js tests	2026-09-16T08:32:41.2852979Z PASS tests/load.test.mjs
Test on node 20.x (ubuntu-latest)	Run Node.js tests	2026-09-16T08:32:41.4481908Z PASS tests/load.test.cjs
Test on node 20.x (ubuntu-latest)	Run Node.js tests	2026-09-16T08:32:41.5718473Z PASS tests/builtin-nodejs.test.cjs
Test on node 20.x (ubuntu-latest)	Run Node.js tests	2026-09-16T08:32:41.6855318Z PASS tests/builtin-nodejs.test.mjs
Test on node 20.x (ubuntu-latest)	Run Node.js tests	2026-09-16T08:32:41.7957417Z PASS tests/fs-promises.test.mjs
Test on node 20.x (ubuntu-latest)	Run Node.js tests	2026-09-16T08:32:41.9415701Z PASS tests/builtin-backward-compatibility.test.cjs
Test on node 20.x (ubuntu-latest)	Run Node.js tests	2026-09-16T08:32:42.0855217Z PASS tests/builtin-backward-compatibility.test.mjs
Test on node 20.x (ubuntu-latest)	Run Node.js tests	2026-09-16T08:32:42.1800233Z PASS tests/release-workflow-policy.test.mjs
Test on node 20.x (ubuntu-latest)	Run Node.js tests	2026-09-16T08:32:42.2792567Z PASS tests/fallback.test.cjs
Test on node 20.x (ubuntu-latest)	Run Node.js tests	2026-09-16T08:32:42.3667433Z PASS tests/fallback.test.mjs
Test on node 20.x (ubuntu-latest)	Run Node.js tests	2026-09-16T08:32:48.0223237Z PASS tests/resolvers.test.mjs (5.653 s)
Test on node 20.x (ubuntu-latest)	Run Node.js tests	2026-09-16T08:32:51.4126842Z PASS tests/builtin-browser.test.mjs
Test on node 20.x (ubuntu-latest)	Run Node.js tests	2026-09-16T08:32:53.3228547Z PASS tests/relative-paths-browser.test.mjs
Test on node 20.x (ubuntu-latest)	Run Node.js tests	2026-09-16T08:32:56.0708302Z PASS tests/resolvers.test.cjs
Test on node 20.x (ubuntu-latest)	Run Node.js tests	2026-09-16T08:32:58.5906465Z PASS tests/use.test.cjs
Test on node 20.x (ubuntu-latest)	Run Node.js tests	2026-09-16T08:32:58.6775132Z PASS tests/filename.test.mjs
Test on node 20.x (ubuntu-latest)	Run Node.js tests	2026-09-16T08:32:58.7920859Z PASS tests/root-entries.test.mjs
Test on node 20.x (ubuntu-latest)	Run Node.js tests	2026-09-16T08:32:59.9079890Z PASS tests/use.test.mjs
Test on node 20.x (ubuntu-latest)	Run Node.js tests	2026-09-16T08:33:00.0122836Z (node:2360) [DEP0125] DeprecationWarning: The _stream_wrap module is deprecated.
Test on node 20.x (ubuntu-latest)	Run Node.js tests	2026-09-16T08:33:00.0124601Z (node:2360) [DEP0025] DeprecationWarning: sys is deprecated. Use util instead.
Test on node 20.x (ubuntu-latest)	Run Node.js tests	2026-09-16T08:33:00.0125946Z (node:2360) ExperimentalWarning: WASI is an experimental feature and might change at any time
Test on node 20.x (ubuntu-latest)	Run Node.js tests	2026-09-16T08:33:00.0204964Z PASS tests/dynamic-builtins.test.cjs
Test on node 20.x (ubuntu-latest)	Run Node.js tests	2026-09-16T08:33:00.1354298Z PASS tests/dynamic-builtins.test.mjs
Test on node 20.x (ubuntu-latest)	Run Node.js tests	2026-09-16T08:33:00.2202441Z PASS tests/filename.test.cjs
Test on node 20.x (ubuntu-latest)	Run Node.js tests	2026-09-16T08:33:03.0688245Z PASS tests/esm-sh-polyfill-browser.test.mjs
Test on node 20.x (ubuntu-latest)	Run Node.js tests	2026-09-16T08:33:03.5080942Z PASS tests/builtin-errors.test.mjs
Test on node 20.x (ubuntu-latest)	Run Node.js tests	2026-09-16T08:33:03.9346009Z PASS tests/builtin-errors.test.cjs
Test on node 20.x (ubuntu-latest)	Run Node.js tests	2026-09-16T08:33:04.4488225Z PASS tests/relative-paths.test.cjs
Test on node 20.x (ubuntu-latest)	Run Node.js tests	2026-09-16T08:33:04.6577098Z PASS tests/relative-paths.test.mjs
Test on node 20.x (ubuntu-latest)	Run Node.js tests	2026-09-16T08:33:04.7471169Z PASS tests/module-specifier.test.cjs
Test on node 20.x (ubuntu-latest)	Run Node.js tests	2026-09-16T08:33:04.8306730Z PASS tests/module-specifier.test.mjs
Test on node 20.x (ubuntu-latest)	Run Node.js tests	2026-09-16T08:33:04.9159514Z PASS tests/deno-support.test.cjs
Test on node 20.x (ubuntu-latest)	Run Node.js tests	2026-09-16T08:33:05.0013025Z PASS tests/deno-support.test.mjs
Test on node 20.x (ubuntu-latest)	Run Node.js tests	2026-09-16T08:33:05.1406384Z PASS tests/relative-paths.integration.test.mjs
Test on node 20.x (ubuntu-latest)	Run Node.js tests	2026-09-16T08:33:05.1514951Z   ● Console
Test on node 20.x (ubuntu-latest)	Run Node.js tests	2026-09-16T08:33:05.1515222Z 
Test on node 20.x (ubuntu-latest)	Run Node.js tests	2026-09-16T08:33:05.1515411Z     console.log
Test on node 20.x (ubuntu-latest)	Run Node.js tests	2026-09-16T08:33:05.1515897Z       /home/runner/work/use-m/use-m/tests
Test on node 20.x (ubuntu-latest)	Run Node.js tests	2026-09-16T08:33:05.1516178Z 
Test on node 20.x (ubuntu-latest)	Run Node.js tests	2026-09-16T08:33:05.1516778Z       at Object.<anonymous> (tests/relative-paths.integration.test.mjs:29:15)
Test on node 20.x (ubuntu-latest)	Run Node.js tests	2026-09-16T08:33:05.1517376Z 
Test on node 20.x (ubuntu-latest)	Run Node.js tests	2026-09-16T08:33:05.1517549Z     console.log
Test on node 20.x (ubuntu-latest)	Run Node.js tests	2026-09-16T08:33:05.1518103Z       Testing relative paths from tests directory...
Test on node 20.x (ubuntu-latest)	Run Node.js tests	2026-09-16T08:33:05.1518726Z       
Test on node 20.x (ubuntu-latest)	Run Node.js tests	2026-09-16T08:33:05.1519250Z       1. Testing ./browser-server/test-helper.js
Test on node 20.x (ubuntu-latest)	Run Node.js tests	2026-09-16T08:33:05.1520487Z          ✓ Message: Helper module loaded
Test on node 20.x (ubuntu-latest)	Run Node.js tests	2026-09-16T08:33:05.1521033Z       
Test on node 20.x (ubuntu-latest)	Run Node.js tests	2026-09-16T08:33:05.1521541Z       2. Testing ./browser-server/test-data.json
Test on node 20.x (ubuntu-latest)	Run Node.js tests	2026-09-16T08:33:05.1522032Z          ✓ Value: 123
Test on node 20.x (ubuntu-latest)	Run Node.js tests	2026-09-16T08:33:05.1522348Z          ✓ Test: data
Test on node 20.x (ubuntu-latest)	Run Node.js tests	2026-09-16T08:33:05.1522608Z       
Test on node 20.x (ubuntu-latest)	Run Node.js tests	2026-09-16T08:33:05.1522899Z       3. Testing ../src/use.mjs
Test on node 20.x (ubuntu-latest)	Run Node.js tests	2026-09-16T08:33:05.1523559Z          ✓ use function exists: true
Test on node 20.x (ubuntu-latest)	Run Node.js tests	2026-09-16T08:33:05.1524203Z       
Test on node 20.x (ubuntu-latest)	Run Node.js tests	2026-09-16T08:33:05.1524566Z       4. Testing ./browser-server/subfolder/nested.js
Test on node 20.x (ubuntu-latest)	Run Node.js tests	2026-09-16T08:33:05.1525089Z          ✓ Nested: true Level: subfolder
Test on node 20.x (ubuntu-latest)	Run Node.js tests	2026-09-16T08:33:05.1525437Z       
Test on node 20.x (ubuntu-latest)	Run Node.js tests	2026-09-16T08:33:05.1525811Z       5. Testing ./browser-server/subfolder/nested-data.json
Test on node 20.x (ubuntu-latest)	Run Node.js tests	2026-09-16T08:33:05.1526379Z          ✓ Level: nested Depth: 1
Test on node 20.x (ubuntu-latest)	Run Node.js tests	2026-09-16T08:33:05.1526699Z       
Test on node 20.x (ubuntu-latest)	Run Node.js tests	2026-09-16T08:33:05.1526983Z       6. Testing ../package.json
Test on node 20.x (ubuntu-latest)	Run Node.js tests	2026-09-16T08:33:05.1527392Z          ✓ Package name: use-m
Test on node 20.x (ubuntu-latest)	Run Node.js tests	2026-09-16T08:33:05.1527697Z       
Test on node 20.x (ubuntu-latest)	Run Node.js tests	2026-09-16T08:33:05.1528035Z       ✅ All direct tests passed!
Test on node 20.x (ubuntu-latest)	Run Node.js tests	2026-09-16T08:33:05.1528255Z 
Test on node 20.x (ubuntu-latest)	Run Node.js tests	2026-09-16T08:33:05.1528607Z       at Object.<anonymous> (tests/relative-paths.integration.test.mjs:39:15)
Test on node 20.x (ubuntu-latest)	Run Node.js tests	2026-09-16T08:33:05.1529027Z 
Test on node 20.x (ubuntu-latest)	Run Node.js tests	2026-09-16T08:33:05.2448248Z PASS tests/builtin-universal.test.cjs
Test on node 20.x (ubuntu-latest)	Run Node.js tests	2026-09-16T08:33:05.3345587Z PASS tests/builtin-universal.test.mjs
Test on node 20.x (ubuntu-latest)	Run Node.js tests	2026-09-16T08:33:05.9818867Z PASS tests/loader.test.mjs
Test on node 20.x (ubuntu-latest)	Run Node.js tests	2026-09-16T08:33:06.4728861Z PASS tests/network-imports.test.mjs
Test on node 20.x (ubuntu-latest)	Run Node.js tests	2026-09-16T08:33:06.9543782Z PASS tests/network-imports.test.cjs
Test on node 20.x (ubuntu-latest)	Run Node.js tests	2026-09-16T08:33:07.0388077Z PASS tests/script-sync.test.mjs
Test on node 20.x (ubuntu-latest)	Run Node.js tests	2026-09-16T08:33:09.4462816Z PASS tests/lodash.test.mjs
Test on node 20.x (ubuntu-latest)	Run Node.js tests	2026-09-16T08:33:09.5301170Z PASS tests/get-script-url.test.cjs
Test on node 20.x (ubuntu-latest)	Run Node.js tests	2026-09-16T08:33:11.3664371Z PASS tests/lodash.test.cjs
Test on node 20.x (ubuntu-latest)	Run Node.js tests	2026-09-16T08:33:11.4548842Z PASS tests/get-script-url.test.mjs
Test on node 20.x (ubuntu-latest)	Run Node.js tests	2026-09-16T08:33:12.2823616Z PASS tests/command-stream.test.cjs
Test on node 20.x (ubuntu-latest)	Run Node.js tests	2026-09-16T08:33:12.6736629Z PASS tests/command-stream.test.mjs
Test on node 20.x (ubuntu-latest)	Run Node.js tests	2026-09-16T08:33:12.7585988Z PASS tests/import.test.mjs
Test on node 20.x (ubuntu-latest)	Run Node.js tests	2026-09-16T08:33:12.8408367Z PASS tests/import.test.cjs
Test on node 20.x (ubuntu-latest)	Run Node.js tests	2026-09-16T08:33:14.9887953Z PASS tests/typescript.test.cjs
Test on node 20.x (ubuntu-latest)	Run Node.js tests	2026-09-16T08:33:15.7603743Z PASS tests/typescript.test.mjs
Test on node 20.x (ubuntu-latest)	Run Node.js tests	2026-09-16T08:33:15.7616055Z 
Test on node 20.x (ubuntu-latest)	Run Node.js tests	2026-09-16T08:33:15.7624405Z Test Suites: 49 passed, 49 total
Test on node 20.x (ubuntu-latest)	Run Node.js tests	2026-09-16T08:33:15.7625000Z Tests:       458 passed, 458 total
Test on node 20.x (ubuntu-latest)	Run Node.js tests	2026-09-16T08:33:15.7625505Z Snapshots:   0 total
Test on node 20.x (ubuntu-latest)	Run Node.js tests	2026-09-16T08:33:15.7625950Z Time:        40.641 s
Test on node 20.x (ubuntu-latest)	Run Node.js tests	2026-09-16T08:33:15.7626224Z Ran all test suites.
Test on node 20.x (ubuntu-latest)	Post Setup Node.js	﻿2026-09-16T08:33:15.9267986Z Post job cleanup.
Test on node 20.x (ubuntu-latest)	Post Setup Node.js	2026-09-16T08:33:16.0486927Z Cache hit occurred on the primary key node-cache-Linux-x64-npm-12813ae39a61b5fed7681502803cfede24735d033f8430fc26d535be6b212b6a, not saving cache.
Test on node 20.x (ubuntu-latest)	Post Checkout code	﻿2026-09-16T08:33:16.0635340Z Post job cleanup.
Test on node 20.x (ubuntu-latest)	Post Checkout code	2026-09-16T08:33:16.1553399Z [command]/usr/bin/git version
Test on node 20.x (ubuntu-latest)	Post Checkout code	2026-09-16T08:33:16.1599188Z git version 2.55.0
Test on node 20.x (ubuntu-latest)	Post Checkout code	2026-09-16T08:33:16.1648011Z Temporarily overriding HOME='/home/runner/work/_temp/d9d0f0e5-4f1e-4176-b44b-3ab644b5aa95' before making global git config changes
Test on node 20.x (ubuntu-latest)	Post Checkout code	2026-09-16T08:33:16.1649684Z Adding repository directory to the temporary git global config as a safe directory
Test on node 20.x (ubuntu-latest)	Post Checkout code	2026-09-16T08:33:16.1654048Z [command]/usr/bin/git config --global --add safe.directory /home/runner/work/use-m/use-m
Test on node 20.x (ubuntu-latest)	Post Checkout code	2026-09-16T08:33:16.1694257Z Removing SSH command configuration
Test on node 20.x (ubuntu-latest)	Post Checkout code	2026-09-16T08:33:16.1695231Z [command]/usr/bin/git config --local --name-only --get-regexp core\.sshCommand
Test on node 20.x (ubuntu-latest)	Post Checkout code	2026-09-16T08:33:16.1732745Z [command]/usr/bin/git submodule foreach --recursive sh -c "git config --local --name-only --get-regexp 'core\.sshCommand' && git config --local --unset-all 'core.sshCommand' || :"
Test on node 20.x (ubuntu-latest)	Post Checkout code	2026-09-16T08:33:16.1987106Z Removing HTTP extra header
Test on node 20.x (ubuntu-latest)	Post Checkout code	2026-09-16T08:33:16.1994289Z [command]/usr/bin/git config --local --name-only --get-regexp http\.https\:\/\/github\.com\/\.extraheader
Test on node 20.x (ubuntu-latest)	Post Checkout code	2026-09-16T08:33:16.2031757Z [command]/usr/bin/git submodule foreach --recursive sh -c "git config --local --name-only --get-regexp 'http\.https\:\/\/github\.com\/\.extraheader' && git config --local --unset-all 'http.https://github.com/.extraheader' || :"
Test on node 20.x (ubuntu-latest)	Post Checkout code	2026-09-16T08:33:16.2297230Z Removing includeIf entries pointing to credentials config files
Test on node 20.x (ubuntu-latest)	Post Checkout code	2026-09-16T08:33:16.2309976Z [command]/usr/bin/git config --local --name-only --get-regexp ^includeIf\.gitdir:
Test on node 20.x (ubuntu-latest)	Post Checkout code	2026-09-16T08:33:16.2342192Z includeif.gitdir:/home/runner/work/use-m/use-m/.git.path
Test on node 20.x (ubuntu-latest)	Post Checkout code	2026-09-16T08:33:16.2343523Z includeif.gitdir:/home/runner/work/use-m/use-m/.git/worktrees/*.path
Test on node 20.x (ubuntu-latest)	Post Checkout code	2026-09-16T08:33:16.2344907Z includeif.gitdir:/github/workspace/.git.path
Test on node 20.x (ubuntu-latest)	Post Checkout code	2026-09-16T08:33:16.2346082Z includeif.gitdir:/github/workspace/.git/worktrees/*.path
Test on node 20.x (ubuntu-latest)	Post Checkout code	2026-09-16T08:33:16.2356304Z [command]/usr/bin/git config --local --get-all includeif.gitdir:/home/runner/work/use-m/use-m/.git.path
Test on node 20.x (ubuntu-latest)	Post Checkout code	2026-09-16T08:33:16.2384084Z /home/runner/work/_temp/git-credentials-9fa04005-a6ab-4c5b-a235-aa5d01ffeac2.config
Test on node 20.x (ubuntu-latest)	Post Checkout code	2026-09-16T08:33:16.2399841Z [command]/usr/bin/git config --local --unset includeif.gitdir:/home/runner/work/use-m/use-m/.git.path /home/runner/work/_temp/git-credentials-9fa04005-a6ab-4c5b-a235-aa5d01ffeac2.config
Test on node 20.x (ubuntu-latest)	Post Checkout code	2026-09-16T08:33:16.2447801Z [command]/usr/bin/git config --local --get-all includeif.gitdir:/home/runner/work/use-m/use-m/.git/worktrees/*.path
Test on node 20.x (ubuntu-latest)	Post Checkout code	2026-09-16T08:33:16.2474721Z /home/runner/work/_temp/git-credentials-9fa04005-a6ab-4c5b-a235-aa5d01ffeac2.config
Test on node 20.x (ubuntu-latest)	Post Checkout code	2026-09-16T08:33:16.2486950Z [command]/usr/bin/git config --local --unset includeif.gitdir:/home/runner/work/use-m/use-m/.git/worktrees/*.path /home/runner/work/_temp/git-credentials-9fa04005-a6ab-4c5b-a235-aa5d01ffeac2.config
Test on node 20.x (ubuntu-latest)	Post Checkout code	2026-09-16T08:33:16.2528082Z [command]/usr/bin/git config --local --get-all includeif.gitdir:/github/workspace/.git.path
Test on node 20.x (ubuntu-latest)	Post Checkout code	2026-09-16T08:33:16.2554820Z /github/runner_temp/git-credentials-9fa04005-a6ab-4c5b-a235-aa5d01ffeac2.config
Test on node 20.x (ubuntu-latest)	Post Checkout code	2026-09-16T08:33:16.2564616Z [command]/usr/bin/git config --local --unset includeif.gitdir:/github/workspace/.git.path /github/runner_temp/git-credentials-9fa04005-a6ab-4c5b-a235-aa5d01ffeac2.config
Test on node 20.x (ubuntu-latest)	Post Checkout code	2026-09-16T08:33:16.2618151Z [command]/usr/bin/git config --local --get-all includeif.gitdir:/github/workspace/.git/worktrees/*.path
Test on node 20.x (ubuntu-latest)	Post Checkout code	2026-09-16T08:33:16.2652050Z /github/runner_temp/git-credentials-9fa04005-a6ab-4c5b-a235-aa5d01ffeac2.config
Test on node 20.x (ubuntu-latest)	Post Checkout code	2026-09-16T08:33:16.2666179Z [command]/usr/bin/git config --local --unset includeif.gitdir:/github/workspace/.git/worktrees/*.path /github/runner_temp/git-credentials-9fa04005-a6ab-4c5b-a235-aa5d01ffeac2.config
Test on node 20.x (ubuntu-latest)	Post Checkout code	2026-09-16T08:33:16.2711651Z [command]/usr/bin/git submodule foreach --recursive git config --local --show-origin --name-only --get-regexp remote.origin.url
Test on node 20.x (ubuntu-latest)	Post Checkout code	2026-09-16T08:33:16.2930488Z Removing credentials config '/home/runner/work/_temp/git-credentials-9fa04005-a6ab-4c5b-a235-aa5d01ffeac2.config'
Test on node 20.x (ubuntu-latest)	Complete job	﻿2026-09-16T08:33:16.3082594Z Cleaning up orphan processes
