Test on bun (ubuntu-latest)	Set up job	﻿2026-09-16T05:23:47.4002814Z Current runner version: '2.337.0'
Test on bun (ubuntu-latest)	Set up job	2026-09-16T05:23:47.4027607Z ##[group]Runner Image Provisioner
Test on bun (ubuntu-latest)	Set up job	2026-09-16T05:23:47.4028558Z Hosted Compute Agent
Test on bun (ubuntu-latest)	Set up job	2026-09-16T05:23:47.4029617Z Version: 20260828.587
Test on bun (ubuntu-latest)	Set up job	2026-09-16T05:23:47.4030603Z Commit: abac92662cab4cc7352de4f9f9d2e2419aad9c29
Test on bun (ubuntu-latest)	Set up job	2026-09-16T05:23:47.4031477Z Build Date: 2026-08-28T16:44:25Z
Test on bun (ubuntu-latest)	Set up job	2026-09-16T05:23:47.4032142Z Worker ID: {6b72dc03-ad14-4d67-81cd-544acb326faf}
Test on bun (ubuntu-latest)	Set up job	2026-09-16T05:23:47.4032949Z Azure Region: eastus
Test on bun (ubuntu-latest)	Set up job	2026-09-16T05:23:47.4033538Z ##[endgroup]
Test on bun (ubuntu-latest)	Set up job	2026-09-16T05:23:47.4035501Z ##[group]Operating System
Test on bun (ubuntu-latest)	Set up job	2026-09-16T05:23:47.4036205Z Ubuntu
Test on bun (ubuntu-latest)	Set up job	2026-09-16T05:23:47.4036783Z 24.04.5
Test on bun (ubuntu-latest)	Set up job	2026-09-16T05:23:47.4037428Z LTS
Test on bun (ubuntu-latest)	Set up job	2026-09-16T05:23:47.4038014Z ##[endgroup]
Test on bun (ubuntu-latest)	Set up job	2026-09-16T05:23:47.4038661Z ##[group]Runner Image
Test on bun (ubuntu-latest)	Set up job	2026-09-16T05:23:47.4039311Z Image: ubuntu-24.04
Test on bun (ubuntu-latest)	Set up job	2026-09-16T05:23:47.4040107Z Version: 20260907.300.1
Test on bun (ubuntu-latest)	Set up job	2026-09-16T05:23:47.4041254Z Included Software: https://github.com/actions/runner-images/blob/ubuntu24/20260907.300/images/ubuntu/Ubuntu2404-Readme.md
Test on bun (ubuntu-latest)	Set up job	2026-09-16T05:23:47.4043073Z Image Release: https://github.com/actions/runner-images/releases/tag/ubuntu24%2F20260907.300
Test on bun (ubuntu-latest)	Set up job	2026-09-16T05:23:47.4044059Z ##[endgroup]
Test on bun (ubuntu-latest)	Set up job	2026-09-16T05:23:47.4045194Z ##[group]GITHUB_TOKEN Permissions
Test on bun (ubuntu-latest)	Set up job	2026-09-16T05:23:47.4047305Z Contents: read
Test on bun (ubuntu-latest)	Set up job	2026-09-16T05:23:47.4048035Z Metadata: read
Test on bun (ubuntu-latest)	Set up job	2026-09-16T05:23:47.4048624Z ##[endgroup]
Test on bun (ubuntu-latest)	Set up job	2026-09-16T05:23:47.4050864Z Secret source: Actions
Test on bun (ubuntu-latest)	Set up job	2026-09-16T05:23:47.4051952Z Cache mode: write
Test on bun (ubuntu-latest)	Set up job	2026-09-16T05:23:47.4052991Z Prepare workflow directory
Test on bun (ubuntu-latest)	Set up job	2026-09-16T05:23:47.4372116Z Prepare all required actions
Test on bun (ubuntu-latest)	Set up job	2026-09-16T05:23:47.4419258Z Getting action download info
Test on bun (ubuntu-latest)	Set up job	2026-09-16T05:23:47.7155401Z Download action repository 'actions/checkout@v6' (SHA:d23441a48e516b6c34aea4fa41551a30e30af803)
Test on bun (ubuntu-latest)	Set up job	2026-09-16T05:23:47.8239866Z Download action repository 'actions/setup-node@v6' (SHA:249970729cb0ef3589644e2896645e5dc5ba9c38)
Test on bun (ubuntu-latest)	Set up job	2026-09-16T05:23:47.9507511Z Download action repository 'oven-sh/setup-bun@v2' (SHA:0c5077e51419868618aeaa5fe8019c62421857d6)
Test on bun (ubuntu-latest)	Set up job	2026-09-16T05:23:48.0838579Z Download action repository 'denoland/setup-deno@v2' (SHA:22d081ff2d3a40755e97629de92e3bcbfa7cf2ed)
Test on bun (ubuntu-latest)	Set up job	2026-09-16T05:23:48.3183689Z Complete job name: Test on bun (ubuntu-latest)
Test on bun (ubuntu-latest)	Checkout code	﻿2026-09-16T05:23:48.4051083Z ##[group]Run actions/checkout@v6
Test on bun (ubuntu-latest)	Checkout code	2026-09-16T05:23:48.4051994Z with:
Test on bun (ubuntu-latest)	Checkout code	2026-09-16T05:23:48.4052449Z   repository: link-foundation/use-m
Test on bun (ubuntu-latest)	Checkout code	2026-09-16T05:23:48.4056521Z   token: ***
Test on bun (ubuntu-latest)	Checkout code	2026-09-16T05:23:48.4056965Z   ssh-strict: true
Test on bun (ubuntu-latest)	Checkout code	2026-09-16T05:23:48.4057397Z   ssh-user: git
Test on bun (ubuntu-latest)	Checkout code	2026-09-16T05:23:48.4057846Z   persist-credentials: true
Test on bun (ubuntu-latest)	Checkout code	2026-09-16T05:23:48.4058319Z   clean: true
Test on bun (ubuntu-latest)	Checkout code	2026-09-16T05:23:48.4058755Z   sparse-checkout-cone-mode: true
Test on bun (ubuntu-latest)	Checkout code	2026-09-16T05:23:48.4059266Z   fetch-depth: 1
Test on bun (ubuntu-latest)	Checkout code	2026-09-16T05:23:48.4059912Z   fetch-tags: false
Test on bun (ubuntu-latest)	Checkout code	2026-09-16T05:23:48.4060358Z   show-progress: true
Test on bun (ubuntu-latest)	Checkout code	2026-09-16T05:23:48.4060823Z   lfs: false
Test on bun (ubuntu-latest)	Checkout code	2026-09-16T05:23:48.4061231Z   submodules: false
Test on bun (ubuntu-latest)	Checkout code	2026-09-16T05:23:48.4061677Z   set-safe-directory: true
Test on bun (ubuntu-latest)	Checkout code	2026-09-16T05:23:48.4062180Z   allow-unsafe-pr-checkout: false
Test on bun (ubuntu-latest)	Checkout code	2026-09-16T05:23:48.4062973Z ##[endgroup]
Test on bun (ubuntu-latest)	Checkout code	2026-09-16T05:23:48.5090456Z Syncing repository: link-foundation/use-m
Test on bun (ubuntu-latest)	Checkout code	2026-09-16T05:23:48.5092273Z ##[group]Getting Git version info
Test on bun (ubuntu-latest)	Checkout code	2026-09-16T05:23:48.5093364Z Working directory is '/home/runner/work/use-m/use-m'
Test on bun (ubuntu-latest)	Checkout code	2026-09-16T05:23:48.5094794Z [command]/usr/bin/git version
Test on bun (ubuntu-latest)	Checkout code	2026-09-16T05:23:48.5171371Z git version 2.55.0
Test on bun (ubuntu-latest)	Checkout code	2026-09-16T05:23:48.5203135Z ##[endgroup]
Test on bun (ubuntu-latest)	Checkout code	2026-09-16T05:23:48.5215550Z Temporarily overriding HOME='/home/runner/work/_temp/d37f7a99-2712-403e-b09f-e222ac77f4a1' before making global git config changes
Test on bun (ubuntu-latest)	Checkout code	2026-09-16T05:23:48.5217729Z Adding repository directory to the temporary git global config as a safe directory
Test on bun (ubuntu-latest)	Checkout code	2026-09-16T05:23:48.5222121Z [command]/usr/bin/git config --global --add safe.directory /home/runner/work/use-m/use-m
Test on bun (ubuntu-latest)	Checkout code	2026-09-16T05:23:48.5276462Z Deleting the contents of '/home/runner/work/use-m/use-m'
Test on bun (ubuntu-latest)	Checkout code	2026-09-16T05:23:48.5288906Z ##[group]Determining repository object format
Test on bun (ubuntu-latest)	Checkout code	2026-09-16T05:23:48.5290781Z ##[endgroup]
Test on bun (ubuntu-latest)	Checkout code	2026-09-16T05:23:48.5292202Z ##[group]Initializing the repository
Test on bun (ubuntu-latest)	Checkout code	2026-09-16T05:23:48.5293634Z [command]/usr/bin/git init /home/runner/work/use-m/use-m
Test on bun (ubuntu-latest)	Checkout code	2026-09-16T05:23:48.5432337Z hint: Using 'master' as the name for the initial branch. This default branch name
Test on bun (ubuntu-latest)	Checkout code	2026-09-16T05:23:48.5434080Z hint: will change to "main" in Git 3.0. To configure the initial branch name
Test on bun (ubuntu-latest)	Checkout code	2026-09-16T05:23:48.5435884Z hint: to use in all of your new repositories, which will suppress this warning,
Test on bun (ubuntu-latest)	Checkout code	2026-09-16T05:23:48.5436700Z hint: call:
Test on bun (ubuntu-latest)	Checkout code	2026-09-16T05:23:48.5437105Z hint:
Test on bun (ubuntu-latest)	Checkout code	2026-09-16T05:23:48.5437637Z hint: 	git config --global init.defaultBranch <name>
Test on bun (ubuntu-latest)	Checkout code	2026-09-16T05:23:48.5515453Z hint:
Test on bun (ubuntu-latest)	Checkout code	2026-09-16T05:23:48.5516593Z hint: Names commonly chosen instead of 'master' are 'main', 'trunk' and
Test on bun (ubuntu-latest)	Checkout code	2026-09-16T05:23:48.5517715Z hint: 'development'. The just-created branch can be renamed via this command:
Test on bun (ubuntu-latest)	Checkout code	2026-09-16T05:23:48.5518726Z hint:
Test on bun (ubuntu-latest)	Checkout code	2026-09-16T05:23:48.5519718Z hint: 	git branch -m <name>
Test on bun (ubuntu-latest)	Checkout code	2026-09-16T05:23:48.5520600Z hint:
Test on bun (ubuntu-latest)	Checkout code	2026-09-16T05:23:48.5521549Z hint: Disable this message with "git config set advice.defaultBranchName false"
Test on bun (ubuntu-latest)	Checkout code	2026-09-16T05:23:48.5523444Z Initialized empty Git repository in /home/runner/work/use-m/use-m/.git/
Test on bun (ubuntu-latest)	Checkout code	2026-09-16T05:23:48.5527614Z [command]/usr/bin/git remote add origin https://github.com/link-foundation/use-m
Test on bun (ubuntu-latest)	Checkout code	2026-09-16T05:23:48.5537705Z ##[endgroup]
Test on bun (ubuntu-latest)	Checkout code	2026-09-16T05:23:48.5539076Z ##[group]Disabling automatic garbage collection
Test on bun (ubuntu-latest)	Checkout code	2026-09-16T05:23:48.5542586Z [command]/usr/bin/git config --local gc.auto 0
Test on bun (ubuntu-latest)	Checkout code	2026-09-16T05:23:48.5575124Z ##[endgroup]
Test on bun (ubuntu-latest)	Checkout code	2026-09-16T05:23:48.5576558Z ##[group]Setting up auth
Test on bun (ubuntu-latest)	Checkout code	2026-09-16T05:23:48.5577572Z Removing SSH command configuration
Test on bun (ubuntu-latest)	Checkout code	2026-09-16T05:23:48.5584572Z [command]/usr/bin/git config --local --name-only --get-regexp core\.sshCommand
Test on bun (ubuntu-latest)	Checkout code	2026-09-16T05:23:48.5627654Z [command]/usr/bin/git submodule foreach --recursive sh -c "git config --local --name-only --get-regexp 'core\.sshCommand' && git config --local --unset-all 'core.sshCommand' || :"
Test on bun (ubuntu-latest)	Checkout code	2026-09-16T05:23:48.6016195Z Removing HTTP extra header
Test on bun (ubuntu-latest)	Checkout code	2026-09-16T05:23:48.6031154Z [command]/usr/bin/git config --local --name-only --get-regexp http\.https\:\/\/github\.com\/\.extraheader
Test on bun (ubuntu-latest)	Checkout code	2026-09-16T05:23:48.6061162Z [command]/usr/bin/git submodule foreach --recursive sh -c "git config --local --name-only --get-regexp 'http\.https\:\/\/github\.com\/\.extraheader' && git config --local --unset-all 'http.https://github.com/.extraheader' || :"
Test on bun (ubuntu-latest)	Checkout code	2026-09-16T05:23:48.6280392Z Removing includeIf entries pointing to credentials config files
Test on bun (ubuntu-latest)	Checkout code	2026-09-16T05:23:48.6287273Z [command]/usr/bin/git config --local --name-only --get-regexp ^includeIf\.gitdir:
Test on bun (ubuntu-latest)	Checkout code	2026-09-16T05:23:48.6325005Z [command]/usr/bin/git submodule foreach --recursive git config --local --show-origin --name-only --get-regexp remote.origin.url
Test on bun (ubuntu-latest)	Checkout code	2026-09-16T05:23:48.6551355Z [command]/usr/bin/git config --file /home/runner/work/_temp/git-credentials-aeca1581-3d27-4a75-abb8-f71297931e0c.config http.https://github.com/.extraheader AUTHORIZATION: basic ***
Test on bun (ubuntu-latest)	Checkout code	2026-09-16T05:23:48.6593613Z [command]/usr/bin/git config --local includeIf.gitdir:/home/runner/work/use-m/use-m/.git.path /home/runner/work/_temp/git-credentials-aeca1581-3d27-4a75-abb8-f71297931e0c.config
Test on bun (ubuntu-latest)	Checkout code	2026-09-16T05:23:48.6627240Z [command]/usr/bin/git config --local includeIf.gitdir:/home/runner/work/use-m/use-m/.git/worktrees/*.path /home/runner/work/_temp/git-credentials-aeca1581-3d27-4a75-abb8-f71297931e0c.config
Test on bun (ubuntu-latest)	Checkout code	2026-09-16T05:23:48.6666859Z [command]/usr/bin/git config --local includeIf.gitdir:/github/workspace/.git.path /github/runner_temp/git-credentials-aeca1581-3d27-4a75-abb8-f71297931e0c.config
Test on bun (ubuntu-latest)	Checkout code	2026-09-16T05:23:48.6699086Z [command]/usr/bin/git config --local includeIf.gitdir:/github/workspace/.git/worktrees/*.path /github/runner_temp/git-credentials-aeca1581-3d27-4a75-abb8-f71297931e0c.config
Test on bun (ubuntu-latest)	Checkout code	2026-09-16T05:23:48.6728691Z ##[endgroup]
Test on bun (ubuntu-latest)	Checkout code	2026-09-16T05:23:48.6729720Z ##[group]Fetching the repository
Test on bun (ubuntu-latest)	Checkout code	2026-09-16T05:23:48.6736570Z [command]/usr/bin/git -c protocol.version=2 fetch --no-tags --prune --no-recurse-submodules --depth=1 origin +fa32204ca66803b71af0d8578abf5dda749fda71:refs/remotes/pull/51/merge
Test on bun (ubuntu-latest)	Checkout code	2026-09-16T05:23:49.0139835Z From https://github.com/link-foundation/use-m
Test on bun (ubuntu-latest)	Checkout code	2026-09-16T05:23:49.0140931Z  * [new ref]         fa32204ca66803b71af0d8578abf5dda749fda71 -> pull/51/merge
Test on bun (ubuntu-latest)	Checkout code	2026-09-16T05:23:49.0146555Z ##[endgroup]
Test on bun (ubuntu-latest)	Checkout code	2026-09-16T05:23:49.0148053Z ##[group]Determining the checkout info
Test on bun (ubuntu-latest)	Checkout code	2026-09-16T05:23:49.0149041Z ##[endgroup]
Test on bun (ubuntu-latest)	Checkout code	2026-09-16T05:23:49.0153237Z [command]/usr/bin/git sparse-checkout disable
Test on bun (ubuntu-latest)	Checkout code	2026-09-16T05:23:49.0205605Z [command]/usr/bin/git config --local --unset-all extensions.worktreeConfig
Test on bun (ubuntu-latest)	Checkout code	2026-09-16T05:23:49.0236363Z ##[group]Checking out the ref
Test on bun (ubuntu-latest)	Checkout code	2026-09-16T05:23:49.0239927Z [command]/usr/bin/git checkout --progress --force refs/remotes/pull/51/merge
Test on bun (ubuntu-latest)	Checkout code	2026-09-16T05:23:49.0578960Z Note: switching to 'refs/remotes/pull/51/merge'.
Test on bun (ubuntu-latest)	Checkout code	2026-09-16T05:23:49.0580169Z 
Test on bun (ubuntu-latest)	Checkout code	2026-09-16T05:23:49.0580765Z You are in 'detached HEAD' state. You can look around, make experimental
Test on bun (ubuntu-latest)	Checkout code	2026-09-16T05:23:49.0582109Z changes and commit them, and you can discard any commits you make in this
Test on bun (ubuntu-latest)	Checkout code	2026-09-16T05:23:49.0583202Z state without impacting any branches by switching back to a branch.
Test on bun (ubuntu-latest)	Checkout code	2026-09-16T05:23:49.0583916Z 
Test on bun (ubuntu-latest)	Checkout code	2026-09-16T05:23:49.0584382Z If you want to create a new branch to retain commits you create, you may
Test on bun (ubuntu-latest)	Checkout code	2026-09-16T05:23:49.0585406Z do so (now or later) by using -c with the switch command. Example:
Test on bun (ubuntu-latest)	Checkout code	2026-09-16T05:23:49.0585998Z 
Test on bun (ubuntu-latest)	Checkout code	2026-09-16T05:23:49.0586250Z   git switch -c <new-branch-name>
Test on bun (ubuntu-latest)	Checkout code	2026-09-16T05:23:49.0586652Z 
Test on bun (ubuntu-latest)	Checkout code	2026-09-16T05:23:49.0586895Z Or undo this operation with:
Test on bun (ubuntu-latest)	Checkout code	2026-09-16T05:23:49.0587550Z 
Test on bun (ubuntu-latest)	Checkout code	2026-09-16T05:23:49.0587985Z   git switch -
Test on bun (ubuntu-latest)	Checkout code	2026-09-16T05:23:49.0588628Z 
Test on bun (ubuntu-latest)	Checkout code	2026-09-16T05:23:49.0589752Z Turn off this advice by setting config variable advice.detachedHead to false
Test on bun (ubuntu-latest)	Checkout code	2026-09-16T05:23:49.0591135Z 
Test on bun (ubuntu-latest)	Checkout code	2026-09-16T05:23:49.0592509Z HEAD is now at fa32204 Merge 3895ecce42d1486b528a1bfbe15a750dcd0e2eab into 5378cba033e9105307a25e3f1a176ff689b716f0
Test on bun (ubuntu-latest)	Checkout code	2026-09-16T05:23:49.0596681Z ##[endgroup]
Test on bun (ubuntu-latest)	Checkout code	2026-09-16T05:23:49.0635974Z [command]/usr/bin/git log -1 --format=%H
Test on bun (ubuntu-latest)	Checkout code	2026-09-16T05:23:49.0662987Z fa32204ca66803b71af0d8578abf5dda749fda71
Test on bun (ubuntu-latest)	Setup Node.js	﻿2026-09-16T05:23:49.0964731Z ##[group]Run actions/setup-node@v6
Test on bun (ubuntu-latest)	Setup Node.js	2026-09-16T05:23:49.0965413Z with:
Test on bun (ubuntu-latest)	Setup Node.js	2026-09-16T05:23:49.0965889Z   node-version: 20.x
Test on bun (ubuntu-latest)	Setup Node.js	2026-09-16T05:23:49.0966383Z   cache: npm
Test on bun (ubuntu-latest)	Setup Node.js	2026-09-16T05:23:49.0966856Z   check-latest: false
Test on bun (ubuntu-latest)	Setup Node.js	2026-09-16T05:23:49.0971084Z   token: ***
Test on bun (ubuntu-latest)	Setup Node.js	2026-09-16T05:23:49.0971606Z   package-manager-cache: true
Test on bun (ubuntu-latest)	Setup Node.js	2026-09-16T05:23:49.0972190Z ##[endgroup]
Test on bun (ubuntu-latest)	Setup Node.js	2026-09-16T05:23:49.2352873Z Attempting to download 20.x...
Test on bun (ubuntu-latest)	Setup Node.js	2026-09-16T05:23:49.5933946Z Acquiring 20.20.2 - x64 from https://github.com/actions/node-versions/releases/download/20.20.2-23521894959/node-20.20.2-linux-x64.tar.gz
Test on bun (ubuntu-latest)	Setup Node.js	2026-09-16T05:23:49.8907728Z Extracting ...
Test on bun (ubuntu-latest)	Setup Node.js	2026-09-16T05:23:49.9032395Z [command]/usr/bin/tar xz --strip 1 --warning=no-unknown-keyword --overwrite -C /home/runner/work/_temp/24acaf12-8d50-45d1-9b1b-7c40b53b06e9 -f /home/runner/work/_temp/30f05287-4758-4209-9055-a7429c284434
Test on bun (ubuntu-latest)	Setup Node.js	2026-09-16T05:23:50.8960522Z Adding to the cache ...
Test on bun (ubuntu-latest)	Setup Node.js	2026-09-16T05:23:52.6733166Z ##[group]Environment details
Test on bun (ubuntu-latest)	Setup Node.js	2026-09-16T05:23:52.8907173Z node: v20.20.2
Test on bun (ubuntu-latest)	Setup Node.js	2026-09-16T05:23:52.8907949Z npm: 10.8.2
Test on bun (ubuntu-latest)	Setup Node.js	2026-09-16T05:23:52.8908297Z yarn: 1.22.22
Test on bun (ubuntu-latest)	Setup Node.js	2026-09-16T05:23:52.8909094Z ##[endgroup]
Test on bun (ubuntu-latest)	Setup Node.js	2026-09-16T05:23:52.8929389Z [command]/opt/hostedtoolcache/node/20.20.2/x64/bin/npm config get cache
Test on bun (ubuntu-latest)	Setup Node.js	2026-09-16T05:23:52.9953457Z /home/runner/.npm
Test on bun (ubuntu-latest)	Setup Node.js	2026-09-16T05:23:53.0481790Z npm cache is not found
Test on bun (ubuntu-latest)	Setup Bun	﻿2026-09-16T05:23:53.0698590Z ##[group]Run oven-sh/setup-bun@v2
Test on bun (ubuntu-latest)	Setup Bun	2026-09-16T05:23:53.0698929Z with:
Test on bun (ubuntu-latest)	Setup Bun	2026-09-16T05:23:53.0699127Z   bun-version: latest
Test on bun (ubuntu-latest)	Setup Bun	2026-09-16T05:23:53.0699644Z   no-cache: false
Test on bun (ubuntu-latest)	Setup Bun	2026-09-16T05:23:53.0702410Z   token: ***
Test on bun (ubuntu-latest)	Setup Bun	2026-09-16T05:23:53.0702620Z ##[endgroup]
Test on bun (ubuntu-latest)	Setup Bun	2026-09-16T05:23:53.5368336Z Downloading a new version of Bun: https://github.com/oven-sh/bun/releases/download/bun-v1.4.2/bun-linux-x64.zip
Test on bun (ubuntu-latest)	Setup Bun	2026-09-16T05:23:53.7795172Z [command]/usr/bin/unzip -o -q /home/runner/work/_temp/74929a57-ffc1-4377-922f-5c70356b57e2.zip
Test on bun (ubuntu-latest)	Setup Bun	2026-09-16T05:23:54.3812427Z [command]/home/runner/.bun/bin/bun --revision
Test on bun (ubuntu-latest)	Setup Bun	2026-09-16T05:23:54.3861098Z 1.4.2+744846f84
Test on bun (ubuntu-latest)	Install dependencies	﻿2026-09-16T05:23:54.4025250Z ##[group]Run npm ci --no-audit --no-fund
Test on bun (ubuntu-latest)	Install dependencies	2026-09-16T05:23:54.4025659Z ^[[36;1mnpm ci --no-audit --no-fund^[[0m
Test on bun (ubuntu-latest)	Install dependencies	2026-09-16T05:23:54.4066236Z shell: /usr/bin/bash -e {0}
Test on bun (ubuntu-latest)	Install dependencies	2026-09-16T05:23:54.4066522Z ##[endgroup]
Test on bun (ubuntu-latest)	Install dependencies	2026-09-16T05:24:03.6329964Z 
Test on bun (ubuntu-latest)	Install dependencies	2026-09-16T05:24:03.6341249Z added 476 packages in 9s
Test on bun (ubuntu-latest)	Run Bun tests	﻿2026-09-16T05:24:03.6701141Z ##[group]Run bun test
Test on bun (ubuntu-latest)	Run Bun tests	2026-09-16T05:24:03.6701614Z ^[[36;1mbun test^[[0m
Test on bun (ubuntu-latest)	Run Bun tests	2026-09-16T05:24:03.6751200Z shell: /usr/bin/bash -e {0}
Test on bun (ubuntu-latest)	Run Bun tests	2026-09-16T05:24:03.6751617Z ##[endgroup]
Test on bun (ubuntu-latest)	Run Bun tests	2026-09-16T05:24:03.6848003Z bun test v1.4.2 (744846f84)
Test on bun (ubuntu-latest)	Run Bun tests	2026-09-16T05:24:03.6872472Z 
Test on bun (ubuntu-latest)	Run Bun tests	2026-09-16T05:24:03.6873431Z ##[group]tests/typescript.test.cjs:
Test on bun (ubuntu-latest)	Run Bun tests	2026-09-16T05:24:04.0998357Z (pass) [cjs module] typescript > [cjs module] use typescript [407.28ms]
Test on bun (ubuntu-latest)	Run Bun tests	2026-09-16T05:24:04.0998743Z 
Test on bun (ubuntu-latest)	Run Bun tests	2026-09-16T05:24:04.0999058Z ##[endgroup]
Test on bun (ubuntu-latest)	Run Bun tests	2026-09-16T05:24:04.0999200Z 
Test on bun (ubuntu-latest)	Run Bun tests	2026-09-16T05:24:04.0999732Z ##[group]tests/command-stream.test.mjs:
Test on bun (ubuntu-latest)	Run Bun tests	2026-09-16T05:24:04.2644847Z (pass) [mjs module] command-stream module import > [mjs module] Direct ESM Import [163.70ms]
Test on bun (ubuntu-latest)	Run Bun tests	2026-09-16T05:24:04.2696233Z (pass) [mjs module] command-stream module import > [mjs module] Dynamic ESM Import of CJS [5.07ms]
Test on bun (ubuntu-latest)	Run Bun tests	2026-09-16T05:24:04.2750339Z (pass) [mjs module] command-stream module import > [mjs module] Dynamic ESM Import of MJS [3.89ms]
Test on bun (ubuntu-latest)	Run Bun tests	2026-09-16T05:24:04.2755035Z 
Test on bun (ubuntu-latest)	Run Bun tests	2026-09-16T05:24:04.2756007Z ##[endgroup]
Test on bun (ubuntu-latest)	Run Bun tests	2026-09-16T05:24:04.2756516Z 
Test on bun (ubuntu-latest)	Run Bun tests	2026-09-16T05:24:04.2757411Z ##[group]tests/builtin-errors.test.mjs:
Test on bun (ubuntu-latest)	Run Bun tests	2026-09-16T05:24:04.2759014Z (pass) [mjs module] Built-in module error handling > [mjs module] should return null for non-builtin modules from builtin resolver [0.09ms]
Test on bun (ubuntu-latest)	Run Bun tests	2026-09-16T05:24:04.2761212Z (pass) [mjs module] Built-in module error handling > [mjs module] should throw error for unsupported builtin modules [0.17ms]
Test on bun (ubuntu-latest)	Run Bun tests	2026-09-16T05:24:04.2763287Z (pass) [mjs module] Built-in module error handling > [mjs module] should handle modules not available in browser environment [0.25ms]
Test on bun (ubuntu-latest)	Run Bun tests	2026-09-16T05:24:04.3962950Z (pass) [mjs module] Built-in module error handling > [mjs module] should only work with exact lowercase module names [121.83ms]
Test on bun (ubuntu-latest)	Run Bun tests	2026-09-16T05:24:04.3990980Z (pass) [mjs module] Built-in module error handling > [mjs module] should handle node: prefix removal correctly [2.08ms]
Test on bun (ubuntu-latest)	Run Bun tests	2026-09-16T05:24:04.4010872Z (pass) [mjs module] Built-in module error handling > [mjs module] should throw meaningful errors for import failures [0.12ms]
Test on bun (ubuntu-latest)	Run Bun tests	2026-09-16T05:24:04.4014353Z (pass) [mjs module] Built-in module error handling > [mjs module] builtin resolver should handle empty/invalid module specifiers gracefully [0.15ms]
Test on bun (ubuntu-latest)	Run Bun tests	2026-09-16T05:24:04.4034182Z (pass) [mjs module] Built-in module error handling > [mjs module] should handle modules with special characters in names [0.09ms]
Test on bun (ubuntu-latest)	Run Bun tests	2026-09-16T05:24:04.4040012Z 
Test on bun (ubuntu-latest)	Run Bun tests	2026-09-16T05:24:04.4066657Z ##[endgroup]
Test on bun (ubuntu-latest)	Run Bun tests	2026-09-16T05:24:04.4067026Z 
Test on bun (ubuntu-latest)	Run Bun tests	2026-09-16T05:24:04.4067492Z ##[group]tests/load.test.cjs:
Test on bun (ubuntu-latest)	Run Bun tests	2026-09-16T05:24:04.4068400Z (pass) [cjs module] looksLikeUseModule > [cjs module] accepts the real shipped use.js [0.69ms]
Test on bun (ubuntu-latest)	Run Bun tests	2026-09-16T05:24:04.4069228Z (pass) [cjs module] looksLikeUseModule > [cjs module] accepts a long module-like body [0.08ms]
Test on bun (ubuntu-latest)	Run Bun tests	2026-09-16T05:24:04.4070295Z (pass) [cjs module] looksLikeUseModule > [cjs module] rejects common CDN plain-text error bodies [0.05ms]
Test on bun (ubuntu-latest)	Run Bun tests	2026-09-16T05:24:04.4071046Z (pass) [cjs module] looksLikeUseModule > [cjs module] rejects HTML error pages [0.02ms]
Test on bun (ubuntu-latest)	Run Bun tests	2026-09-16T05:24:04.4071857Z (pass) [cjs module] looksLikeUseModule > [cjs module] rejects empty, whitespace, short, and non-string input [0.03ms]
Test on bun (ubuntu-latest)	Run Bun tests	2026-09-16T05:24:04.4072743Z (pass) [cjs module] DEFAULT_SOURCES > [cjs module] lists unpkg, jsDelivr and esm.sh in priority order [0.01ms]
Test on bun (ubuntu-latest)	Run Bun tests	2026-09-16T05:24:04.4073535Z (pass) [cjs module] loadUseM > [cjs module] resolves the use object from the first working source [1.15ms]
Test on bun (ubuntu-latest)	Run Bun tests	2026-09-16T05:24:04.4074321Z (pass) [cjs module] loadUseM > [cjs module] evaluates the real shipped use.js into a working module [1.67ms]
Test on bun (ubuntu-latest)	Run Bun tests	2026-09-16T05:24:04.4075092Z (pass) [cjs module] loadUseM > [cjs module] falls back to a later mirror when earlier ones fail [0.34ms]
Test on bun (ubuntu-latest)	Run Bun tests	2026-09-16T05:24:04.4076037Z (pass) [cjs module] loadUseM > [cjs module] retries a flaky source before succeeding [0.15ms]
Test on bun (ubuntu-latest)	Run Bun tests	2026-09-16T05:24:04.4076879Z (pass) [cjs module] loadUseM > [cjs module] throws a clear aggregated error (not SyntaxError) when every source fails [0.30ms]
Test on bun (ubuntu-latest)	Run Bun tests	2026-09-16T05:24:04.4077713Z (pass) [cjs module] loadUseM > [cjs module] surfaces the HTTP status for non-ok responses [0.13ms]
Test on bun (ubuntu-latest)	Run Bun tests	2026-09-16T05:24:04.4078717Z (pass) [cjs module] loadUseM > [cjs module] rejects when the evaluated module lacks a use function [0.14ms]
Test on bun (ubuntu-latest)	Run Bun tests	2026-09-16T05:24:04.4079801Z (pass) [cjs module] loadUseM > [cjs module] does not let eval errors from a malformed body escape [0.28ms]
Test on bun (ubuntu-latest)	Run Bun tests	2026-09-16T05:24:04.4080586Z (pass) [cjs module] loadUseM > [cjs module] reports a clear error when fetch is unavailable [0.11ms]
Test on bun (ubuntu-latest)	Run Bun tests	2026-09-16T05:24:04.4081248Z (pass) [cjs module] loadUseM > [cjs module] honors a custom evaluate hook [0.14ms]
Test on bun (ubuntu-latest)	Run Bun tests	2026-09-16T05:24:04.4569815Z (pass) [cjs module] loadUseM > [cjs module] times out a hanging request and reports it [50.38ms]
Test on bun (ubuntu-latest)	Run Bun tests	2026-09-16T05:24:04.4570634Z 
Test on bun (ubuntu-latest)	Run Bun tests	2026-09-16T05:24:04.4571087Z ##[endgroup]
Test on bun (ubuntu-latest)	Run Bun tests	2026-09-16T05:24:04.4571303Z 
Test on bun (ubuntu-latest)	Run Bun tests	2026-09-16T05:24:04.4571809Z ##[group]tests/esm-sh-polyfill-browser.test.mjs:
Test on bun (ubuntu-latest)	Run Bun tests	2026-09-16T05:24:07.0993434Z (pass) [mjs module] esm.sh browser polyfill handling > [mjs module] process and filename browser shims still use CDN resolver [0.94ms]
Test on bun (ubuntu-latest)	Run Bun tests	2026-09-16T05:24:07.2083222Z 
Test on bun (ubuntu-latest)	Run Bun tests	2026-09-16T05:24:07.2083895Z ##[endgroup]
Test on bun (ubuntu-latest)	Run Bun tests	2026-09-16T05:24:07.2084064Z 
Test on bun (ubuntu-latest)	Run Bun tests	2026-09-16T05:24:07.2084511Z ##[group]tests/fallback.test.cjs:
Test on bun (ubuntu-latest)	Run Bun tests	2026-09-16T05:24:07.2094993Z (pass) [cjs module] loadWithFallback (shared engine) > [cjs module] returns the first source's result without trying later ones [0.14ms]
Test on bun (ubuntu-latest)	Run Bun tests	2026-09-16T05:24:07.2096724Z (pass) [cjs module] loadWithFallback (shared engine) > [cjs module] falls back to a later source when earlier ones fail [0.17ms]
Test on bun (ubuntu-latest)	Run Bun tests	2026-09-16T05:24:07.2098298Z (pass) [cjs module] loadWithFallback (shared engine) > [cjs module] retries a flaky source before succeeding [0.18ms]
Test on bun (ubuntu-latest)	Run Bun tests	2026-09-16T05:24:07.2101448Z (pass) [cjs module] loadWithFallback (shared engine) > [cjs module] throws ONE aggregated error listing every attempt [0.32ms]
Test on bun (ubuntu-latest)	Run Bun tests	2026-09-16T05:24:07.2102723Z (pass) [cjs module] loadWithFallback (shared engine) > [cjs module] rejects empty or non-array sources [0.15ms]
Test on bun (ubuntu-latest)	Run Bun tests	2026-09-16T05:24:07.2103943Z (pass) [cjs module] loadWithFallback (shared engine) > [cjs module] rejects a missing load function [0.07ms]
Test on bun (ubuntu-latest)	Run Bun tests	2026-09-16T05:24:07.2107208Z (pass) [cjs module] makeUse per-package CDN fallback > [cjs module] falls back to the next mirror when one import fails [0.35ms]
Test on bun (ubuntu-latest)	Run Bun tests	2026-09-16T05:24:07.2111304Z (pass) [cjs module] makeUse per-package CDN fallback > [cjs module] throws a clear aggregated error when every mirror fails [0.37ms]
Test on bun (ubuntu-latest)	Run Bun tests	2026-09-16T05:24:07.2114098Z (pass) [cjs module] makeUse per-package CDN fallback > [cjs module] a single explicit resolver imports directly with its raw error (no aggregation) [0.29ms]
Test on bun (ubuntu-latest)	Run Bun tests	2026-09-16T05:24:07.2115624Z (pass) [cjs module] makeUse per-package CDN fallback > [cjs module] a single-entry specifierResolvers chain also imports directly [0.15ms]
Test on bun (ubuntu-latest)	Run Bun tests	2026-09-16T05:24:07.2116949Z (pass) [cjs module] makeUse per-package CDN fallback > [cjs module] exposes the default mirror chains [0.03ms]
Test on bun (ubuntu-latest)	Run Bun tests	2026-09-16T05:24:07.2117378Z 
Test on bun (ubuntu-latest)	Run Bun tests	2026-09-16T05:24:07.2117661Z ##[endgroup]
Test on bun (ubuntu-latest)	Run Bun tests	2026-09-16T05:24:07.2117778Z 
Test on bun (ubuntu-latest)	Run Bun tests	2026-09-16T05:24:07.2118040Z ##[group]tests/deno-support.test.mjs:
Test on bun (ubuntu-latest)	Run Bun tests	2026-09-16T05:24:07.2121530Z (pass) [mjs module] Deno support > [mjs module] Deno resolver should resolve npm packages to esm.sh [0.10ms]
Test on bun (ubuntu-latest)	Run Bun tests	2026-09-16T05:24:07.2122912Z (pass) [mjs module] Deno support > [mjs module] Deno resolver should handle scoped packages [0.05ms]
Test on bun (ubuntu-latest)	Run Bun tests	2026-09-16T05:24:07.2124003Z (pass) [mjs module] Deno support > [mjs module] Deno resolver should handle module paths [0.04ms]
Test on bun (ubuntu-latest)	Run Bun tests	2026-09-16T05:24:07.2124723Z (pass) [mjs module] Deno support > [mjs module] Deno resolver should handle latest version [0.07ms]
Test on bun (ubuntu-latest)	Run Bun tests	2026-09-16T05:24:07.2125919Z (pass) [mjs module] Deno support > [mjs module] makeUse should detect Deno runtime when Deno global is present [0.16ms]
Test on bun (ubuntu-latest)	Run Bun tests	2026-09-16T05:24:07.2127090Z (pass) [mjs module] Deno support > [mjs module] Deno resolver should work with complex package names [0.07ms]
Test on bun (ubuntu-latest)	Run Bun tests	2026-09-16T05:24:07.2128449Z (pass) [mjs module] Deno support > [mjs module] Deno resolver should handle packages without versions [0.06ms]
Test on bun (ubuntu-latest)	Run Bun tests	2026-09-16T05:24:07.2130175Z (pass) [mjs module] Deno support > [mjs module] makeUse with explicit deno resolver [0.11ms]
Test on bun (ubuntu-latest)	Run Bun tests	2026-09-16T05:24:07.2130592Z 
Test on bun (ubuntu-latest)	Run Bun tests	2026-09-16T05:24:07.2130843Z ##[endgroup]
Test on bun (ubuntu-latest)	Run Bun tests	2026-09-16T05:24:07.2130962Z 
Test on bun (ubuntu-latest)	Run Bun tests	2026-09-16T05:24:07.2131197Z ##[group]tests/import.test.mjs:
Test on bun (ubuntu-latest)	Run Bun tests	2026-09-16T05:24:07.2135372Z (pass) [mjs module] dynamic import support > [mjs module] supportsDynamicImport returns true in .mjs file [0.14ms]
Test on bun (ubuntu-latest)	Run Bun tests	2026-09-16T05:24:07.2135995Z 
Test on bun (ubuntu-latest)	Run Bun tests	2026-09-16T05:24:07.2136227Z ##[endgroup]
Test on bun (ubuntu-latest)	Run Bun tests	2026-09-16T05:24:07.2136345Z 
Test on bun (ubuntu-latest)	Run Bun tests	2026-09-16T05:24:07.2136587Z ##[group]tests/module-specifier.test.cjs:
Test on bun (ubuntu-latest)	Run Bun tests	2026-09-16T05:24:07.2139263Z (pass) [cjs module] parseModuleSpecifier > [cjs module] parses package with name and version [0.02ms]
Test on bun (ubuntu-latest)	Run Bun tests	2026-09-16T05:24:07.2140867Z (pass) [cjs module] parseModuleSpecifier > [cjs module] parses scoped package with name and version [0.03ms]
Test on bun (ubuntu-latest)	Run Bun tests	2026-09-16T05:24:07.2142304Z (pass) [cjs module] parseModuleSpecifier > [cjs module] parses package with name, version, and inner path [0.03ms]
Test on bun (ubuntu-latest)	Run Bun tests	2026-09-16T05:24:07.2143655Z (pass) [cjs module] parseModuleSpecifier > [cjs module] parses package with name, version, and inner path with latest [0.03ms]
Test on bun (ubuntu-latest)	Run Bun tests	2026-09-16T05:24:07.2144611Z (pass) [cjs module] parseModuleSpecifier > [cjs module] parses scoped package with name, version, and inner path [0.05ms]
Test on bun (ubuntu-latest)	Run Bun tests	2026-09-16T05:24:07.2145416Z (pass) [cjs module] parseModuleSpecifier > [cjs module] parses package with name only [0.03ms]
Test on bun (ubuntu-latest)	Run Bun tests	2026-09-16T05:24:07.2146144Z (pass) [cjs module] parseModuleSpecifier > [cjs module] parses scoped package with name only [0.03ms]
Test on bun (ubuntu-latest)	Run Bun tests	2026-09-16T05:24:07.2147246Z (pass) [cjs module] parseModuleSpecifier > [cjs module] parses yargs@17.7.2/helpers [0.03ms]
Test on bun (ubuntu-latest)	Run Bun tests	2026-09-16T05:24:07.2148526Z (pass) [cjs module] parseModuleSpecifier > [cjs module] parses yargs@latest/helpers [0.03ms]
Test on bun (ubuntu-latest)	Run Bun tests	2026-09-16T05:24:07.2150159Z (pass) [cjs module] parseModuleSpecifier > [cjs module] parses yargs/helpers [0.03ms]
Test on bun (ubuntu-latest)	Run Bun tests	2026-09-16T05:24:07.2151629Z (pass) [cjs module] parseModuleSpecifier > [cjs module] throws error for invalid package identifier [0.04ms]
Test on bun (ubuntu-latest)	Run Bun tests	2026-09-16T05:24:07.2152426Z 
Test on bun (ubuntu-latest)	Run Bun tests	2026-09-16T05:24:07.2152854Z ##[endgroup]
Test on bun (ubuntu-latest)	Run Bun tests	2026-09-16T05:24:07.2153062Z 
Test on bun (ubuntu-latest)	Run Bun tests	2026-09-16T05:24:07.2153493Z ##[group]tests/resolvers.test.cjs:
Test on bun (ubuntu-latest)	Run Bun tests	2026-09-16T05:24:07.9591114Z (pass) [cjs module] resolvers tests > [cjs module] npm resolver resolves package path [744.09ms]
Test on bun (ubuntu-latest)	Run Bun tests	2026-09-16T05:24:08.7856309Z (pass) [cjs module] resolvers tests > [cjs module] npm resolver resolves scoped package path for @octokit/core@6.1.5 [826.46ms]
Test on bun (ubuntu-latest)	Run Bun tests	2026-09-16T05:24:11.1401419Z (pass) [cjs module] resolvers tests > [cjs module] npm resolver resolves package path with version [2354.63ms]
Test on bun (ubuntu-latest)	Run Bun tests	2026-09-16T05:24:11.8074625Z (pass) [cjs module] resolvers tests > [cjs module] npm resolver resolves yargs/helpers [667.24ms]
Test on bun (ubuntu-latest)	Run Bun tests	2026-09-16T05:24:12.4017749Z (pass) [cjs module] resolvers tests > [cjs module] npm resolver resolves yargs@18.0.0/helpers [594.30ms]
Test on bun (ubuntu-latest)	Run Bun tests	2026-09-16T05:24:12.8159259Z (pass) [cjs module] resolvers tests > [cjs module] npm resolver resolves yargs@latest/helpers [414.17ms]
Test on bun (ubuntu-latest)	Run Bun tests	2026-09-16T05:24:12.8160718Z (pass) [cjs module] resolvers tests > [cjs module] skypack resolver resolves URL [0.15ms]
Test on bun (ubuntu-latest)	Run Bun tests	2026-09-16T05:24:12.8161422Z (pass) [cjs module] resolvers tests > [cjs module] skypack resolver resolves subpath [0.10ms]
Test on bun (ubuntu-latest)	Run Bun tests	2026-09-16T05:24:12.8162580Z (pass) [cjs module] resolvers tests > [cjs module] jsdelivr resolver resolves URL [0.17ms]
Test on bun (ubuntu-latest)	Run Bun tests	2026-09-16T05:24:12.8163848Z (pass) [cjs module] resolvers tests > [cjs module] jsdelivr resolver resolves subpath [0.07ms]
Test on bun (ubuntu-latest)	Run Bun tests	2026-09-16T05:24:12.8165357Z (pass) [cjs module] resolvers tests > [cjs module] unpkg resolver resolves URL [0.11ms]
Test on bun (ubuntu-latest)	Run Bun tests	2026-09-16T05:24:12.8166788Z (pass) [cjs module] resolvers tests > [cjs module] unpkg resolver resolves subpath [0.08ms]
Test on bun (ubuntu-latest)	Run Bun tests	2026-09-16T05:24:12.8168543Z (pass) [cjs module] resolvers tests > [cjs module] esm resolver resolves URL [0.07ms]
Test on bun (ubuntu-latest)	Run Bun tests	2026-09-16T05:24:12.8170154Z (pass) [cjs module] resolvers tests > [cjs module] esm resolver resolves subpath [0.07ms]
Test on bun (ubuntu-latest)	Run Bun tests	2026-09-16T05:24:12.8171421Z (pass) [cjs module] resolvers tests > [cjs module] jspm resolver resolves URL [0.07ms]
Test on bun (ubuntu-latest)	Run Bun tests	2026-09-16T05:24:12.8172988Z (pass) [cjs module] resolvers tests > [cjs module] jspm resolver resolves subpath [0.09ms]
Test on bun (ubuntu-latest)	Run Bun tests	2026-09-16T05:24:12.9361606Z (pass) [cjs module] resolvers tests > [cjs module] bun resolver resolves package path [119.18ms]
Test on bun (ubuntu-latest)	Run Bun tests	2026-09-16T05:24:13.0822826Z (pass) [cjs module] resolvers tests > [cjs module] bun resolver resolves yargs/helpers [146.07ms]
Test on bun (ubuntu-latest)	Run Bun tests	2026-09-16T05:24:13.1409711Z (pass) [cjs module] resolvers tests > [cjs module] bun resolver resolves yargs@latest/helpers [58.72ms]
Test on bun (ubuntu-latest)	Run Bun tests	2026-09-16T05:24:13.1410211Z 
Test on bun (ubuntu-latest)	Run Bun tests	2026-09-16T05:24:13.1410614Z ##[endgroup]
Test on bun (ubuntu-latest)	Run Bun tests	2026-09-16T05:24:13.1410739Z 
Test on bun (ubuntu-latest)	Run Bun tests	2026-09-16T05:24:13.1411010Z ##[group]tests/filename.test.cjs:
Test on bun (ubuntu-latest)	Run Bun tests	2026-09-16T05:24:13.1422287Z (pass) [cjs module] scriptPath detection in CJS (functional) > [cjs module] default pathResolver resolves modules relative to this test file [0.27ms]
Test on bun (ubuntu-latest)	Run Bun tests	2026-09-16T05:24:13.1425338Z (pass) [cjs module] scriptPath detection in CJS (functional) > [cjs module] override scriptPath does not change pathResolver behavior [0.34ms]
Test on bun (ubuntu-latest)	Run Bun tests	2026-09-16T05:24:13.1427513Z (pass) [cjs module] scriptPath detection in CJS (fallback) > [cjs module] fallback default resolves modules relative to this test file [0.20ms]
Test on bun (ubuntu-latest)	Run Bun tests	2026-09-16T05:24:13.1430049Z (pass) [cjs module] scriptPath detection in CJS (fallback) > [cjs module] fallback override scriptPath does not change pathResolver behavior [0.19ms]
Test on bun (ubuntu-latest)	Run Bun tests	2026-09-16T05:24:13.1432179Z (pass) [cjs module] scriptPath detection in CJS (fallback) > [cjs module] fallback meta override does not change pathResolver behavior [0.25ms]
Test on bun (ubuntu-latest)	Run Bun tests	2026-09-16T05:24:13.1436341Z (pass) [cjs module] scriptPath detection in CJS (meta URL) > [cjs module] meta override with use.js URL resolves relative to use.js [0.42ms]
Test on bun (ubuntu-latest)	Run Bun tests	2026-09-16T05:24:13.1440056Z 
Test on bun (ubuntu-latest)	Run Bun tests	2026-09-16T05:24:13.1460582Z ##[endgroup]
Test on bun (ubuntu-latest)	Run Bun tests	2026-09-16T05:24:13.1461027Z 
Test on bun (ubuntu-latest)	Run Bun tests	2026-09-16T05:24:13.1461600Z ##[group]tests/npm-global-prefix.test.mjs:
Test on bun (ubuntu-latest)	Run Bun tests	2026-09-16T05:24:13.1463027Z (pass) [mjs module] npm global prefix handling > [mjs module] keeps latest and pinned aliases loadable when they share a package binary [0.21ms]
Test on bun (ubuntu-latest)	Run Bun tests	2026-09-16T05:24:13.1464935Z (pass) [mjs module] npm global prefix handling > [mjs module] never force-installs over an unrelated global executable [0.16ms]
Test on bun (ubuntu-latest)	Run Bun tests	2026-09-16T05:24:13.1466793Z (pass) [mjs module] npm global prefix handling > [mjs module] redirects installs to use-m cache when npm global root is not writable [0.11ms]
Test on bun (ubuntu-latest)	Run Bun tests	2026-09-16T05:24:13.1468555Z (pass) [mjs module] npm global prefix handling > [mjs module] keeps the configured npm root when it is writable [0.09ms]
Test on bun (ubuntu-latest)	Run Bun tests	2026-09-16T05:24:13.1470480Z (pass) [mjs module] npm global prefix handling > [mjs module] respects an explicit npm_config_prefix override [0.11ms]
Test on bun (ubuntu-latest)	Run Bun tests	2026-09-16T05:24:13.1472326Z (pass) [mjs module] npm global prefix handling > [mjs module] retries transient npm install failures and removes partial aliases [0.08ms]
Test on bun (ubuntu-latest)	Run Bun tests	2026-09-16T05:24:13.1474236Z (pass) [mjs module] npm global prefix handling > [mjs module] reports captured npm output and cleans up after exhausted retries [0.19ms]
Test on bun (ubuntu-latest)	Run Bun tests	2026-09-16T05:24:13.1475777Z (pass) [mjs module] npm global prefix handling > [mjs module] gives corrupt-alias cleanup a recursive rm retry budget [0.14ms]
Test on bun (ubuntu-latest)	Run Bun tests	2026-09-16T05:24:13.1476839Z (pass) [mjs module] npm global prefix handling > [mjs module] repairs a truncated entry point and bypasses the cached syntax failure [0.11ms]
Test on bun (ubuntu-latest)	Run Bun tests	2026-09-16T05:24:13.1477849Z (pass) [mjs module] npm global prefix handling > [mjs module] repairs an alias missing an internal ESM dependency [0.09ms]
Test on bun (ubuntu-latest)	Run Bun tests	2026-09-16T05:24:13.1478756Z (pass) [mjs module] npm global prefix handling > [mjs module] repairs an alias with invalid package metadata [0.08ms]
Test on bun (ubuntu-latest)	Run Bun tests	2026-09-16T05:24:13.1479975Z (pass) [mjs module] npm global prefix handling > [mjs module] repairs an alias whose declared entry point is missing [0.07ms]
Test on bun (ubuntu-latest)	Run Bun tests	2026-09-16T05:24:13.1481223Z (pass) [mjs module] npm global prefix handling > [mjs module] does not reinstall for an unrelated unwrapped missing-module error [0.07ms]
Test on bun (ubuntu-latest)	Run Bun tests	2026-09-16T05:24:13.1482262Z (pass) [mjs module] npm global prefix handling > [mjs module] collapses concurrent requests for one package into a single install [0.10ms]
Test on bun (ubuntu-latest)	Run Bun tests	2026-09-16T05:24:13.1483405Z (pass) [mjs module] npm global prefix handling > [mjs module] keeps a shared failed install retryable [0.11ms]
Test on bun (ubuntu-latest)	Run Bun tests	2026-09-16T05:24:13.1484783Z (pass) [mjs module] npm global prefix handling > [mjs module] never lets separate processes install one alias at the same time [0.17ms]
Test on bun (ubuntu-latest)	Run Bun tests	2026-09-16T05:24:13.1485333Z 
Test on bun (ubuntu-latest)	Run Bun tests	2026-09-16T05:24:13.1485743Z ##[endgroup]
Test on bun (ubuntu-latest)	Run Bun tests	2026-09-16T05:24:13.1485931Z 
Test on bun (ubuntu-latest)	Run Bun tests	2026-09-16T05:24:13.1486354Z ##[group]tests/builtin-universal.test.mjs:
Test on bun (ubuntu-latest)	Run Bun tests	2026-09-16T05:24:13.1487079Z (pass) [mjs module] Universal built-in modules (work in all environments) > [mjs module] console module should work [0.89ms]
Test on bun (ubuntu-latest)	Run Bun tests	2026-09-16T05:24:13.1488630Z (pass) [mjs module] Universal built-in modules (work in all environments) > [mjs module] crypto module should work [0.19ms]
Test on bun (ubuntu-latest)	Run Bun tests	2026-09-16T05:24:13.1490125Z (pass) [mjs module] Universal built-in modules (work in all environments) > [mjs module] url module should work [0.18ms]
Test on bun (ubuntu-latest)	Run Bun tests	2026-09-16T05:24:13.1494588Z (pass) [mjs module] Universal built-in modules (work in all environments) > [mjs module] performance module should work [0.63ms]
Test on bun (ubuntu-latest)	Run Bun tests	2026-09-16T05:24:13.1496208Z (pass) [mjs module] Universal built-in modules (work in all environments) > [mjs module] modules should work with node: prefix [0.14ms]
Test on bun (ubuntu-latest)	Run Bun tests	2026-09-16T05:24:13.1496711Z 
Test on bun (ubuntu-latest)	Run Bun tests	2026-09-16T05:24:13.1496954Z ##[endgroup]
Test on bun (ubuntu-latest)	Run Bun tests	2026-09-16T05:24:13.1497072Z 
Test on bun (ubuntu-latest)	Run Bun tests	2026-09-16T05:24:13.1497304Z ##[group]tests/fallback.test.mjs:
Test on bun (ubuntu-latest)	Run Bun tests	2026-09-16T05:24:13.1507437Z (pass) [mjs module] loadWithFallback (shared engine) > [mjs module] returns the first source's result without trying later ones [0.37ms]
Test on bun (ubuntu-latest)	Run Bun tests	2026-09-16T05:24:13.1510120Z (pass) [mjs module] loadWithFallback (shared engine) > [mjs module] falls back to a later source when earlier ones fail [0.25ms]
Test on bun (ubuntu-latest)	Run Bun tests	2026-09-16T05:24:13.1511449Z (pass) [mjs module] loadWithFallback (shared engine) > [mjs module] retries a flaky source before succeeding [0.18ms]
Test on bun (ubuntu-latest)	Run Bun tests	2026-09-16T05:24:13.1514005Z (pass) [mjs module] loadWithFallback (shared engine) > [mjs module] throws ONE aggregated error listing every attempt [0.22ms]
Test on bun (ubuntu-latest)	Run Bun tests	2026-09-16T05:24:13.1515433Z (pass) [mjs module] loadWithFallback (shared engine) > [mjs module] rejects empty or non-array sources [0.12ms]
Test on bun (ubuntu-latest)	Run Bun tests	2026-09-16T05:24:13.1516538Z (pass) [mjs module] loadWithFallback (shared engine) > [mjs module] rejects a missing load function [0.07ms]
Test on bun (ubuntu-latest)	Run Bun tests	2026-09-16T05:24:13.1521404Z (pass) [mjs module] makeUse per-package CDN fallback > [mjs module] falls back to the next mirror when one import fails [0.50ms]
Test on bun (ubuntu-latest)	Run Bun tests	2026-09-16T05:24:13.1524914Z (pass) [mjs module] makeUse per-package CDN fallback > [mjs module] throws a clear aggregated error when every mirror fails [0.36ms]
Test on bun (ubuntu-latest)	Run Bun tests	2026-09-16T05:24:13.1528121Z (pass) [mjs module] makeUse per-package CDN fallback > [mjs module] a single explicit resolver imports directly with its raw error (no aggregation) [0.29ms]
Test on bun (ubuntu-latest)	Run Bun tests	2026-09-16T05:24:13.1530406Z (pass) [mjs module] makeUse per-package CDN fallback > [mjs module] a single-entry specifierResolvers chain also imports directly [0.19ms]
Test on bun (ubuntu-latest)	Run Bun tests	2026-09-16T05:24:13.1531508Z (pass) [mjs module] makeUse per-package CDN fallback > [mjs module] exposes the default mirror chains [0.05ms]
Test on bun (ubuntu-latest)	Run Bun tests	2026-09-16T05:24:13.1531939Z 
Test on bun (ubuntu-latest)	Run Bun tests	2026-09-16T05:24:13.1532190Z ##[endgroup]
Test on bun (ubuntu-latest)	Run Bun tests	2026-09-16T05:24:13.1532310Z 
Test on bun (ubuntu-latest)	Run Bun tests	2026-09-16T05:24:13.1532560Z ##[group]tests/builtin-errors.test.cjs:
Test on bun (ubuntu-latest)	Run Bun tests	2026-09-16T05:24:13.1535667Z (pass) [cjs module] Built-in module error handling > [cjs module] should return null for non-builtin modules from builtin resolver [0.07ms]
Test on bun (ubuntu-latest)	Run Bun tests	2026-09-16T05:24:13.1536988Z (pass) [cjs module] Built-in module error handling > [cjs module] should throw error for unsupported builtin modules [0.09ms]
Test on bun (ubuntu-latest)	Run Bun tests	2026-09-16T05:24:13.1538474Z (pass) [cjs module] Built-in module error handling > [cjs module] should handle modules not available in browser environment [0.17ms]
Test on bun (ubuntu-latest)	Run Bun tests	2026-09-16T05:24:13.1815119Z (pass) [cjs module] Built-in module error handling > [cjs module] should only work with exact lowercase module names [27.60ms]
Test on bun (ubuntu-latest)	Run Bun tests	2026-09-16T05:24:13.1817677Z (pass) [cjs module] Built-in module error handling > [cjs module] should handle node: prefix removal correctly [0.31ms]
Test on bun (ubuntu-latest)	Run Bun tests	2026-09-16T05:24:13.1819810Z (pass) [cjs module] Built-in module error handling > [cjs module] should throw meaningful errors for import failures [0.13ms]
Test on bun (ubuntu-latest)	Run Bun tests	2026-09-16T05:24:13.1821702Z (pass) [cjs module] Built-in module error handling > [cjs module] builtin resolver should handle empty/invalid module specifiers gracefully [0.12ms]
Test on bun (ubuntu-latest)	Run Bun tests	2026-09-16T05:24:13.1822983Z (pass) [cjs module] Built-in module error handling > [cjs module] should handle modules with special characters in names [0.12ms]
Test on bun (ubuntu-latest)	Run Bun tests	2026-09-16T05:24:13.1823523Z 
Test on bun (ubuntu-latest)	Run Bun tests	2026-09-16T05:24:13.1823859Z ##[endgroup]
Test on bun (ubuntu-latest)	Run Bun tests	2026-09-16T05:24:13.1824008Z 
Test on bun (ubuntu-latest)	Run Bun tests	2026-09-16T05:24:13.1824378Z ##[group]tests/module-specifier.test.mjs:
Test on bun (ubuntu-latest)	Run Bun tests	2026-09-16T05:24:13.1825985Z (pass) [mjs module] parseModuleSpecifier > [mjs module] parses package with name and version [0.03ms]
Test on bun (ubuntu-latest)	Run Bun tests	2026-09-16T05:24:13.1827373Z (pass) [mjs module] parseModuleSpecifier > [mjs module] parses scoped package with name and version [0.04ms]
Test on bun (ubuntu-latest)	Run Bun tests	2026-09-16T05:24:13.1828853Z (pass) [mjs module] parseModuleSpecifier > [mjs module] parses package with name, version, and inner path [0.03ms]
Test on bun (ubuntu-latest)	Run Bun tests	2026-09-16T05:24:13.1830623Z (pass) [mjs module] parseModuleSpecifier > [mjs module] parses package with name, version, and inner path with latest [0.03ms]
Test on bun (ubuntu-latest)	Run Bun tests	2026-09-16T05:24:13.1831642Z (pass) [mjs module] parseModuleSpecifier > [mjs module] parses scoped package with name, version, and inner path [0.03ms]
Test on bun (ubuntu-latest)	Run Bun tests	2026-09-16T05:24:13.1832497Z (pass) [mjs module] parseModuleSpecifier > [mjs module] parses package with name only [0.04ms]
Test on bun (ubuntu-latest)	Run Bun tests	2026-09-16T05:24:13.1833564Z (pass) [mjs module] parseModuleSpecifier > [mjs module] parses scoped package with name only [0.03ms]
Test on bun (ubuntu-latest)	Run Bun tests	2026-09-16T05:24:13.1834448Z (pass) [mjs module] parseModuleSpecifier > [mjs module] parses yargs@17.7.2/helpers [0.03ms]
Test on bun (ubuntu-latest)	Run Bun tests	2026-09-16T05:24:13.1835548Z (pass) [mjs module] parseModuleSpecifier > [mjs module] parses yargs@latest/helpers [0.03ms]
Test on bun (ubuntu-latest)	Run Bun tests	2026-09-16T05:24:13.1836395Z (pass) [mjs module] parseModuleSpecifier > [mjs module] parses yargs/helpers [0.03ms]
Test on bun (ubuntu-latest)	Run Bun tests	2026-09-16T05:24:13.1837619Z (pass) [mjs module] parseModuleSpecifier > [mjs module] throws error for invalid package identifier [0.05ms]
Test on bun (ubuntu-latest)	Run Bun tests	2026-09-16T05:24:13.1838039Z 
Test on bun (ubuntu-latest)	Run Bun tests	2026-09-16T05:24:13.1838442Z ##[endgroup]
Test on bun (ubuntu-latest)	Run Bun tests	2026-09-16T05:24:13.1838637Z 
Test on bun (ubuntu-latest)	Run Bun tests	2026-09-16T05:24:13.1839049Z ##[group]tests/builtin-universal.test.cjs:
Test on bun (ubuntu-latest)	Run Bun tests	2026-09-16T05:24:13.1840102Z (pass) [cjs module] Universal built-in modules (work in all environments) > [cjs module] console module should work [0.14ms]
Test on bun (ubuntu-latest)	Run Bun tests	2026-09-16T05:24:13.1841563Z (pass) [cjs module] Universal built-in modules (work in all environments) > [cjs module] crypto module should work [0.16ms]
Test on bun (ubuntu-latest)	Run Bun tests	2026-09-16T05:24:13.1842979Z (pass) [cjs module] Universal built-in modules (work in all environments) > [cjs module] url module should work [0.17ms]
Test on bun (ubuntu-latest)	Run Bun tests	2026-09-16T05:24:13.1843927Z (pass) [cjs module] Universal built-in modules (work in all environments) > [cjs module] performance module should work [0.21ms]
Test on bun (ubuntu-latest)	Run Bun tests	2026-09-16T05:24:13.1844918Z (pass) [cjs module] Universal built-in modules (work in all environments) > [cjs module] modules should work with node: prefix [0.14ms]
Test on bun (ubuntu-latest)	Run Bun tests	2026-09-16T05:24:13.1845415Z 
Test on bun (ubuntu-latest)	Run Bun tests	2026-09-16T05:24:13.1845652Z ##[endgroup]
Test on bun (ubuntu-latest)	Run Bun tests	2026-09-16T05:24:13.1845777Z 
Test on bun (ubuntu-latest)	Run Bun tests	2026-09-16T05:24:13.1846021Z ##[group]tests/builtin-nodejs.test.mjs:
Test on bun (ubuntu-latest)	Run Bun tests	2026-09-16T05:24:13.1858087Z (pass) [mjs module] Node.js/Bun-only built-in modules > [mjs module] fs module should work [0.83ms]
Test on bun (ubuntu-latest)	Run Bun tests	2026-09-16T05:24:13.1859922Z (pass) [mjs module] Node.js/Bun-only built-in modules > [mjs module] path module should work [0.18ms]
Test on bun (ubuntu-latest)	Run Bun tests	2026-09-16T05:24:13.1864033Z (pass) [mjs module] Node.js/Bun-only built-in modules > [mjs module] os module should work [0.39ms]
Test on bun (ubuntu-latest)	Run Bun tests	2026-09-16T05:24:13.1884562Z (pass) [mjs module] Node.js/Bun-only built-in modules > [mjs module] util module should work [2.04ms]
Test on bun (ubuntu-latest)	Run Bun tests	2026-09-16T05:24:13.1887312Z (pass) [mjs module] Node.js/Bun-only built-in modules > [mjs module] events module should work [0.27ms]
Test on bun (ubuntu-latest)	Run Bun tests	2026-09-16T05:24:13.1890258Z (pass) [mjs module] Node.js/Bun-only built-in modules > [mjs module] stream module should work [0.27ms]
Test on bun (ubuntu-latest)	Run Bun tests	2026-09-16T05:24:13.1892039Z (pass) [mjs module] Node.js/Bun-only built-in modules > [mjs module] buffer module should work [0.20ms]
Test on bun (ubuntu-latest)	Run Bun tests	2026-09-16T05:24:13.1897717Z (pass) [mjs module] Node.js/Bun-only built-in modules > [mjs module] process module should work [0.54ms]
Test on bun (ubuntu-latest)	Run Bun tests	2026-09-16T05:24:13.1898972Z (pass) [mjs module] Node.js/Bun-only built-in modules > [mjs module] child_process module should work [0.13ms]
Test on bun (ubuntu-latest)	Run Bun tests	2026-09-16T05:24:13.1901170Z (pass) [mjs module] Node.js/Bun-only built-in modules > [mjs module] http module should work [0.21ms]
Test on bun (ubuntu-latest)	Run Bun tests	2026-09-16T05:24:13.1902346Z (pass) [mjs module] Node.js/Bun-only built-in modules > [mjs module] https module should work [0.12ms]
Test on bun (ubuntu-latest)	Run Bun tests	2026-09-16T05:24:13.1904516Z (pass) [mjs module] Node.js/Bun-only built-in modules > [mjs module] net module should work [0.18ms]
Test on bun (ubuntu-latest)	Run Bun tests	2026-09-16T05:24:13.1913602Z (pass) [mjs module] Node.js/Bun-only built-in modules > [mjs module] dns module should work [0.89ms]
Test on bun (ubuntu-latest)	Run Bun tests	2026-09-16T05:24:13.1915355Z (pass) [mjs module] Node.js/Bun-only built-in modules > [mjs module] zlib module should work [0.19ms]
Test on bun (ubuntu-latest)	Run Bun tests	2026-09-16T05:24:13.1921577Z (pass) [mjs module] Node.js/Bun-only built-in modules > [mjs module] querystring module should work [0.59ms]
Test on bun (ubuntu-latest)	Run Bun tests	2026-09-16T05:24:13.1933908Z (pass) [mjs module] Node.js/Bun-only built-in modules > [mjs module] assert module should work [1.21ms]
Test on bun (ubuntu-latest)	Run Bun tests	2026-09-16T05:24:13.1936618Z (pass) [mjs module] Node.js/Bun-only built-in modules > [mjs module] all modules should work with node: prefix [0.26ms]
Test on bun (ubuntu-latest)	Run Bun tests	2026-09-16T05:24:13.1937389Z 
Test on bun (ubuntu-latest)	Run Bun tests	2026-09-16T05:24:13.1937799Z ##[endgroup]
Test on bun (ubuntu-latest)	Run Bun tests	2026-09-16T05:24:13.1937997Z 
Test on bun (ubuntu-latest)	Run Bun tests	2026-09-16T05:24:13.1938413Z ##[group]tests/network-imports.test.mjs:
Test on bun (ubuntu-latest)	Run Bun tests	2026-09-16T05:24:13.3761438Z (pass) [mjs module] imports using --experimental-network-imports > [mjs module] Import using --experimental-network-imports for CJS file [182.01ms]
Test on bun (ubuntu-latest)	Run Bun tests	2026-09-16T05:24:13.8081501Z (pass) [mjs module] imports using --experimental-network-imports > [mjs module] Import using --experimental-network-imports for MJS file [432.01ms]
Test on bun (ubuntu-latest)	Run Bun tests	2026-09-16T05:24:13.8082601Z 
Test on bun (ubuntu-latest)	Run Bun tests	2026-09-16T05:24:13.8083508Z ##[endgroup]
Test on bun (ubuntu-latest)	Run Bun tests	2026-09-16T05:24:13.8083727Z 
Test on bun (ubuntu-latest)	Run Bun tests	2026-09-16T05:24:13.8084192Z ##[group]tests/release-workflow-policy.test.mjs:
Test on bun (ubuntu-latest)	Run Bun tests	2026-09-16T05:24:13.8093891Z (pass) release workflow policy > uses npm package metadata that matches registry and trusted publishing expectations [0.17ms]
Test on bun (ubuntu-latest)	Run Bun tests	2026-09-16T05:24:13.8095921Z (pass) release workflow policy > keeps CI and publishing in the trusted-publisher release workflow [0.14ms]
Test on bun (ubuntu-latest)	Run Bun tests	2026-09-16T05:24:13.8097363Z (pass) release workflow policy > publishes with npm trusted publishing instead of token auth [0.11ms]
Test on bun (ubuntu-latest)	Run Bun tests	2026-09-16T05:24:13.8099722Z (pass) release workflow policy > runs tests before publishing and preserves main-branch release runs [0.35ms]
Test on bun (ubuntu-latest)	Run Bun tests	2026-09-16T05:24:13.8101861Z (pass) release workflow policy > fails release runs when the package, tag, and GitHub release already exist [0.22ms]
Test on bun (ubuntu-latest)	Run Bun tests	2026-09-16T05:24:13.8103533Z (pass) release workflow policy > keeps dependency install logs quiet while auditing shipped dependencies [0.08ms]
Test on bun (ubuntu-latest)	Run Bun tests	2026-09-16T05:24:13.8105643Z (pass) release workflow policy > uses current action versions and explicit job timeouts [0.30ms]
Test on bun (ubuntu-latest)	Run Bun tests	2026-09-16T05:24:13.8107133Z (pass) release workflow policy > retries Deno network-import tests without hiding persistent failures [0.07ms]
Test on bun (ubuntu-latest)	Run Bun tests	2026-09-16T05:24:13.8107891Z 
Test on bun (ubuntu-latest)	Run Bun tests	2026-09-16T05:24:13.8108326Z ##[endgroup]
Test on bun (ubuntu-latest)	Run Bun tests	2026-09-16T05:24:13.8108523Z 
Test on bun (ubuntu-latest)	Run Bun tests	2026-09-16T05:24:13.8108967Z ##[group]tests/npm-global-prefix.test.cjs:
Test on bun (ubuntu-latest)	Run Bun tests	2026-09-16T05:24:13.8126449Z (pass) [cjs module] npm global prefix handling > [cjs module] keeps latest and pinned aliases loadable when they share a package binary [0.20ms]
Test on bun (ubuntu-latest)	Run Bun tests	2026-09-16T05:24:13.8128416Z (pass) [cjs module] npm global prefix handling > [cjs module] never force-installs over an unrelated global executable [0.23ms]
Test on bun (ubuntu-latest)	Run Bun tests	2026-09-16T05:24:13.8130557Z (pass) [cjs module] npm global prefix handling > [cjs module] redirects installs to use-m cache when npm global root is not writable [0.16ms]
Test on bun (ubuntu-latest)	Run Bun tests	2026-09-16T05:24:13.8132246Z (pass) [cjs module] npm global prefix handling > [cjs module] keeps the configured npm root when it is writable [0.18ms]
Test on bun (ubuntu-latest)	Run Bun tests	2026-09-16T05:24:13.8133842Z (pass) [cjs module] npm global prefix handling > [cjs module] respects an explicit npm_config_prefix override [0.11ms]
Test on bun (ubuntu-latest)	Run Bun tests	2026-09-16T05:24:13.8135311Z (pass) [cjs module] npm global prefix handling > [cjs module] retries transient npm install failures and removes partial aliases [0.08ms]
Test on bun (ubuntu-latest)	Run Bun tests	2026-09-16T05:24:13.8136804Z (pass) [cjs module] npm global prefix handling > [cjs module] reports captured npm output and cleans up after exhausted retries [0.11ms]
Test on bun (ubuntu-latest)	Run Bun tests	2026-09-16T05:24:13.8138180Z (pass) [cjs module] npm global prefix handling > [cjs module] gives corrupt-alias cleanup a recursive rm retry budget [0.09ms]
Test on bun (ubuntu-latest)	Run Bun tests	2026-09-16T05:24:13.8139919Z (pass) [cjs module] npm global prefix handling > [cjs module] repairs a truncated entry point and bypasses the cached syntax failure [0.08ms]
Test on bun (ubuntu-latest)	Run Bun tests	2026-09-16T05:24:13.8141415Z (pass) [cjs module] npm global prefix handling > [cjs module] repairs an alias missing an internal ESM dependency [0.08ms]
Test on bun (ubuntu-latest)	Run Bun tests	2026-09-16T05:24:13.8142679Z (pass) [cjs module] npm global prefix handling > [cjs module] repairs an alias with invalid package metadata [0.08ms]
Test on bun (ubuntu-latest)	Run Bun tests	2026-09-16T05:24:13.8143940Z (pass) [cjs module] npm global prefix handling > [cjs module] repairs an alias whose declared entry point is missing [0.07ms]
Test on bun (ubuntu-latest)	Run Bun tests	2026-09-16T05:24:13.8145317Z (pass) [cjs module] npm global prefix handling > [cjs module] does not reinstall for an unrelated unwrapped missing-module error [0.07ms]
Test on bun (ubuntu-latest)	Run Bun tests	2026-09-16T05:24:13.8146743Z (pass) [cjs module] npm global prefix handling > [cjs module] collapses concurrent requests for one package into a single install [0.15ms]
Test on bun (ubuntu-latest)	Run Bun tests	2026-09-16T05:24:13.8147946Z (pass) [cjs module] npm global prefix handling > [cjs module] keeps a shared failed install retryable [0.14ms]
Test on bun (ubuntu-latest)	Run Bun tests	2026-09-16T05:24:13.8150070Z (pass) [cjs module] npm global prefix handling > [cjs module] never lets separate processes install one alias at the same time [0.13ms]
Test on bun (ubuntu-latest)	Run Bun tests	2026-09-16T05:24:13.8150939Z 
Test on bun (ubuntu-latest)	Run Bun tests	2026-09-16T05:24:13.8151220Z ##[endgroup]
Test on bun (ubuntu-latest)	Run Bun tests	2026-09-16T05:24:13.8151359Z 
Test on bun (ubuntu-latest)	Run Bun tests	2026-09-16T05:24:13.8151679Z ##[group]tests/relative-paths.test.mjs:
Test on bun (ubuntu-latest)	Run Bun tests	2026-09-16T05:24:13.8152638Z (pass) Relative Path Resolution > should import JS file from same directory using ./ [0.48ms]
Test on bun (ubuntu-latest)	Run Bun tests	2026-09-16T05:24:13.8154874Z (pass) Relative Path Resolution > should import JSON file from same directory using ./ [0.24ms]
Test on bun (ubuntu-latest)	Run Bun tests	2026-09-16T05:24:13.8156219Z (pass) Relative Path Resolution > should import JS file from parent directory using ../ [0.15ms]
Test on bun (ubuntu-latest)	Run Bun tests	2026-09-16T05:24:13.8159940Z (pass) Relative Path Resolution > should import from subdirectory using ./subfolder/ [0.33ms]
Test on bun (ubuntu-latest)	Run Bun tests	2026-09-16T05:24:13.8161802Z (pass) Relative Path Resolution > should import JSON from subdirectory [0.22ms]
Test on bun (ubuntu-latest)	Run Bun tests	2026-09-16T05:24:13.8164036Z (pass) Relative Path Resolution > should handle complex relative paths (../) [0.20ms]
Test on bun (ubuntu-latest)	Run Bun tests	2026-09-16T05:24:13.8381660Z (pass) Relative Path Resolution > should work with mixed relative and npm imports [21.71ms]
Test on bun (ubuntu-latest)	Run Bun tests	2026-09-16T05:24:13.8384568Z (pass) Relative Path Resolution > should maintain correct context for nested relative imports [0.30ms]
Test on bun (ubuntu-latest)	Run Bun tests	2026-09-16T05:24:13.8385020Z 
Test on bun (ubuntu-latest)	Run Bun tests	2026-09-16T05:24:13.8385320Z ##[endgroup]
Test on bun (ubuntu-latest)	Run Bun tests	2026-09-16T05:24:13.8385447Z 
Test on bun (ubuntu-latest)	Run Bun tests	2026-09-16T05:24:13.8385700Z ##[group]tests/builtin-browser.test.mjs:
Test on bun (ubuntu-latest)	Run Bun tests	2026-09-16T05:24:16.7872686Z (pass) [mjs module] Universal built-in modules in browser > [mjs module] console module should work in browser [0.81ms]
Test on bun (ubuntu-latest)	Run Bun tests	2026-09-16T05:24:16.7877981Z (pass) [mjs module] Universal built-in modules in browser > [mjs module] crypto module should work in browser [0.59ms]
Test on bun (ubuntu-latest)	Run Bun tests	2026-09-16T05:24:16.7884249Z (pass) [mjs module] Universal built-in modules in browser > [mjs module] url module should work in browser [0.60ms]
Test on bun (ubuntu-latest)	Run Bun tests	2026-09-16T05:24:16.7891211Z (pass) [mjs module] Universal built-in modules in browser > [mjs module] performance module should work in browser [0.69ms]
Test on bun (ubuntu-latest)	Run Bun tests	2026-09-16T05:24:16.7897448Z (pass) [mjs module] Universal built-in modules in browser > [mjs module] fs module should fail in browser with correct error [0.61ms]
Test on bun (ubuntu-latest)	Run Bun tests	2026-09-16T05:24:16.7903556Z (pass) [mjs module] Universal built-in modules in browser > [mjs module] node: prefix should work with universal modules [0.61ms]
Test on bun (ubuntu-latest)	Run Bun tests	2026-09-16T05:24:16.7909319Z (pass) [mjs module] Universal built-in modules in browser > [mjs module] uppercase module names should fail (strict lowercase only) [0.57ms]
Test on bun (ubuntu-latest)	Run Bun tests	2026-09-16T05:24:16.7914737Z (pass) [mjs module] Universal built-in modules in browser > [mjs module] all browser tests should pass [0.56ms]
Test on bun (ubuntu-latest)	Run Bun tests	2026-09-16T05:24:16.8550202Z 
Test on bun (ubuntu-latest)	Run Bun tests	2026-09-16T05:24:16.8551354Z ##[endgroup]
Test on bun (ubuntu-latest)	Run Bun tests	2026-09-16T05:24:16.8551591Z 
Test on bun (ubuntu-latest)	Run Bun tests	2026-09-16T05:24:16.8552022Z ##[group]tests/typescript.test.mjs:
Test on bun (ubuntu-latest)	Run Bun tests	2026-09-16T05:24:16.8667539Z (pass) [mjs module] typescript > [mjs module] use typescript [11.06ms]
Test on bun (ubuntu-latest)	Run Bun tests	2026-09-16T05:24:16.8668166Z 
Test on bun (ubuntu-latest)	Run Bun tests	2026-09-16T05:24:16.8668657Z ##[endgroup]
Test on bun (ubuntu-latest)	Run Bun tests	2026-09-16T05:24:16.8668862Z 
Test on bun (ubuntu-latest)	Run Bun tests	2026-09-16T05:24:16.8669273Z ##[group]tests/network-imports.test.cjs:
Test on bun (ubuntu-latest)	Run Bun tests	2026-09-16T05:24:17.0496541Z (pass) [cjs module] imports using --experimental-network-imports > [cjs module] Import using --experimental-network-imports for CJS file [182.42ms]
Test on bun (ubuntu-latest)	Run Bun tests	2026-09-16T05:24:17.2344140Z (pass) [cjs module] imports using --experimental-network-imports > [cjs module] Import using --experimental-network-imports for MJS file [184.78ms]
Test on bun (ubuntu-latest)	Run Bun tests	2026-09-16T05:24:17.2344777Z 
Test on bun (ubuntu-latest)	Run Bun tests	2026-09-16T05:24:17.2345092Z ##[endgroup]
Test on bun (ubuntu-latest)	Run Bun tests	2026-09-16T05:24:17.2345216Z 
Test on bun (ubuntu-latest)	Run Bun tests	2026-09-16T05:24:17.2345474Z ##[group]tests/builtin-nodejs.test.cjs:
Test on bun (ubuntu-latest)	Run Bun tests	2026-09-16T05:24:17.2356839Z (pass) [cjs module] Node.js/Bun-only built-in modules > [cjs module] fs module should work [0.23ms]
Test on bun (ubuntu-latest)	Run Bun tests	2026-09-16T05:24:17.2358324Z (pass) [cjs module] Node.js/Bun-only built-in modules > [cjs module] path module should work [0.18ms]
Test on bun (ubuntu-latest)	Run Bun tests	2026-09-16T05:24:17.2361186Z (pass) [cjs module] Node.js/Bun-only built-in modules > [cjs module] os module should work [0.27ms]
Test on bun (ubuntu-latest)	Run Bun tests	2026-09-16T05:24:17.2363858Z (pass) [cjs module] Node.js/Bun-only built-in modules > [cjs module] util module should work [0.28ms]
Test on bun (ubuntu-latest)	Run Bun tests	2026-09-16T05:24:17.2366213Z (pass) [cjs module] Node.js/Bun-only built-in modules > [cjs module] events module should work [0.23ms]
Test on bun (ubuntu-latest)	Run Bun tests	2026-09-16T05:24:17.2368168Z (pass) [cjs module] Node.js/Bun-only built-in modules > [cjs module] stream module should work [0.17ms]
Test on bun (ubuntu-latest)	Run Bun tests	2026-09-16T05:24:17.2370928Z (pass) [cjs module] Node.js/Bun-only built-in modules > [cjs module] buffer module should work [0.24ms]
Test on bun (ubuntu-latest)	Run Bun tests	2026-09-16T05:24:17.2373158Z (pass) [cjs module] Node.js/Bun-only built-in modules > [cjs module] process module should work [0.22ms]
Test on bun (ubuntu-latest)	Run Bun tests	2026-09-16T05:24:17.2374661Z (pass) [cjs module] Node.js/Bun-only built-in modules > [cjs module] child_process module should work [0.16ms]
Test on bun (ubuntu-latest)	Run Bun tests	2026-09-16T05:24:17.2376285Z (pass) [cjs module] Node.js/Bun-only built-in modules > [cjs module] http module should work [0.16ms]
Test on bun (ubuntu-latest)	Run Bun tests	2026-09-16T05:24:17.2377637Z (pass) [cjs module] Node.js/Bun-only built-in modules > [cjs module] https module should work [0.14ms]
Test on bun (ubuntu-latest)	Run Bun tests	2026-09-16T05:24:17.2379664Z (pass) [cjs module] Node.js/Bun-only built-in modules > [cjs module] net module should work [0.16ms]
Test on bun (ubuntu-latest)	Run Bun tests	2026-09-16T05:24:17.2381201Z (pass) [cjs module] Node.js/Bun-only built-in modules > [cjs module] dns module should work [0.18ms]
Test on bun (ubuntu-latest)	Run Bun tests	2026-09-16T05:24:17.2383006Z (pass) [cjs module] Node.js/Bun-only built-in modules > [cjs module] zlib module should work [0.16ms]
Test on bun (ubuntu-latest)	Run Bun tests	2026-09-16T05:24:17.2384976Z (pass) [cjs module] Node.js/Bun-only built-in modules > [cjs module] querystring module should work [0.19ms]
Test on bun (ubuntu-latest)	Run Bun tests	2026-09-16T05:24:17.2387905Z (pass) [cjs module] Node.js/Bun-only built-in modules > [cjs module] assert module should work [0.29ms]
Test on bun (ubuntu-latest)	Run Bun tests	2026-09-16T05:24:17.2391517Z (pass) [cjs module] Node.js/Bun-only built-in modules > [cjs module] all modules should work with node: prefix [0.32ms]
Test on bun (ubuntu-latest)	Run Bun tests	2026-09-16T05:24:17.2391989Z 
Test on bun (ubuntu-latest)	Run Bun tests	2026-09-16T05:24:17.2392265Z ##[endgroup]
Test on bun (ubuntu-latest)	Run Bun tests	2026-09-16T05:24:17.2392627Z 
Test on bun (ubuntu-latest)	Run Bun tests	2026-09-16T05:24:17.2393042Z ##[group]tests/use.test.mjs:
Test on bun (ubuntu-latest)	Run Bun tests	2026-09-16T05:24:17.2434749Z (pass) [mjs module] 'use' import strategies > [mjs module] Direct ESM Import lodash@4.17.21 [3.34ms]
Test on bun (ubuntu-latest)	Run Bun tests	2026-09-16T05:24:17.2465215Z (pass) [mjs module] 'use' import strategies > [mjs module] Dynamic ESM Import of CSJ [3.41ms]
Test on bun (ubuntu-latest)	Run Bun tests	2026-09-16T05:24:17.2504860Z (pass) [mjs module] 'use' import strategies > [mjs module] Dynamic ESM Import of MJS [3.89ms]
Test on bun (ubuntu-latest)	Run Bun tests	2026-09-16T05:24:17.2506673Z (pass) [mjs module] 'use' import strategies > [mjs module] Universal (then style) [0.02ms]
Test on bun (ubuntu-latest)	Run Bun tests	2026-09-16T05:24:17.2507908Z (pass) [mjs module] 'use' import strategies > [mjs module] Universal (then style, use inside)
Test on bun (ubuntu-latest)	Run Bun tests	2026-09-16T05:24:17.2509050Z (pass) [mjs module] 'use' import strategies > [mjs module] Universal (eval style) [0.01ms]
Test on bun (ubuntu-latest)	Run Bun tests	2026-09-16T05:24:17.2510493Z (pass) [mjs module] 'use' import strategies > [mjs module] Universal (single then style)
Test on bun (ubuntu-latest)	Run Bun tests	2026-09-16T05:24:17.3191268Z (pass) [mjs module] 'use' import strategies > [mjs module] use.all with require [68.58ms]
Test on bun (ubuntu-latest)	Run Bun tests	2026-09-16T05:24:17.3237285Z (pass) [mjs module] 'use' import strategies > [mjs module] use.all [4.61ms]
Test on bun (ubuntu-latest)	Run Bun tests	2026-09-16T05:24:17.3238685Z (pass) [mjs module] 'use' import strategies > [mjs module] use.all (script) [0.02ms]
Test on bun (ubuntu-latest)	Run Bun tests	2026-09-16T05:24:17.3240690Z (pass) [mjs module] 'use' import strategies > [mjs module] Universal (script) @octokit/core@6.1.5 [0.01ms]
Test on bun (ubuntu-latest)	Run Bun tests	2026-09-16T05:24:17.3242113Z (pass) [mjs module] 'use' import strategies > [mjs module] Universal (script) @octokit/core@5 [0.01ms]
Test on bun (ubuntu-latest)	Run Bun tests	2026-09-16T05:24:17.3243760Z (pass) [mjs module] 'use' import strategies > [mjs module] Universal (script) @octokit/core (latest)
Test on bun (ubuntu-latest)	Run Bun tests	2026-09-16T05:24:17.4636300Z (pass) [mjs module] 'use' import strategies > [mjs module] @octokit/core (latest) [139.80ms]
Test on bun (ubuntu-latest)	Run Bun tests	2026-09-16T05:24:17.4636998Z 
Test on bun (ubuntu-latest)	Run Bun tests	2026-09-16T05:24:17.4637539Z ##[endgroup]
Test on bun (ubuntu-latest)	Run Bun tests	2026-09-16T05:24:17.4637721Z 
Test on bun (ubuntu-latest)	Run Bun tests	2026-09-16T05:24:17.4638180Z ##[group]tests/relative-paths.integration.test.mjs:
Test on bun (ubuntu-latest)	Run Bun tests	2026-09-16T05:24:17.4652637Z /home/runner/work/use-m/use-m/tests
Test on bun (ubuntu-latest)	Run Bun tests	2026-09-16T05:24:17.4860263Z (pass) [mjs module] Relative Path Resolution (Integration) > [mjs module] relative paths should work when run directly with Node.js [20.83ms]
Test on bun (ubuntu-latest)	Run Bun tests	2026-09-16T05:24:17.4861260Z 
Test on bun (ubuntu-latest)	Run Bun tests	2026-09-16T05:24:17.4861719Z ##[endgroup]
Test on bun (ubuntu-latest)	Run Bun tests	2026-09-16T05:24:17.4862299Z Testing relative paths from tests directory...
Test on bun (ubuntu-latest)	Run Bun tests	2026-09-16T05:24:17.4862714Z 
Test on bun (ubuntu-latest)	Run Bun tests	2026-09-16T05:24:17.4863203Z ##[group]tests/resolvers.test.mjs:
Test on bun (ubuntu-latest)	Run Bun tests	2026-09-16T05:24:17.4863521Z 
Test on bun (ubuntu-latest)	Run Bun tests	2026-09-16T05:24:17.4863832Z 1. Testing ./browser-server/test-helper.js
Test on bun (ubuntu-latest)	Run Bun tests	2026-09-16T05:24:17.4864706Z    ✓ Message: Helper module loaded
Test on bun (ubuntu-latest)	Run Bun tests	2026-09-16T05:24:17.4865052Z 
Test on bun (ubuntu-latest)	Run Bun tests	2026-09-16T05:24:17.4865361Z 2. Testing ./browser-server/test-data.json
Test on bun (ubuntu-latest)	Run Bun tests	2026-09-16T05:24:17.4865985Z    ✓ Value: 123
Test on bun (ubuntu-latest)	Run Bun tests	2026-09-16T05:24:17.4866435Z    ✓ Test: data
Test on bun (ubuntu-latest)	Run Bun tests	2026-09-16T05:24:17.4866650Z 
Test on bun (ubuntu-latest)	Run Bun tests	2026-09-16T05:24:17.4866860Z 3. Testing ../src/use.mjs
Test on bun (ubuntu-latest)	Run Bun tests	2026-09-16T05:24:17.4867406Z    ✓ use function exists: true
Test on bun (ubuntu-latest)	Run Bun tests	2026-09-16T05:24:17.4867698Z 
Test on bun (ubuntu-latest)	Run Bun tests	2026-09-16T05:24:17.4868037Z 4. Testing ./browser-server/subfolder/nested.js
Test on bun (ubuntu-latest)	Run Bun tests	2026-09-16T05:24:17.4868771Z    ✓ Nested: true Level: subfolder
Test on bun (ubuntu-latest)	Run Bun tests	2026-09-16T05:24:17.4869092Z 
Test on bun (ubuntu-latest)	Run Bun tests	2026-09-16T05:24:17.4869741Z 5. Testing ./browser-server/subfolder/nested-data.json
Test on bun (ubuntu-latest)	Run Bun tests	2026-09-16T05:24:17.4870437Z    ✓ Level: nested Depth: 1
Test on bun (ubuntu-latest)	Run Bun tests	2026-09-16T05:24:17.4870716Z 
Test on bun (ubuntu-latest)	Run Bun tests	2026-09-16T05:24:17.4870923Z 6. Testing ../package.json
Test on bun (ubuntu-latest)	Run Bun tests	2026-09-16T05:24:17.4871415Z    ✓ Package name: use-m
Test on bun (ubuntu-latest)	Run Bun tests	2026-09-16T05:24:17.4871701Z 
Test on bun (ubuntu-latest)	Run Bun tests	2026-09-16T05:24:17.4871979Z ✅ All direct tests passed!
Test on bun (ubuntu-latest)	Run Bun tests	2026-09-16T05:24:17.4872251Z 
Test on bun (ubuntu-latest)	Run Bun tests	2026-09-16T05:24:17.5825544Z (pass) [mjs module] resolvers tests > [mjs module] npm resolver resolves package path [95.62ms]
Test on bun (ubuntu-latest)	Run Bun tests	2026-09-16T05:24:17.6765753Z (pass) [mjs module] resolvers tests > [mjs module] npm resolver resolves scoped package path for @octokit/core@6.1.5 [94.01ms]
Test on bun (ubuntu-latest)	Run Bun tests	2026-09-16T05:24:19.3632017Z (pass) [mjs module] resolvers tests > [mjs module] npm resolver resolves package path with version [1686.61ms]
Test on bun (ubuntu-latest)	Run Bun tests	2026-09-16T05:24:19.4559040Z (pass) [mjs module] resolvers tests > [mjs module] npm resolver resolves yargs/helpers [92.71ms]
Test on bun (ubuntu-latest)	Run Bun tests	2026-09-16T05:24:19.5482981Z (pass) [mjs module] resolvers tests > [mjs module] npm resolver resolves yargs@18.0.0/helpers [92.35ms]
Test on bun (ubuntu-latest)	Run Bun tests	2026-09-16T05:24:19.9682103Z (pass) [mjs module] resolvers tests > [mjs module] npm resolver resolves yargs@latest/helpers [419.89ms]
Test on bun (ubuntu-latest)	Run Bun tests	2026-09-16T05:24:19.9683557Z (pass) [mjs module] resolvers tests > [mjs module] skypack resolver resolves URL [0.19ms]
Test on bun (ubuntu-latest)	Run Bun tests	2026-09-16T05:24:19.9685219Z (pass) [mjs module] resolvers tests > [mjs module] skypack resolver resolves subpath [0.07ms]
Test on bun (ubuntu-latest)	Run Bun tests	2026-09-16T05:24:19.9686533Z (pass) [mjs module] resolvers tests > [mjs module] jsdelivr resolver resolves URL [0.15ms]
Test on bun (ubuntu-latest)	Run Bun tests	2026-09-16T05:24:19.9687859Z (pass) [mjs module] resolvers tests > [mjs module] jsdelivr resolver resolves subpath [0.08ms]
Test on bun (ubuntu-latest)	Run Bun tests	2026-09-16T05:24:19.9689146Z (pass) [mjs module] resolvers tests > [mjs module] unpkg resolver resolves URL [0.12ms]
Test on bun (ubuntu-latest)	Run Bun tests	2026-09-16T05:24:19.9690666Z (pass) [mjs module] resolvers tests > [mjs module] unpkg resolver resolves subpath [0.07ms]
Test on bun (ubuntu-latest)	Run Bun tests	2026-09-16T05:24:19.9691896Z (pass) [mjs module] resolvers tests > [mjs module] esm resolver resolves URL [0.06ms]
Test on bun (ubuntu-latest)	Run Bun tests	2026-09-16T05:24:19.9693008Z (pass) [mjs module] resolvers tests > [mjs module] esm resolver resolves subpath [0.07ms]
Test on bun (ubuntu-latest)	Run Bun tests	2026-09-16T05:24:19.9694061Z (pass) [mjs module] resolvers tests > [mjs module] jspm resolver resolves URL [0.10ms]
Test on bun (ubuntu-latest)	Run Bun tests	2026-09-16T05:24:19.9695168Z (pass) [mjs module] resolvers tests > [mjs module] jspm resolver resolves subpath [0.07ms]
Test on bun (ubuntu-latest)	Run Bun tests	2026-09-16T05:24:19.9740654Z (pass) [mjs module] resolvers tests > [mjs module] bun resolver resolves package path [4.07ms]
Test on bun (ubuntu-latest)	Run Bun tests	2026-09-16T05:24:20.0390898Z (pass) [mjs module] resolvers tests > [mjs module] bun resolver resolves scoped package path for @octokit/core@6.1.5 [65.70ms]
Test on bun (ubuntu-latest)	Run Bun tests	2026-09-16T05:24:20.0431072Z (pass) [mjs module] resolvers tests > [mjs module] bun resolver resolves yargs/helpers [3.99ms]
Test on bun (ubuntu-latest)	Run Bun tests	2026-09-16T05:24:20.0517711Z (pass) [mjs module] resolvers tests > [mjs module] bun resolver resolves yargs@latest/helpers [8.72ms]
Test on bun (ubuntu-latest)	Run Bun tests	2026-09-16T05:24:20.0518300Z 
Test on bun (ubuntu-latest)	Run Bun tests	2026-09-16T05:24:20.0518988Z ##[endgroup]
Test on bun (ubuntu-latest)	Run Bun tests	2026-09-16T05:24:20.0519212Z 
Test on bun (ubuntu-latest)	Run Bun tests	2026-09-16T05:24:20.0520115Z ##[group]tests/filename.test.mjs:
Test on bun (ubuntu-latest)	Run Bun tests	2026-09-16T05:24:20.0541127Z (pass) [mjs module] scriptPath detection in ESM (functional) > [mjs module] default pathResolver resolves modules relative to use.mjs [0.30ms]
Test on bun (ubuntu-latest)	Run Bun tests	2026-09-16T05:24:20.0542672Z (pass) [mjs module] scriptPath detection in ESM (functional) > [mjs module] override scriptPath resolves relative to provided path [0.33ms]
Test on bun (ubuntu-latest)	Run Bun tests	2026-09-16T05:24:20.0543861Z (pass) [mjs module] scriptPath detection in ESM (createRequire fallback) > [mjs module] fallback default resolves modules relative to use.mjs [0.17ms]
Test on bun (ubuntu-latest)	Run Bun tests	2026-09-16T05:24:20.0545084Z (pass) [mjs module] scriptPath detection in ESM (createRequire fallback) > [mjs module] fallback explicit scriptPath resolves relative to provided path [0.16ms]
Test on bun (ubuntu-latest)	Run Bun tests	2026-09-16T05:24:20.0546309Z (pass) [mjs module] scriptPath detection in ESM (createRequire fallback) > [mjs module] fallback meta override changes pathResolver behavior in ESM [0.18ms]
Test on bun (ubuntu-latest)	Run Bun tests	2026-09-16T05:24:20.0547482Z (pass) [mjs module] scriptPath detection in ESM (meta URL) > [mjs module] meta override resolves modules relative to provided meta URL (use.js) [0.16ms]
Test on bun (ubuntu-latest)	Run Bun tests	2026-09-16T05:24:20.0548016Z 
Test on bun (ubuntu-latest)	Run Bun tests	2026-09-16T05:24:20.0548273Z ##[endgroup]
Test on bun (ubuntu-latest)	Run Bun tests	2026-09-16T05:24:20.0548392Z 
Test on bun (ubuntu-latest)	Run Bun tests	2026-09-16T05:24:20.0548636Z ##[group]tests/loader.test.mjs:
Test on bun (ubuntu-latest)	Run Bun tests	2026-09-16T05:24:20.0560082Z (pass) [mjs module] loader resolve hook > [mjs module] returns the default resolver's result when it succeeds [0.24ms]
Test on bun (ubuntu-latest)	Run Bun tests	2026-09-16T05:24:20.1473137Z (pass) [mjs module] loader resolve hook > [mjs module] falls back to the npm resolver when the default resolver throws [91.28ms]
Test on bun (ubuntu-latest)	Run Bun tests	2026-09-16T05:24:20.4613527Z (pass) [mjs module] loader resolve hook > [mjs module] surfaces a clear aggregated error when BOTH resolvers fail [314.06ms]
Test on bun (ubuntu-latest)	Run Bun tests	2026-09-16T05:24:20.4614077Z 
Test on bun (ubuntu-latest)	Run Bun tests	2026-09-16T05:24:20.4614386Z ##[endgroup]
Test on bun (ubuntu-latest)	Run Bun tests	2026-09-16T05:24:20.4614511Z 
Test on bun (ubuntu-latest)	Run Bun tests	2026-09-16T05:24:20.4614776Z ##[group]tests/script-sync.test.mjs:
Test on bun (ubuntu-latest)	Run Bun tests	2026-09-16T05:24:20.4627769Z (pass) [mjs module] distributed script synchronization > [mjs module] npm recovery stays synchronized across mjs, cjs, and universal builds [0.93ms]
Test on bun (ubuntu-latest)	Run Bun tests	2026-09-16T05:24:20.4628647Z 
Test on bun (ubuntu-latest)	Run Bun tests	2026-09-16T05:24:20.4628919Z ##[endgroup]
Test on bun (ubuntu-latest)	Run Bun tests	2026-09-16T05:24:20.4629038Z 
Test on bun (ubuntu-latest)	Run Bun tests	2026-09-16T05:24:20.4629284Z ##[group]tests/relative-paths.test.cjs:
Test on bun (ubuntu-latest)	Run Bun tests	2026-09-16T05:24:20.4633433Z (pass) Relative Path Resolution (CommonJS) > should import JS file from same directory using ./ [0.17ms]
Test on bun (ubuntu-latest)	Run Bun tests	2026-09-16T05:24:20.4635230Z (pass) Relative Path Resolution (CommonJS) > should import JSON file from same directory using ./ [0.18ms]
Test on bun (ubuntu-latest)	Run Bun tests	2026-09-16T05:24:20.4636641Z (pass) Relative Path Resolution (CommonJS) > should import JS file from parent directory using ../ [0.14ms]
Test on bun (ubuntu-latest)	Run Bun tests	2026-09-16T05:24:20.4638056Z (pass) Relative Path Resolution (CommonJS) > should import from subdirectory using ./subfolder/ [0.14ms]
Test on bun (ubuntu-latest)	Run Bun tests	2026-09-16T05:24:20.4639588Z (pass) Relative Path Resolution (CommonJS) > should import JSON from subdirectory [0.13ms]
Test on bun (ubuntu-latest)	Run Bun tests	2026-09-16T05:24:20.4641296Z (pass) Relative Path Resolution (CommonJS) > should handle complex relative paths (../) [0.15ms]
Test on bun (ubuntu-latest)	Run Bun tests	2026-09-16T05:24:20.4683505Z (pass) Relative Path Resolution (CommonJS) > should work with mixed relative and npm imports [4.14ms]
Test on bun (ubuntu-latest)	Run Bun tests	2026-09-16T05:24:20.4687233Z (pass) Relative Path Resolution (CommonJS) > should maintain correct context for nested relative imports [0.38ms]
Test on bun (ubuntu-latest)	Run Bun tests	2026-09-16T05:24:20.4688375Z 
Test on bun (ubuntu-latest)	Run Bun tests	2026-09-16T05:24:20.4689070Z ##[endgroup]
Test on bun (ubuntu-latest)	Run Bun tests	2026-09-16T05:24:20.4689303Z 
Test on bun (ubuntu-latest)	Run Bun tests	2026-09-16T05:24:20.4689943Z ##[group]tests/lodash.test.mjs:
Test on bun (ubuntu-latest)	Run Bun tests	2026-09-16T05:24:20.5734390Z (pass) [mjs module] 'lodash' imports tests > [mjs module] npm: lodash [104.23ms]
Test on bun (ubuntu-latest)	Run Bun tests	2026-09-16T05:24:20.5820977Z (pass) [mjs module] 'lodash' imports tests > [mjs module] npm: lodash@latest [8.62ms]
Test on bun (ubuntu-latest)	Run Bun tests	2026-09-16T05:24:20.5902089Z (pass) [mjs module] 'lodash' imports tests > [mjs module] npm: lodash@ [8.14ms]
Test on bun (ubuntu-latest)	Run Bun tests	2026-09-16T05:24:20.5943632Z (pass) [mjs module] 'lodash' imports tests > [mjs module] npm: lodash@4.17.21 [4.18ms]
Test on bun (ubuntu-latest)	Run Bun tests	2026-09-16T05:24:20.6001320Z (pass) [mjs module] 'lodash' imports tests > [mjs module] npm: lodash@4.17.21/add [5.75ms]
Test on bun (ubuntu-latest)	Run Bun tests	2026-09-16T05:24:20.6055515Z (pass) [mjs module] 'lodash' imports tests > [mjs module] npm: lodash@4.17.21/add.js [3.45ms]
Test on bun (ubuntu-latest)	Run Bun tests	2026-09-16T05:24:20.6075161Z (pass) [mjs module] 'lodash' imports tests > [mjs module] npm: lodash@4.17.21/not-found.js [3.92ms]
Test on bun (ubuntu-latest)	Run Bun tests	2026-09-16T05:24:20.6075827Z 
Test on bun (ubuntu-latest)	Run Bun tests	2026-09-16T05:24:20.6076298Z ##[endgroup]
Test on bun (ubuntu-latest)	Run Bun tests	2026-09-16T05:24:20.6076515Z 
Test on bun (ubuntu-latest)	Run Bun tests	2026-09-16T05:24:20.6076920Z ##[group]tests/lodash.test.cjs:
Test on bun (ubuntu-latest)	Run Bun tests	2026-09-16T05:24:20.6166178Z (pass) [cjs module] 'lodash' imports tests > [cjs module] npm: lodash [8.63ms]
Test on bun (ubuntu-latest)	Run Bun tests	2026-09-16T05:24:20.6254913Z (pass) [cjs module] 'lodash' imports tests > [cjs module] npm: lodash@latest [8.88ms]
Test on bun (ubuntu-latest)	Run Bun tests	2026-09-16T05:24:20.6337443Z (pass) [cjs module] 'lodash' imports tests > [cjs module] npm: lodash@ [8.24ms]
Test on bun (ubuntu-latest)	Run Bun tests	2026-09-16T05:24:20.6366812Z (pass) [cjs module] 'lodash' imports tests > [cjs module] npm: lodash@4.17.21 [2.98ms]
Test on bun (ubuntu-latest)	Run Bun tests	2026-09-16T05:24:20.6406887Z (pass) [cjs module] 'lodash' imports tests > [cjs module] npm: lodash@4.17.21/add [3.71ms]
Test on bun (ubuntu-latest)	Run Bun tests	2026-09-16T05:24:20.6434684Z (pass) [cjs module] 'lodash' imports tests > [cjs module] npm: lodash@4.17.21/add.js [3.03ms]
Test on bun (ubuntu-latest)	Run Bun tests	2026-09-16T05:24:20.6469351Z (pass) [cjs module] 'lodash' imports tests > [cjs module] npm: lodash@4.17.21/not-found.js [3.46ms]
Test on bun (ubuntu-latest)	Run Bun tests	2026-09-16T05:24:20.6470244Z 
Test on bun (ubuntu-latest)	Run Bun tests	2026-09-16T05:24:20.6470599Z ##[endgroup]
Test on bun (ubuntu-latest)	Run Bun tests	2026-09-16T05:24:20.6476673Z 
Test on bun (ubuntu-latest)	Run Bun tests	2026-09-16T05:24:20.6477056Z ##[group]tests/get-script-url.test.mjs:
Test on bun (ubuntu-latest)	Run Bun tests	2026-09-16T05:24:20.6477707Z (pass) [mjs module] import.meta.url workaround > [mjs module] scriptUrl matches import.meta.url [0.28ms]
Test on bun (ubuntu-latest)	Run Bun tests	2026-09-16T05:24:20.6478797Z (pass) [mjs module] import.meta.url workaround > [mjs module] scriptUrl matches import.meta.url in eval [0.16ms]
Test on bun (ubuntu-latest)	Run Bun tests	2026-09-16T05:24:20.6479347Z 
Test on bun (ubuntu-latest)	Run Bun tests	2026-09-16T05:24:20.6480387Z ##[endgroup]
Test on bun (ubuntu-latest)	Run Bun tests	2026-09-16T05:24:20.6480607Z 
Test on bun (ubuntu-latest)	Run Bun tests	2026-09-16T05:24:20.6481081Z ##[group]tests/relative-paths-browser.test.mjs:
Test on bun (ubuntu-latest)	Run Bun tests	2026-09-16T05:24:22.2652217Z (pass) [mjs module] Relative path resolution in browser > [mjs module] ./ path for JS file in same directory should work [0.83ms]
Test on bun (ubuntu-latest)	Run Bun tests	2026-09-16T05:24:22.2658133Z (pass) [mjs module] Relative path resolution in browser > [mjs module] ./ path for JSON file in same directory should work [0.58ms]
Test on bun (ubuntu-latest)	Run Bun tests	2026-09-16T05:24:22.2663874Z (pass) [mjs module] Relative path resolution in browser > [mjs module] ../../ path for JS file in parent directory should work [0.57ms]
Test on bun (ubuntu-latest)	Run Bun tests	2026-09-16T05:24:22.2670527Z (pass) [mjs module] Relative path resolution in browser > [mjs module] ./subfolder/ path for nested JS file should work [0.64ms]
Test on bun (ubuntu-latest)	Run Bun tests	2026-09-16T05:24:22.2676011Z (pass) [mjs module] Relative path resolution in browser > [mjs module] ./subfolder/ path for nested JSON file should work [0.56ms]
Test on bun (ubuntu-latest)	Run Bun tests	2026-09-16T05:24:22.2681604Z (pass) [mjs module] Relative path resolution in browser > [mjs module] mixed relative and npm imports should work [0.56ms]
Test on bun (ubuntu-latest)	Run Bun tests	2026-09-16T05:24:22.2686531Z (pass) [mjs module] Relative path resolution in browser > [mjs module] all relative path browser tests should pass [0.49ms]
Test on bun (ubuntu-latest)	Run Bun tests	2026-09-16T05:24:22.3329061Z 
Test on bun (ubuntu-latest)	Run Bun tests	2026-09-16T05:24:22.3330341Z ##[endgroup]
Test on bun (ubuntu-latest)	Run Bun tests	2026-09-16T05:24:22.3330615Z 
Test on bun (ubuntu-latest)	Run Bun tests	2026-09-16T05:24:22.3330941Z ##[group]tests/deno-support.test.cjs:
Test on bun (ubuntu-latest)	Run Bun tests	2026-09-16T05:24:22.3337157Z (pass) [cjs module] Deno support > [cjs module] Deno resolver should resolve npm packages to esm.sh [0.10ms]
Test on bun (ubuntu-latest)	Run Bun tests	2026-09-16T05:24:22.3338512Z (pass) [cjs module] Deno support > [cjs module] Deno resolver should handle scoped packages [0.07ms]
Test on bun (ubuntu-latest)	Run Bun tests	2026-09-16T05:24:22.3340120Z (pass) [cjs module] Deno support > [cjs module] Deno resolver should handle module paths [0.07ms]
Test on bun (ubuntu-latest)	Run Bun tests	2026-09-16T05:24:22.3341365Z (pass) [cjs module] Deno support > [cjs module] Deno resolver should handle latest version [0.06ms]
Test on bun (ubuntu-latest)	Run Bun tests	2026-09-16T05:24:22.3342758Z (pass) [cjs module] Deno support > [cjs module] makeUse should detect Deno runtime when Deno global is present [0.17ms]
Test on bun (ubuntu-latest)	Run Bun tests	2026-09-16T05:24:22.3344192Z (pass) [cjs module] Deno support > [cjs module] Deno resolver should work with complex package names [0.06ms]
Test on bun (ubuntu-latest)	Run Bun tests	2026-09-16T05:24:22.3345589Z (pass) [cjs module] Deno support > [cjs module] Deno resolver should handle packages without versions [0.06ms]
Test on bun (ubuntu-latest)	Run Bun tests	2026-09-16T05:24:22.3346549Z (pass) [cjs module] Deno support > [cjs module] makeUse with explicit deno resolver [0.08ms]
Test on bun (ubuntu-latest)	Run Bun tests	2026-09-16T05:24:22.3346900Z 
Test on bun (ubuntu-latest)	Run Bun tests	2026-09-16T05:24:22.3347137Z ##[endgroup]
Test on bun (ubuntu-latest)	Run Bun tests	2026-09-16T05:24:22.3347257Z 
Test on bun (ubuntu-latest)	Run Bun tests	2026-09-16T05:24:22.3347492Z ##[group]tests/fs-promises.test.mjs:
Test on bun (ubuntu-latest)	Run Bun tests	2026-09-16T05:24:22.3355355Z (pass) mjs module fs/promises support > mjs module fs/promises should return promise-based functions [0.77ms]
Test on bun (ubuntu-latest)	Run Bun tests	2026-09-16T05:24:22.3366249Z (pass) mjs module fs/promises support > mjs module fs/promises should work functionally [1.10ms]
Test on bun (ubuntu-latest)	Run Bun tests	2026-09-16T05:24:22.3372904Z (pass) mjs module fs/promises support > mjs module fs/promises should expose every function the runtime ships [0.39ms]
Test on bun (ubuntu-latest)	Run Bun tests	2026-09-16T05:24:22.3381836Z (pass) mjs module fs/promises support > mjs module fs/promises should forward arguments beyond the declared arity [1.08ms]
Test on bun (ubuntu-latest)	Run Bun tests	2026-09-16T05:24:22.3384856Z (pass) mjs module fs/promises support > mjs module fs/promises should differ from regular fs [0.36ms]
Test on bun (ubuntu-latest)	Run Bun tests	2026-09-16T05:24:22.3385559Z 
Test on bun (ubuntu-latest)	Run Bun tests	2026-09-16T05:24:22.3385958Z ##[endgroup]
Test on bun (ubuntu-latest)	Run Bun tests	2026-09-16T05:24:22.3386163Z 
Test on bun (ubuntu-latest)	Run Bun tests	2026-09-16T05:24:22.3386555Z ##[group]tests/load.test.mjs:
Test on bun (ubuntu-latest)	Run Bun tests	2026-09-16T05:24:22.3401747Z (pass) [mjs module] looksLikeUseModule > [mjs module] accepts the real shipped use.js [0.25ms]
Test on bun (ubuntu-latest)	Run Bun tests	2026-09-16T05:24:22.3403042Z (pass) [mjs module] looksLikeUseModule > [mjs module] accepts a long module-like body [0.03ms]
Test on bun (ubuntu-latest)	Run Bun tests	2026-09-16T05:24:22.3404088Z (pass) [mjs module] looksLikeUseModule > [mjs module] rejects common CDN plain-text error bodies [0.05ms]
Test on bun (ubuntu-latest)	Run Bun tests	2026-09-16T05:24:22.3404831Z (pass) [mjs module] looksLikeUseModule > [mjs module] rejects HTML error pages [0.03ms]
Test on bun (ubuntu-latest)	Run Bun tests	2026-09-16T05:24:22.3405631Z (pass) [mjs module] looksLikeUseModule > [mjs module] rejects empty, whitespace, short, and non-string input [0.04ms]
Test on bun (ubuntu-latest)	Run Bun tests	2026-09-16T05:24:22.3406496Z (pass) [mjs module] DEFAULT_SOURCES > [mjs module] lists unpkg, jsDelivr and esm.sh in priority order [0.02ms]
Test on bun (ubuntu-latest)	Run Bun tests	2026-09-16T05:24:22.3410125Z (pass) [mjs module] loadUseM > [mjs module] resolves the use object from the first working source [0.61ms]
Test on bun (ubuntu-latest)	Run Bun tests	2026-09-16T05:24:22.3423788Z (pass) [mjs module] loadUseM > [mjs module] evaluates the real shipped use.js into a working module [1.37ms]
Test on bun (ubuntu-latest)	Run Bun tests	2026-09-16T05:24:22.3426203Z (pass) [mjs module] loadUseM > [mjs module] falls back to a later mirror when earlier ones fail [0.24ms]
Test on bun (ubuntu-latest)	Run Bun tests	2026-09-16T05:24:22.3427740Z (pass) [mjs module] loadUseM > [mjs module] retries a flaky source before succeeding [0.17ms]
Test on bun (ubuntu-latest)	Run Bun tests	2026-09-16T05:24:22.3431382Z (pass) [mjs module] loadUseM > [mjs module] throws a clear aggregated error (not SyntaxError) when every source fails [0.30ms]
Test on bun (ubuntu-latest)	Run Bun tests	2026-09-16T05:24:22.3432684Z (pass) [mjs module] loadUseM > [mjs module] surfaces the HTTP status for non-ok responses [0.13ms]
Test on bun (ubuntu-latest)	Run Bun tests	2026-09-16T05:24:22.3433987Z (pass) [mjs module] loadUseM > [mjs module] rejects when the evaluated module lacks a use function [0.15ms]
Test on bun (ubuntu-latest)	Run Bun tests	2026-09-16T05:24:22.3436428Z (pass) [mjs module] loadUseM > [mjs module] does not let eval errors from a malformed body escape [0.21ms]
Test on bun (ubuntu-latest)	Run Bun tests	2026-09-16T05:24:22.3437761Z (pass) [mjs module] loadUseM > [mjs module] reports a clear error when fetch is unavailable [0.11ms]
Test on bun (ubuntu-latest)	Run Bun tests	2026-09-16T05:24:22.3438630Z (pass) [mjs module] loadUseM > [mjs module] honors a custom evaluate hook [0.16ms]
Test on bun (ubuntu-latest)	Run Bun tests	2026-09-16T05:24:22.3943544Z (pass) [mjs module] loadUseM > [mjs module] times out a hanging request and reports it [50.33ms]
Test on bun (ubuntu-latest)	Run Bun tests	2026-09-16T05:24:22.3944608Z 
Test on bun (ubuntu-latest)	Run Bun tests	2026-09-16T05:24:22.3945236Z ##[endgroup]
Test on bun (ubuntu-latest)	Run Bun tests	2026-09-16T05:24:22.3945538Z 
Test on bun (ubuntu-latest)	Run Bun tests	2026-09-16T05:24:22.3946368Z ##[group]tests/get-script-url.test.cjs:
Test on bun (ubuntu-latest)	Run Bun tests	2026-09-16T05:24:22.3951238Z (pass) [cjs module] __filename workaround > [cjs module] scriptUrl matches __filename as URL [0.22ms]
Test on bun (ubuntu-latest)	Run Bun tests	2026-09-16T05:24:22.3952859Z (pass) [cjs module] __filename workaround > [cjs module] scriptUrl matches __filename as URL in eval [0.17ms]
Test on bun (ubuntu-latest)	Run Bun tests	2026-09-16T05:24:22.3953649Z 
Test on bun (ubuntu-latest)	Run Bun tests	2026-09-16T05:24:22.3954098Z ##[endgroup]
Test on bun (ubuntu-latest)	Run Bun tests	2026-09-16T05:24:22.3954339Z 
Test on bun (ubuntu-latest)	Run Bun tests	2026-09-16T05:24:22.3954793Z ##[group]tests/import.test.cjs:
Test on bun (ubuntu-latest)	Run Bun tests	2026-09-16T05:24:22.3956989Z (pass) [cjs module] dynamic import support > [cjs module] supportsDynamicImport returns true in .cjs file [0.12ms]
Test on bun (ubuntu-latest)	Run Bun tests	2026-09-16T05:24:22.3957830Z 
Test on bun (ubuntu-latest)	Run Bun tests	2026-09-16T05:24:22.3958251Z ##[endgroup]
Test on bun (ubuntu-latest)	Run Bun tests	2026-09-16T05:24:22.3958471Z 
Test on bun (ubuntu-latest)	Run Bun tests	2026-09-16T05:24:22.3958911Z ##[group]tests/root-entries.test.mjs:
Test on bun (ubuntu-latest)	Run Bun tests	2026-09-16T05:24:22.3968446Z (pass) [mjs module] root entry mirrors > [mjs module] mirrors exactly src/use.js, src/use.cjs and src/use.mjs [0.02ms]
Test on bun (ubuntu-latest)	Run Bun tests	2026-09-16T05:24:22.3969869Z (pass) [mjs module] root entry mirrors > [mjs module] use.js exists at the package root [0.02ms]
Test on bun (ubuntu-latest)	Run Bun tests	2026-09-16T05:24:22.3973262Z (pass) [mjs module] root entry mirrors > [mjs module] root use.js is in sync with src/use.js [0.45ms]
Test on bun (ubuntu-latest)	Run Bun tests	2026-09-16T05:24:22.3977805Z (pass) [mjs module] root entry mirrors > [mjs module] root use.js contains the full src/use.js body [0.36ms]
Test on bun (ubuntu-latest)	Run Bun tests	2026-09-16T05:24:22.3979818Z (pass) [mjs module] root entry mirrors > [mjs module] use.cjs exists at the package root [0.01ms]
Test on bun (ubuntu-latest)	Run Bun tests	2026-09-16T05:24:22.3981171Z (pass) [mjs module] root entry mirrors > [mjs module] root use.cjs is in sync with src/use.cjs [0.21ms]
Test on bun (ubuntu-latest)	Run Bun tests	2026-09-16T05:24:22.3982585Z (pass) [mjs module] root entry mirrors > [mjs module] root use.cjs contains the full src/use.cjs body [0.25ms]
Test on bun (ubuntu-latest)	Run Bun tests	2026-09-16T05:24:22.3984995Z (pass) [mjs module] root entry mirrors > [mjs module] use.mjs exists at the package root [0.01ms]
Test on bun (ubuntu-latest)	Run Bun tests	2026-09-16T05:24:22.3986309Z (pass) [mjs module] root entry mirrors > [mjs module] root use.mjs is in sync with src/use.mjs [0.21ms]
Test on bun (ubuntu-latest)	Run Bun tests	2026-09-16T05:24:22.3987713Z (pass) [mjs module] root entry mirrors > [mjs module] root use.mjs contains the full src/use.mjs body [0.20ms]
Test on bun (ubuntu-latest)	Run Bun tests	2026-09-16T05:24:22.3998546Z (pass) [mjs module] root entry mirrors > [mjs module] root use.js eval()s to a working use function [1.21ms]
Test on bun (ubuntu-latest)	Run Bun tests	2026-09-16T05:24:22.4001204Z (pass) [mjs module] root entry mirrors > [mjs module] the 404 "Not found" body is not a valid module body [0.29ms]
Test on bun (ubuntu-latest)	Run Bun tests	2026-09-16T05:24:22.4030645Z (pass) [mjs module] root entry mirrors > [mjs module] root use.mjs imports to a working use function [2.88ms]
Test on bun (ubuntu-latest)	Run Bun tests	2026-09-16T05:24:22.4033061Z (pass) [mjs module] root entry mirrors > [mjs module] package.json ships the root mirrors and keeps src canonical [0.25ms]
Test on bun (ubuntu-latest)	Run Bun tests	2026-09-16T05:24:22.4034291Z 
Test on bun (ubuntu-latest)	Run Bun tests	2026-09-16T05:24:22.4034773Z ##[endgroup]
Test on bun (ubuntu-latest)	Run Bun tests	2026-09-16T05:24:22.4035013Z 
Test on bun (ubuntu-latest)	Run Bun tests	2026-09-16T05:24:22.4035487Z ##[group]tests/use.test.cjs:
Test on bun (ubuntu-latest)	Run Bun tests	2026-09-16T05:24:22.4079476Z (pass) [cjs module] 'use' import strategies > [cjs module] Direct CJS Require [4.15ms]
Test on bun (ubuntu-latest)	Run Bun tests	2026-09-16T05:24:22.4125958Z (pass) [cjs module] 'use' import strategies > [cjs module] Dynamic Import with await import() of CJS [4.61ms]
Test on bun (ubuntu-latest)	Run Bun tests	2026-09-16T05:24:22.4157567Z (pass) [cjs module] 'use' import strategies > [cjs module] Dynamic Import with await import() of MJS [3.16ms]
Test on bun (ubuntu-latest)	Run Bun tests	2026-09-16T05:24:22.4158350Z (pass) [cjs module] 'use' import strategies > [cjs module] Universal (then style) [0.02ms]
Test on bun (ubuntu-latest)	Run Bun tests	2026-09-16T05:24:22.4159801Z (pass) [cjs module] 'use' import strategies > [cjs module] Universal (then style, use inside) [0.01ms]
Test on bun (ubuntu-latest)	Run Bun tests	2026-09-16T05:24:22.4160992Z (pass) [cjs module] 'use' import strategies > [cjs module] Universal (eval style)
Test on bun (ubuntu-latest)	Run Bun tests	2026-09-16T05:24:22.4162069Z (pass) [cjs module] 'use' import strategies > [cjs module] Universal (single then style)
Test on bun (ubuntu-latest)	Run Bun tests	2026-09-16T05:24:22.4208905Z (pass) [cjs module] 'use' import strategies > [cjs module] use.all [5.03ms]
Test on bun (ubuntu-latest)	Run Bun tests	2026-09-16T05:24:22.4267614Z (pass) [cjs module] 'use' import strategies > [cjs module] use.all with dynamic import [5.88ms]
Test on bun (ubuntu-latest)	Run Bun tests	2026-09-16T05:24:22.4268886Z (pass) [cjs module] 'use' import strategies > [cjs module] use.all (script) [0.03ms]
Test on bun (ubuntu-latest)	Run Bun tests	2026-09-16T05:24:22.4270442Z (pass) [cjs module] 'use' import strategies > [cjs module] Universal (script) @octokit/core@6.1.5 [0.01ms]
Test on bun (ubuntu-latest)	Run Bun tests	2026-09-16T05:24:22.4271720Z (pass) [cjs module] 'use' import strategies > [cjs module] Universal (script) @octokit/core@5
Test on bun (ubuntu-latest)	Run Bun tests	2026-09-16T05:24:22.4272956Z (pass) [cjs module] 'use' import strategies > [cjs module] Universal (script) @octokit/core (latest)
Test on bun (ubuntu-latest)	Run Bun tests	2026-09-16T05:24:22.4364130Z (pass) [cjs module] 'use' import strategies > [cjs module] @octokit/core (latest) [9.55ms]
Test on bun (ubuntu-latest)	Run Bun tests	2026-09-16T05:24:22.4364799Z 
Test on bun (ubuntu-latest)	Run Bun tests	2026-09-16T05:24:22.4365532Z ##[endgroup]
Test on bun (ubuntu-latest)	Run Bun tests	2026-09-16T05:24:22.4365761Z 
Test on bun (ubuntu-latest)	Run Bun tests	2026-09-16T05:24:22.4366404Z ##[group]tests/command-stream.test.cjs:
Test on bun (ubuntu-latest)	Run Bun tests	2026-09-16T05:24:22.4401492Z (pass) [cjs module] command-stream module import > [cjs module] Direct CJS Require [3.34ms]
Test on bun (ubuntu-latest)	Run Bun tests	2026-09-16T05:24:22.4441773Z (pass) [cjs module] command-stream module import > [cjs module] Dynamic Import with await import() of CJS [3.50ms]
Test on bun (ubuntu-latest)	Run Bun tests	2026-09-16T05:24:22.4466860Z (pass) [cjs module] command-stream module import > [cjs module] Dynamic Import with await import() of MJS [3.00ms]
Test on bun (ubuntu-latest)	Run Bun tests	2026-09-16T05:24:22.4467468Z 
Test on bun (ubuntu-latest)	Run Bun tests	2026-09-16T05:24:22.4468013Z ##[endgroup]
Test on bun (ubuntu-latest)	Run Bun tests	2026-09-16T05:24:22.4468233Z 
Test on bun (ubuntu-latest)	Run Bun tests	2026-09-16T05:24:22.4468633Z ##[group]tests/dynamic-builtins.test.cjs:
Test on bun (ubuntu-latest)	Run Bun tests	2026-09-16T05:24:22.4476492Z (pass) [cjs module] Dynamic built-in module detection > [cjs module] tty module should work (dynamically detected) [0.16ms]
Test on bun (ubuntu-latest)	Run Bun tests	2026-09-16T05:24:22.4489894Z (pass) [cjs module] Dynamic built-in module detection > [cjs module] cluster module should work (dynamically detected) [0.84ms]
Test on bun (ubuntu-latest)	Run Bun tests	2026-09-16T05:24:22.4491602Z (pass) [cjs module] Dynamic built-in module detection > [cjs module] readline module should work (dynamically detected) [0.53ms]
Test on bun (ubuntu-latest)	Run Bun tests	2026-09-16T05:24:22.4492810Z (pass) [cjs module] Dynamic built-in module detection > [cjs module] string_decoder module should work (dynamically detected) [0.20ms]
Test on bun (ubuntu-latest)	Run Bun tests	2026-09-16T05:24:22.4493973Z (pass) [cjs module] Dynamic built-in module detection > [cjs module] timers module should work (dynamically detected) [0.18ms]
Test on bun (ubuntu-latest)	Run Bun tests	2026-09-16T05:24:22.4509188Z (pass) [cjs module] Dynamic built-in module detection > [cjs module] worker_threads module should work (dynamically detected) [1.51ms]
Test on bun (ubuntu-latest)	Run Bun tests	2026-09-16T05:24:22.4516176Z (pass) [cjs module] Dynamic built-in module detection > [cjs module] vm module should work (dynamically detected) [0.70ms]
Test on bun (ubuntu-latest)	Run Bun tests	2026-09-16T05:24:22.4517941Z (pass) [cjs module] Dynamic built-in module detection > [cjs module] node:tty should work with prefix [0.15ms]
Test on bun (ubuntu-latest)	Run Bun tests	2026-09-16T05:24:22.4521860Z (pass) [cjs module] Dynamic built-in module detection > [cjs module] subpath built-ins should work (dns/promises, stream/promises) [0.33ms]
Test on bun (ubuntu-latest)	Run Bun tests	2026-09-16T05:24:22.4687077Z (node:2423) [DEP0125] DeprecationWarning: The _stream_wrap module is deprecated.
Test on bun (ubuntu-latest)	Run Bun tests	2026-09-16T05:24:22.4687956Z (Use `bun --trace-warnings ...` to show where the warning was created)
Test on bun (ubuntu-latest)	Run Bun tests	2026-09-16T05:24:22.4689168Z (node:2423) [DEP0192] DeprecationWarning: The _tls_common module is deprecated. Use `node:tls` instead.
Test on bun (ubuntu-latest)	Run Bun tests	2026-09-16T05:24:22.4690821Z (node:2423) [DEP0192] DeprecationWarning: The _tls_wrap module is deprecated. Use `node:tls` instead.
Test on bun (ubuntu-latest)	Run Bun tests	2026-09-16T05:24:22.4691923Z (pass) [cjs module] Dynamic built-in module detection > [cjs module] every built-in reported by node:module should be claimed by the builtin resolver [16.59ms]
Test on bun (ubuntu-latest)	Run Bun tests	2026-09-16T05:24:22.4693160Z (pass) [cjs module] Dynamic built-in module detection > [cjs module] prefix-only built-ins should not shadow npm packages of the same name [0.13ms]
Test on bun (ubuntu-latest)	Run Bun tests	2026-09-16T05:24:22.4694432Z (pass) [cjs module] Dynamic built-in module detection > [cjs module] unknown module names should not be claimed as built-ins [0.09ms]
Test on bun (ubuntu-latest)	Run Bun tests	2026-09-16T05:24:22.4694968Z 
Test on bun (ubuntu-latest)	Run Bun tests	2026-09-16T05:24:22.4695238Z ##[endgroup]
Test on bun (ubuntu-latest)	Run Bun tests	2026-09-16T05:24:22.4695361Z 
Test on bun (ubuntu-latest)	Run Bun tests	2026-09-16T05:24:22.4695620Z ##[group]tests/dynamic-builtins.test.mjs:
Test on bun (ubuntu-latest)	Run Bun tests	2026-09-16T05:24:22.4697122Z (pass) [mjs module] Dynamic built-in module detection > [mjs module] tty module should work (dynamically detected) [0.10ms]
Test on bun (ubuntu-latest)	Run Bun tests	2026-09-16T05:24:22.4698849Z (pass) [mjs module] Dynamic built-in module detection > [mjs module] cluster module should work (dynamically detected) [0.12ms]
Test on bun (ubuntu-latest)	Run Bun tests	2026-09-16T05:24:22.4700781Z (pass) [mjs module] Dynamic built-in module detection > [mjs module] readline module should work (dynamically detected) [0.13ms]
Test on bun (ubuntu-latest)	Run Bun tests	2026-09-16T05:24:22.4702601Z (pass) [mjs module] Dynamic built-in module detection > [mjs module] string_decoder module should work (dynamically detected) [0.15ms]
Test on bun (ubuntu-latest)	Run Bun tests	2026-09-16T05:24:22.4704452Z (pass) [mjs module] Dynamic built-in module detection > [mjs module] timers module should work (dynamically detected) [0.14ms]
Test on bun (ubuntu-latest)	Run Bun tests	2026-09-16T05:24:22.4706358Z (pass) [mjs module] Dynamic built-in module detection > [mjs module] worker_threads module should work (dynamically detected) [0.14ms]
Test on bun (ubuntu-latest)	Run Bun tests	2026-09-16T05:24:22.4708156Z (pass) [mjs module] Dynamic built-in module detection > [mjs module] vm module should work (dynamically detected) [0.12ms]
Test on bun (ubuntu-latest)	Run Bun tests	2026-09-16T05:24:22.4709686Z (pass) [mjs module] Dynamic built-in module detection > [mjs module] node:tty should work with prefix [0.11ms]
Test on bun (ubuntu-latest)	Run Bun tests	2026-09-16T05:24:22.4711488Z (pass) [mjs module] Dynamic built-in module detection > [mjs module] subpath built-ins should work (dns/promises, stream/promises) [0.17ms]
Test on bun (ubuntu-latest)	Run Bun tests	2026-09-16T05:24:22.4738353Z (pass) [mjs module] Dynamic built-in module detection > [mjs module] every built-in reported by node:module should be claimed by the builtin resolver [1.91ms]
Test on bun (ubuntu-latest)	Run Bun tests	2026-09-16T05:24:22.4740186Z (pass) [mjs module] Dynamic built-in module detection > [mjs module] prefix-only built-ins should not shadow npm packages of the same name [0.15ms]
Test on bun (ubuntu-latest)	Run Bun tests	2026-09-16T05:24:22.4741351Z (pass) [mjs module] Dynamic built-in module detection > [mjs module] unknown module names should not be claimed as built-ins [0.07ms]
Test on bun (ubuntu-latest)	Run Bun tests	2026-09-16T05:24:22.4741857Z 
Test on bun (ubuntu-latest)	Run Bun tests	2026-09-16T05:24:22.4742115Z ##[endgroup]
Test on bun (ubuntu-latest)	Run Bun tests	2026-09-16T05:24:22.4742241Z 
Test on bun (ubuntu-latest)	Run Bun tests	2026-09-16T05:24:22.4742331Z  385 pass
Test on bun (ubuntu-latest)	Run Bun tests	2026-09-16T05:24:22.4742516Z  0 fail
Test on bun (ubuntu-latest)	Run Bun tests	2026-09-16T05:24:22.4742716Z  787 expect() calls
Test on bun (ubuntu-latest)	Run Bun tests	2026-09-16T05:24:22.4743000Z Ran 385 tests across 47 files. [18.79s]
Test on bun (ubuntu-latest)	Post Setup Bun	﻿2026-09-16T05:24:22.4882018Z Post job cleanup.
Test on bun (ubuntu-latest)	Post Setup Node.js	﻿2026-09-16T05:24:22.6620581Z Post job cleanup.
Test on bun (ubuntu-latest)	Post Setup Node.js	2026-09-16T05:24:22.8155456Z [command]/usr/bin/tar --posix -cf cache.tzst --exclude cache.tzst -P -C /home/runner/work/use-m/use-m --files-from manifest.txt --use-compress-program zstdmt
Test on bun (ubuntu-latest)	Post Setup Node.js	2026-09-16T05:24:23.3479590Z Sent 14420882 of 14420882 (100.0%), 38.5 MBs/sec
Test on bun (ubuntu-latest)	Post Setup Node.js	2026-09-16T05:24:23.4249306Z Cache saved with the key: node-cache-Linux-x64-npm-12813ae39a61b5fed7681502803cfede24735d033f8430fc26d535be6b212b6a
Test on bun (ubuntu-latest)	Post Checkout code	﻿2026-09-16T05:24:23.4390571Z Post job cleanup.
Test on bun (ubuntu-latest)	Post Checkout code	2026-09-16T05:24:23.5228506Z [command]/usr/bin/git version
Test on bun (ubuntu-latest)	Post Checkout code	2026-09-16T05:24:23.5270208Z git version 2.55.0
Test on bun (ubuntu-latest)	Post Checkout code	2026-09-16T05:24:23.5309335Z Temporarily overriding HOME='/home/runner/work/_temp/89d17312-6c67-41c2-9be0-9af3d2679531' before making global git config changes
Test on bun (ubuntu-latest)	Post Checkout code	2026-09-16T05:24:23.5311296Z Adding repository directory to the temporary git global config as a safe directory
Test on bun (ubuntu-latest)	Post Checkout code	2026-09-16T05:24:23.5314458Z [command]/usr/bin/git config --global --add safe.directory /home/runner/work/use-m/use-m
Test on bun (ubuntu-latest)	Post Checkout code	2026-09-16T05:24:23.5344815Z Removing SSH command configuration
Test on bun (ubuntu-latest)	Post Checkout code	2026-09-16T05:24:23.5351139Z [command]/usr/bin/git config --local --name-only --get-regexp core\.sshCommand
Test on bun (ubuntu-latest)	Post Checkout code	2026-09-16T05:24:23.5386461Z [command]/usr/bin/git submodule foreach --recursive sh -c "git config --local --name-only --get-regexp 'core\.sshCommand' && git config --local --unset-all 'core.sshCommand' || :"
Test on bun (ubuntu-latest)	Post Checkout code	2026-09-16T05:24:23.5664350Z Removing HTTP extra header
Test on bun (ubuntu-latest)	Post Checkout code	2026-09-16T05:24:23.5675960Z [command]/usr/bin/git config --local --name-only --get-regexp http\.https\:\/\/github\.com\/\.extraheader
Test on bun (ubuntu-latest)	Post Checkout code	2026-09-16T05:24:23.5722617Z [command]/usr/bin/git submodule foreach --recursive sh -c "git config --local --name-only --get-regexp 'http\.https\:\/\/github\.com\/\.extraheader' && git config --local --unset-all 'http.https://github.com/.extraheader' || :"
Test on bun (ubuntu-latest)	Post Checkout code	2026-09-16T05:24:23.6013446Z Removing includeIf entries pointing to credentials config files
Test on bun (ubuntu-latest)	Post Checkout code	2026-09-16T05:24:23.6025143Z [command]/usr/bin/git config --local --name-only --get-regexp ^includeIf\.gitdir:
Test on bun (ubuntu-latest)	Post Checkout code	2026-09-16T05:24:23.6060766Z includeif.gitdir:/home/runner/work/use-m/use-m/.git.path
Test on bun (ubuntu-latest)	Post Checkout code	2026-09-16T05:24:23.6061947Z includeif.gitdir:/home/runner/work/use-m/use-m/.git/worktrees/*.path
Test on bun (ubuntu-latest)	Post Checkout code	2026-09-16T05:24:23.6063054Z includeif.gitdir:/github/workspace/.git.path
Test on bun (ubuntu-latest)	Post Checkout code	2026-09-16T05:24:23.6064086Z includeif.gitdir:/github/workspace/.git/worktrees/*.path
Test on bun (ubuntu-latest)	Post Checkout code	2026-09-16T05:24:23.6072656Z [command]/usr/bin/git config --local --get-all includeif.gitdir:/home/runner/work/use-m/use-m/.git.path
Test on bun (ubuntu-latest)	Post Checkout code	2026-09-16T05:24:23.6123967Z /home/runner/work/_temp/git-credentials-aeca1581-3d27-4a75-abb8-f71297931e0c.config
Test on bun (ubuntu-latest)	Post Checkout code	2026-09-16T05:24:23.6139320Z [command]/usr/bin/git config --local --unset includeif.gitdir:/home/runner/work/use-m/use-m/.git.path /home/runner/work/_temp/git-credentials-aeca1581-3d27-4a75-abb8-f71297931e0c.config
Test on bun (ubuntu-latest)	Post Checkout code	2026-09-16T05:24:23.6204661Z [command]/usr/bin/git config --local --get-all includeif.gitdir:/home/runner/work/use-m/use-m/.git/worktrees/*.path
Test on bun (ubuntu-latest)	Post Checkout code	2026-09-16T05:24:23.6230618Z /home/runner/work/_temp/git-credentials-aeca1581-3d27-4a75-abb8-f71297931e0c.config
Test on bun (ubuntu-latest)	Post Checkout code	2026-09-16T05:24:23.6242263Z [command]/usr/bin/git config --local --unset includeif.gitdir:/home/runner/work/use-m/use-m/.git/worktrees/*.path /home/runner/work/_temp/git-credentials-aeca1581-3d27-4a75-abb8-f71297931e0c.config
Test on bun (ubuntu-latest)	Post Checkout code	2026-09-16T05:24:23.6280677Z [command]/usr/bin/git config --local --get-all includeif.gitdir:/github/workspace/.git.path
Test on bun (ubuntu-latest)	Post Checkout code	2026-09-16T05:24:23.6308544Z /github/runner_temp/git-credentials-aeca1581-3d27-4a75-abb8-f71297931e0c.config
Test on bun (ubuntu-latest)	Post Checkout code	2026-09-16T05:24:23.6318215Z [command]/usr/bin/git config --local --unset includeif.gitdir:/github/workspace/.git.path /github/runner_temp/git-credentials-aeca1581-3d27-4a75-abb8-f71297931e0c.config
Test on bun (ubuntu-latest)	Post Checkout code	2026-09-16T05:24:23.6354471Z [command]/usr/bin/git config --local --get-all includeif.gitdir:/github/workspace/.git/worktrees/*.path
Test on bun (ubuntu-latest)	Post Checkout code	2026-09-16T05:24:23.6381749Z /github/runner_temp/git-credentials-aeca1581-3d27-4a75-abb8-f71297931e0c.config
Test on bun (ubuntu-latest)	Post Checkout code	2026-09-16T05:24:23.6392331Z [command]/usr/bin/git config --local --unset includeif.gitdir:/github/workspace/.git/worktrees/*.path /github/runner_temp/git-credentials-aeca1581-3d27-4a75-abb8-f71297931e0c.config
Test on bun (ubuntu-latest)	Post Checkout code	2026-09-16T05:24:23.6438114Z [command]/usr/bin/git submodule foreach --recursive git config --local --show-origin --name-only --get-regexp remote.origin.url
Test on bun (ubuntu-latest)	Post Checkout code	2026-09-16T05:24:23.6656807Z Removing credentials config '/home/runner/work/_temp/git-credentials-aeca1581-3d27-4a75-abb8-f71297931e0c.config'
Test on bun (ubuntu-latest)	Complete job	﻿2026-09-16T05:24:23.6805323Z Cleaning up orphan processes
Test on node (ubuntu-latest)	Set up job	﻿2026-09-16T05:23:47.8025610Z Current runner version: '2.337.0'
Test on node (ubuntu-latest)	Set up job	2026-09-16T05:23:47.8061271Z ##[group]Runner Image Provisioner
Test on node (ubuntu-latest)	Set up job	2026-09-16T05:23:47.8062524Z Hosted Compute Agent
Test on node (ubuntu-latest)	Set up job	2026-09-16T05:23:47.8063666Z Version: 20260828.587
Test on node (ubuntu-latest)	Set up job	2026-09-16T05:23:47.8064630Z Commit: abac92662cab4cc7352de4f9f9d2e2419aad9c29
Test on node (ubuntu-latest)	Set up job	2026-09-16T05:23:47.8065794Z Build Date: 2026-08-28T16:44:25Z
Test on node (ubuntu-latest)	Set up job	2026-09-16T05:23:47.8067039Z Worker ID: {fc2ce397-4ef9-4edf-af2d-fc82e1c45211}
Test on node (ubuntu-latest)	Set up job	2026-09-16T05:23:47.8068221Z Azure Region: northcentralus
Test on node (ubuntu-latest)	Set up job	2026-09-16T05:23:47.8069381Z ##[endgroup]
Test on node (ubuntu-latest)	Set up job	2026-09-16T05:23:47.8071842Z ##[group]Operating System
Test on node (ubuntu-latest)	Set up job	2026-09-16T05:23:47.8073002Z Ubuntu
Test on node (ubuntu-latest)	Set up job	2026-09-16T05:23:47.8073952Z 24.04.5
Test on node (ubuntu-latest)	Set up job	2026-09-16T05:23:47.8074881Z LTS
Test on node (ubuntu-latest)	Set up job	2026-09-16T05:23:47.8075776Z ##[endgroup]
Test on node (ubuntu-latest)	Set up job	2026-09-16T05:23:47.8076947Z ##[group]Runner Image
Test on node (ubuntu-latest)	Set up job	2026-09-16T05:23:47.8078006Z Image: ubuntu-24.04
Test on node (ubuntu-latest)	Set up job	2026-09-16T05:23:47.8078916Z Version: 20260907.300.1
Test on node (ubuntu-latest)	Set up job	2026-09-16T05:23:47.8080699Z Included Software: https://github.com/actions/runner-images/blob/ubuntu24/20260907.300/images/ubuntu/Ubuntu2404-Readme.md
Test on node (ubuntu-latest)	Set up job	2026-09-16T05:23:47.8083713Z Image Release: https://github.com/actions/runner-images/releases/tag/ubuntu24%2F20260907.300
Test on node (ubuntu-latest)	Set up job	2026-09-16T05:23:47.8085458Z ##[endgroup]
Test on node (ubuntu-latest)	Set up job	2026-09-16T05:23:47.8087929Z ##[group]GITHUB_TOKEN Permissions
Test on node (ubuntu-latest)	Set up job	2026-09-16T05:23:47.8091068Z Contents: read
Test on node (ubuntu-latest)	Set up job	2026-09-16T05:23:47.8091929Z Metadata: read
Test on node (ubuntu-latest)	Set up job	2026-09-16T05:23:47.8092504Z ##[endgroup]
Test on node (ubuntu-latest)	Set up job	2026-09-16T05:23:47.8095322Z Secret source: Actions
Test on node (ubuntu-latest)	Set up job	2026-09-16T05:23:47.8096654Z Cache mode: write
Test on node (ubuntu-latest)	Set up job	2026-09-16T05:23:47.8097848Z Prepare workflow directory
Test on node (ubuntu-latest)	Set up job	2026-09-16T05:23:47.8499241Z Prepare all required actions
Test on node (ubuntu-latest)	Set up job	2026-09-16T05:23:47.8566487Z Getting action download info
Test on node (ubuntu-latest)	Set up job	2026-09-16T05:23:48.1223568Z Download action repository 'actions/checkout@v6' (SHA:d23441a48e516b6c34aea4fa41551a30e30af803)
Test on node (ubuntu-latest)	Set up job	2026-09-16T05:23:48.2851529Z Download action repository 'actions/setup-node@v6' (SHA:249970729cb0ef3589644e2896645e5dc5ba9c38)
Test on node (ubuntu-latest)	Set up job	2026-09-16T05:23:48.4081463Z Download action repository 'oven-sh/setup-bun@v2' (SHA:0c5077e51419868618aeaa5fe8019c62421857d6)
Test on node (ubuntu-latest)	Set up job	2026-09-16T05:23:48.6928671Z Download action repository 'denoland/setup-deno@v2' (SHA:22d081ff2d3a40755e97629de92e3bcbfa7cf2ed)
Test on node (ubuntu-latest)	Set up job	2026-09-16T05:23:49.1122908Z Complete job name: Test on node (ubuntu-latest)
Test on node (ubuntu-latest)	Checkout code	﻿2026-09-16T05:23:49.1913877Z ##[group]Run actions/checkout@v6
Test on node (ubuntu-latest)	Checkout code	2026-09-16T05:23:49.1914759Z with:
Test on node (ubuntu-latest)	Checkout code	2026-09-16T05:23:49.1915222Z   repository: link-foundation/use-m
Test on node (ubuntu-latest)	Checkout code	2026-09-16T05:23:49.1919323Z   token: ***
Test on node (ubuntu-latest)	Checkout code	2026-09-16T05:23:49.1919782Z   ssh-strict: true
Test on node (ubuntu-latest)	Checkout code	2026-09-16T05:23:49.1920227Z   ssh-user: git
Test on node (ubuntu-latest)	Checkout code	2026-09-16T05:23:49.1920693Z   persist-credentials: true
Test on node (ubuntu-latest)	Checkout code	2026-09-16T05:23:49.1921189Z   clean: true
Test on node (ubuntu-latest)	Checkout code	2026-09-16T05:23:49.1921638Z   sparse-checkout-cone-mode: true
Test on node (ubuntu-latest)	Checkout code	2026-09-16T05:23:49.1922155Z   fetch-depth: 1
Test on node (ubuntu-latest)	Checkout code	2026-09-16T05:23:49.1922591Z   fetch-tags: false
Test on node (ubuntu-latest)	Checkout code	2026-09-16T05:23:49.1923032Z   show-progress: true
Test on node (ubuntu-latest)	Checkout code	2026-09-16T05:23:49.1923474Z   lfs: false
Test on node (ubuntu-latest)	Checkout code	2026-09-16T05:23:49.1923886Z   submodules: false
Test on node (ubuntu-latest)	Checkout code	2026-09-16T05:23:49.1924356Z   set-safe-directory: true
Test on node (ubuntu-latest)	Checkout code	2026-09-16T05:23:49.1924869Z   allow-unsafe-pr-checkout: false
Test on node (ubuntu-latest)	Checkout code	2026-09-16T05:23:49.1925644Z ##[endgroup]
Test on node (ubuntu-latest)	Checkout code	2026-09-16T05:23:49.2981093Z Syncing repository: link-foundation/use-m
Test on node (ubuntu-latest)	Checkout code	2026-09-16T05:23:49.2983660Z ##[group]Getting Git version info
Test on node (ubuntu-latest)	Checkout code	2026-09-16T05:23:49.2984661Z Working directory is '/home/runner/work/use-m/use-m'
Test on node (ubuntu-latest)	Checkout code	2026-09-16T05:23:49.2986365Z [command]/usr/bin/git version
Test on node (ubuntu-latest)	Checkout code	2026-09-16T05:23:49.3017471Z git version 2.55.0
Test on node (ubuntu-latest)	Checkout code	2026-09-16T05:23:49.3040847Z ##[endgroup]
Test on node (ubuntu-latest)	Checkout code	2026-09-16T05:23:49.3055466Z Temporarily overriding HOME='/home/runner/work/_temp/09e6d176-54a3-47be-97a4-85b7df8ff52c' before making global git config changes
Test on node (ubuntu-latest)	Checkout code	2026-09-16T05:23:49.3057994Z Adding repository directory to the temporary git global config as a safe directory
Test on node (ubuntu-latest)	Checkout code	2026-09-16T05:23:49.3060922Z [command]/usr/bin/git config --global --add safe.directory /home/runner/work/use-m/use-m
Test on node (ubuntu-latest)	Checkout code	2026-09-16T05:23:49.3108966Z Deleting the contents of '/home/runner/work/use-m/use-m'
Test on node (ubuntu-latest)	Checkout code	2026-09-16T05:23:49.3113492Z ##[group]Determining repository object format
Test on node (ubuntu-latest)	Checkout code	2026-09-16T05:23:49.3116259Z ##[endgroup]
Test on node (ubuntu-latest)	Checkout code	2026-09-16T05:23:49.3117462Z ##[group]Initializing the repository
Test on node (ubuntu-latest)	Checkout code	2026-09-16T05:23:49.3121740Z [command]/usr/bin/git init /home/runner/work/use-m/use-m
Test on node (ubuntu-latest)	Checkout code	2026-09-16T05:23:49.3209864Z hint: Using 'master' as the name for the initial branch. This default branch name
Test on node (ubuntu-latest)	Checkout code	2026-09-16T05:23:49.3211837Z hint: will change to "main" in Git 3.0. To configure the initial branch name
Test on node (ubuntu-latest)	Checkout code	2026-09-16T05:23:49.3213486Z hint: to use in all of your new repositories, which will suppress this warning,
Test on node (ubuntu-latest)	Checkout code	2026-09-16T05:23:49.3214878Z hint: call:
Test on node (ubuntu-latest)	Checkout code	2026-09-16T05:23:49.3215853Z hint:
Test on node (ubuntu-latest)	Checkout code	2026-09-16T05:23:49.3217158Z hint: 	git config --global init.defaultBranch <name>
Test on node (ubuntu-latest)	Checkout code	2026-09-16T05:23:49.3218432Z hint:
Test on node (ubuntu-latest)	Checkout code	2026-09-16T05:23:49.3219608Z hint: Names commonly chosen instead of 'master' are 'main', 'trunk' and
Test on node (ubuntu-latest)	Checkout code	2026-09-16T05:23:49.3221398Z hint: 'development'. The just-created branch can be renamed via this command:
Test on node (ubuntu-latest)	Checkout code	2026-09-16T05:23:49.3222788Z hint:
Test on node (ubuntu-latest)	Checkout code	2026-09-16T05:23:49.3223707Z hint: 	git branch -m <name>
Test on node (ubuntu-latest)	Checkout code	2026-09-16T05:23:49.3224703Z hint:
Test on node (ubuntu-latest)	Checkout code	2026-09-16T05:23:49.3226238Z hint: Disable this message with "git config set advice.defaultBranchName false"
Test on node (ubuntu-latest)	Checkout code	2026-09-16T05:23:49.3228108Z Initialized empty Git repository in /home/runner/work/use-m/use-m/.git/
Test on node (ubuntu-latest)	Checkout code	2026-09-16T05:23:49.3231646Z [command]/usr/bin/git remote add origin https://github.com/link-foundation/use-m
Test on node (ubuntu-latest)	Checkout code	2026-09-16T05:23:49.3270959Z ##[endgroup]
Test on node (ubuntu-latest)	Checkout code	2026-09-16T05:23:49.3272193Z ##[group]Disabling automatic garbage collection
Test on node (ubuntu-latest)	Checkout code	2026-09-16T05:23:49.3276517Z [command]/usr/bin/git config --local gc.auto 0
Test on node (ubuntu-latest)	Checkout code	2026-09-16T05:23:49.3310674Z ##[endgroup]
Test on node (ubuntu-latest)	Checkout code	2026-09-16T05:23:49.3312198Z ##[group]Setting up auth
Test on node (ubuntu-latest)	Checkout code	2026-09-16T05:23:49.3313156Z Removing SSH command configuration
Test on node (ubuntu-latest)	Checkout code	2026-09-16T05:23:49.3319139Z [command]/usr/bin/git config --local --name-only --get-regexp core\.sshCommand
Test on node (ubuntu-latest)	Checkout code	2026-09-16T05:23:49.3360309Z [command]/usr/bin/git submodule foreach --recursive sh -c "git config --local --name-only --get-regexp 'core\.sshCommand' && git config --local --unset-all 'core.sshCommand' || :"
Test on node (ubuntu-latest)	Checkout code	2026-09-16T05:23:49.3701358Z Removing HTTP extra header
Test on node (ubuntu-latest)	Checkout code	2026-09-16T05:23:49.3809565Z [command]/usr/bin/git config --local --name-only --get-regexp http\.https\:\/\/github\.com\/\.extraheader
Test on node (ubuntu-latest)	Checkout code	2026-09-16T05:23:49.3822290Z [command]/usr/bin/git submodule foreach --recursive sh -c "git config --local --name-only --get-regexp 'http\.https\:\/\/github\.com\/\.extraheader' && git config --local --unset-all 'http.https://github.com/.extraheader' || :"
Test on node (ubuntu-latest)	Checkout code	2026-09-16T05:23:49.4048056Z Removing includeIf entries pointing to credentials config files
Test on node (ubuntu-latest)	Checkout code	2026-09-16T05:23:49.4049394Z [command]/usr/bin/git config --local --name-only --get-regexp ^includeIf\.gitdir:
Test on node (ubuntu-latest)	Checkout code	2026-09-16T05:23:49.4088677Z [command]/usr/bin/git submodule foreach --recursive git config --local --show-origin --name-only --get-regexp remote.origin.url
Test on node (ubuntu-latest)	Checkout code	2026-09-16T05:23:49.4340047Z [command]/usr/bin/git config --file /home/runner/work/_temp/git-credentials-95cd5e7a-d668-4c6f-9a51-27bb33c01797.config http.https://github.com/.extraheader AUTHORIZATION: basic ***
Test on node (ubuntu-latest)	Checkout code	2026-09-16T05:23:49.4385894Z [command]/usr/bin/git config --local includeIf.gitdir:/home/runner/work/use-m/use-m/.git.path /home/runner/work/_temp/git-credentials-95cd5e7a-d668-4c6f-9a51-27bb33c01797.config
Test on node (ubuntu-latest)	Checkout code	2026-09-16T05:23:49.4424478Z [command]/usr/bin/git config --local includeIf.gitdir:/home/runner/work/use-m/use-m/.git/worktrees/*.path /home/runner/work/_temp/git-credentials-95cd5e7a-d668-4c6f-9a51-27bb33c01797.config
Test on node (ubuntu-latest)	Checkout code	2026-09-16T05:23:49.4465201Z [command]/usr/bin/git config --local includeIf.gitdir:/github/workspace/.git.path /github/runner_temp/git-credentials-95cd5e7a-d668-4c6f-9a51-27bb33c01797.config
Test on node (ubuntu-latest)	Checkout code	2026-09-16T05:23:49.4501869Z [command]/usr/bin/git config --local includeIf.gitdir:/github/workspace/.git/worktrees/*.path /github/runner_temp/git-credentials-95cd5e7a-d668-4c6f-9a51-27bb33c01797.config
Test on node (ubuntu-latest)	Checkout code	2026-09-16T05:23:49.4534987Z ##[endgroup]
Test on node (ubuntu-latest)	Checkout code	2026-09-16T05:23:49.4536467Z ##[group]Fetching the repository
Test on node (ubuntu-latest)	Checkout code	2026-09-16T05:23:49.4544635Z [command]/usr/bin/git -c protocol.version=2 fetch --no-tags --prune --no-recurse-submodules --depth=1 origin +fa32204ca66803b71af0d8578abf5dda749fda71:refs/remotes/pull/51/merge
Test on node (ubuntu-latest)	Checkout code	2026-09-16T05:23:50.0645017Z From https://github.com/link-foundation/use-m
Test on node (ubuntu-latest)	Checkout code	2026-09-16T05:23:50.0646820Z  * [new ref]         fa32204ca66803b71af0d8578abf5dda749fda71 -> pull/51/merge
Test on node (ubuntu-latest)	Checkout code	2026-09-16T05:23:50.0651780Z ##[endgroup]
Test on node (ubuntu-latest)	Checkout code	2026-09-16T05:23:50.0653209Z ##[group]Determining the checkout info
Test on node (ubuntu-latest)	Checkout code	2026-09-16T05:23:50.0654651Z ##[endgroup]
Test on node (ubuntu-latest)	Checkout code	2026-09-16T05:23:50.0659615Z [command]/usr/bin/git sparse-checkout disable
Test on node (ubuntu-latest)	Checkout code	2026-09-16T05:23:50.0715114Z [command]/usr/bin/git config --local --unset-all extensions.worktreeConfig
Test on node (ubuntu-latest)	Checkout code	2026-09-16T05:23:50.0749724Z ##[group]Checking out the ref
Test on node (ubuntu-latest)	Checkout code	2026-09-16T05:23:50.0752698Z [command]/usr/bin/git checkout --progress --force refs/remotes/pull/51/merge
Test on node (ubuntu-latest)	Checkout code	2026-09-16T05:23:50.1108941Z Note: switching to 'refs/remotes/pull/51/merge'.
Test on node (ubuntu-latest)	Checkout code	2026-09-16T05:23:50.1110058Z 
Test on node (ubuntu-latest)	Checkout code	2026-09-16T05:23:50.1110840Z You are in 'detached HEAD' state. You can look around, make experimental
Test on node (ubuntu-latest)	Checkout code	2026-09-16T05:23:50.1112673Z changes and commit them, and you can discard any commits you make in this
Test on node (ubuntu-latest)	Checkout code	2026-09-16T05:23:50.1114607Z state without impacting any branches by switching back to a branch.
Test on node (ubuntu-latest)	Checkout code	2026-09-16T05:23:50.1116330Z 
Test on node (ubuntu-latest)	Checkout code	2026-09-16T05:23:50.1117503Z If you want to create a new branch to retain commits you create, you may
Test on node (ubuntu-latest)	Checkout code	2026-09-16T05:23:50.1120367Z do so (now or later) by using -c with the switch command. Example:
Test on node (ubuntu-latest)	Checkout code	2026-09-16T05:23:50.1122176Z 
Test on node (ubuntu-latest)	Checkout code	2026-09-16T05:23:50.1122941Z   git switch -c <new-branch-name>
Test on node (ubuntu-latest)	Checkout code	2026-09-16T05:23:50.1124159Z 
Test on node (ubuntu-latest)	Checkout code	2026-09-16T05:23:50.1124917Z Or undo this operation with:
Test on node (ubuntu-latest)	Checkout code	2026-09-16T05:23:50.1126284Z 
Test on node (ubuntu-latest)	Checkout code	2026-09-16T05:23:50.1127008Z   git switch -
Test on node (ubuntu-latest)	Checkout code	2026-09-16T05:23:50.1127909Z 
Test on node (ubuntu-latest)	Checkout code	2026-09-16T05:23:50.1129382Z Turn off this advice by setting config variable advice.detachedHead to false
Test on node (ubuntu-latest)	Checkout code	2026-09-16T05:23:50.1131456Z 
Test on node (ubuntu-latest)	Checkout code	2026-09-16T05:23:50.1133733Z HEAD is now at fa32204 Merge 3895ecce42d1486b528a1bfbe15a750dcd0e2eab into 5378cba033e9105307a25e3f1a176ff689b716f0
Test on node (ubuntu-latest)	Checkout code	2026-09-16T05:23:50.1139528Z ##[endgroup]
Test on node (ubuntu-latest)	Checkout code	2026-09-16T05:23:50.1170046Z [command]/usr/bin/git log -1 --format=%H
Test on node (ubuntu-latest)	Checkout code	2026-09-16T05:23:50.1200406Z fa32204ca66803b71af0d8578abf5dda749fda71
Test on node (ubuntu-latest)	Setup Node.js	﻿2026-09-16T05:23:50.1584725Z ##[group]Run actions/setup-node@v6
Test on node (ubuntu-latest)	Setup Node.js	2026-09-16T05:23:50.1586293Z with:
Test on node (ubuntu-latest)	Setup Node.js	2026-09-16T05:23:50.1587172Z   node-version: 20.x
Test on node (ubuntu-latest)	Setup Node.js	2026-09-16T05:23:50.1588144Z   cache: npm
Test on node (ubuntu-latest)	Setup Node.js	2026-09-16T05:23:50.1589049Z   check-latest: false
Test on node (ubuntu-latest)	Setup Node.js	2026-09-16T05:23:50.1598524Z   token: ***
Test on node (ubuntu-latest)	Setup Node.js	2026-09-16T05:23:50.1599471Z   package-manager-cache: true
Test on node (ubuntu-latest)	Setup Node.js	2026-09-16T05:23:50.1600590Z ##[endgroup]
Test on node (ubuntu-latest)	Setup Node.js	2026-09-16T05:23:50.3322630Z Attempting to download 20.x...
Test on node (ubuntu-latest)	Setup Node.js	2026-09-16T05:23:51.0861028Z Acquiring 20.20.2 - x64 from https://github.com/actions/node-versions/releases/download/20.20.2-23521894959/node-20.20.2-linux-x64.tar.gz
Test on node (ubuntu-latest)	Setup Node.js	2026-09-16T05:23:51.4807132Z Extracting ...
Test on node (ubuntu-latest)	Setup Node.js	2026-09-16T05:23:51.4928531Z [command]/usr/bin/tar xz --strip 1 --warning=no-unknown-keyword --overwrite -C /home/runner/work/_temp/e83f8f8e-ad3f-4758-b12d-d0ed84052e3b -f /home/runner/work/_temp/98397837-a53d-434c-b4d3-99ca1ae89cf0
Test on node (ubuntu-latest)	Setup Node.js	2026-09-16T05:23:52.5999552Z Adding to the cache ...
Test on node (ubuntu-latest)	Setup Node.js	2026-09-16T05:23:54.1219664Z ##[group]Environment details
Test on node (ubuntu-latest)	Setup Node.js	2026-09-16T05:23:54.4745706Z node: v20.20.2
Test on node (ubuntu-latest)	Setup Node.js	2026-09-16T05:23:54.4747117Z npm: 10.8.2
Test on node (ubuntu-latest)	Setup Node.js	2026-09-16T05:23:54.4747442Z yarn: 1.22.22
Test on node (ubuntu-latest)	Setup Node.js	2026-09-16T05:23:54.4748177Z ##[endgroup]
Test on node (ubuntu-latest)	Setup Node.js	2026-09-16T05:23:54.4766760Z [command]/opt/hostedtoolcache/node/20.20.2/x64/bin/npm config get cache
Test on node (ubuntu-latest)	Setup Node.js	2026-09-16T05:23:54.5851769Z /home/runner/.npm
Test on node (ubuntu-latest)	Setup Node.js	2026-09-16T05:23:54.7389485Z npm cache is not found
Test on node (ubuntu-latest)	Install dependencies	﻿2026-09-16T05:23:54.7596170Z ##[group]Run npm ci --no-audit --no-fund
Test on node (ubuntu-latest)	Install dependencies	2026-09-16T05:23:54.7596622Z ^[[36;1mnpm ci --no-audit --no-fund^[[0m
Test on node (ubuntu-latest)	Install dependencies	2026-09-16T05:23:54.7643606Z shell: /usr/bin/bash -e {0}
Test on node (ubuntu-latest)	Install dependencies	2026-09-16T05:23:54.7643948Z ##[endgroup]
Test on node (ubuntu-latest)	Install dependencies	2026-09-16T05:24:03.9640646Z 
Test on node (ubuntu-latest)	Install dependencies	2026-09-16T05:24:03.9648632Z added 476 packages in 9s
Test on node (ubuntu-latest)	Audit production dependencies	﻿2026-09-16T05:24:03.9883976Z ##[group]Run npm audit --omit=dev
Test on node (ubuntu-latest)	Audit production dependencies	2026-09-16T05:24:03.9884338Z ^[[36;1mnpm audit --omit=dev^[[0m
Test on node (ubuntu-latest)	Audit production dependencies	2026-09-16T05:24:03.9924011Z shell: /usr/bin/bash -e {0}
Test on node (ubuntu-latest)	Audit production dependencies	2026-09-16T05:24:03.9924297Z ##[endgroup]
Test on node (ubuntu-latest)	Audit production dependencies	2026-09-16T05:24:04.4556742Z found 0 vulnerabilities
Test on node (ubuntu-latest)	Run Node.js tests	﻿2026-09-16T05:24:04.4658044Z ##[group]Run npm test -- --runInBand
Test on node (ubuntu-latest)	Run Node.js tests	2026-09-16T05:24:04.4658676Z ^[[36;1mnpm test -- --runInBand^[[0m
Test on node (ubuntu-latest)	Run Node.js tests	2026-09-16T05:24:04.4698338Z shell: /usr/bin/bash -e {0}
Test on node (ubuntu-latest)	Run Node.js tests	2026-09-16T05:24:04.4698619Z ##[endgroup]
Test on node (ubuntu-latest)	Run Node.js tests	2026-09-16T05:24:04.5834992Z 
Test on node (ubuntu-latest)	Run Node.js tests	2026-09-16T05:24:04.5835351Z > use-m@8.16.0 test
Test on node (ubuntu-latest)	Run Node.js tests	2026-09-16T05:24:04.5835869Z > NODE_OPTIONS="--experimental-vm-modules" jest --runInBand
Test on node (ubuntu-latest)	Run Node.js tests	2026-09-16T05:24:04.5836369Z 
Test on node (ubuntu-latest)	Run Node.js tests	2026-09-16T05:24:05.0687943Z (node:2348) ExperimentalWarning: VM Modules is an experimental feature and might change at any time
Test on node (ubuntu-latest)	Run Node.js tests	2026-09-16T05:24:05.0689449Z (Use `node --trace-warnings ...` to show where the warning was created)
Test on node (ubuntu-latest)	Run Node.js tests	2026-09-16T05:24:07.8200617Z PASS tests/npm-global-prefix.test.cjs
Test on node (ubuntu-latest)	Run Node.js tests	2026-09-16T05:24:10.6849064Z PASS tests/npm-global-prefix.test.mjs
Test on node (ubuntu-latest)	Run Node.js tests	2026-09-16T05:24:10.8295678Z PASS tests/load.test.mjs
Test on node (ubuntu-latest)	Run Node.js tests	2026-09-16T05:24:10.9810686Z PASS tests/load.test.cjs
Test on node (ubuntu-latest)	Run Node.js tests	2026-09-16T05:24:11.1057578Z PASS tests/builtin-nodejs.test.cjs
Test on node (ubuntu-latest)	Run Node.js tests	2026-09-16T05:24:11.2116434Z PASS tests/builtin-nodejs.test.mjs
Test on node (ubuntu-latest)	Run Node.js tests	2026-09-16T05:24:11.3086822Z PASS tests/fallback.test.cjs
Test on node (ubuntu-latest)	Run Node.js tests	2026-09-16T05:24:11.4042639Z PASS tests/fallback.test.mjs
Test on node (ubuntu-latest)	Run Node.js tests	2026-09-16T05:24:17.6799874Z PASS tests/resolvers.test.mjs (6.272 s)
Test on node (ubuntu-latest)	Run Node.js tests	2026-09-16T05:24:21.4734693Z PASS tests/builtin-browser.test.mjs
Test on node (ubuntu-latest)	Run Node.js tests	2026-09-16T05:24:23.3677936Z PASS tests/relative-paths-browser.test.mjs
Test on node (ubuntu-latest)	Run Node.js tests	2026-09-16T05:24:26.0616941Z PASS tests/resolvers.test.cjs
Test on node (ubuntu-latest)	Run Node.js tests	2026-09-16T05:24:26.1538806Z PASS tests/release-workflow-policy.test.mjs
Test on node (ubuntu-latest)	Run Node.js tests	2026-09-16T05:24:28.7408841Z PASS tests/use.test.cjs
Test on node (ubuntu-latest)	Run Node.js tests	2026-09-16T05:24:28.8256219Z PASS tests/filename.test.mjs
Test on node (ubuntu-latest)	Run Node.js tests	2026-09-16T05:24:28.9506645Z PASS tests/root-entries.test.mjs
Test on node (ubuntu-latest)	Run Node.js tests	2026-09-16T05:24:30.0770210Z PASS tests/use.test.mjs
Test on node (ubuntu-latest)	Run Node.js tests	2026-09-16T05:24:30.1803645Z (node:2348) [DEP0125] DeprecationWarning: The _stream_wrap module is deprecated.
Test on node (ubuntu-latest)	Run Node.js tests	2026-09-16T05:24:30.1804825Z (node:2348) [DEP0025] DeprecationWarning: sys is deprecated. Use util instead.
Test on node (ubuntu-latest)	Run Node.js tests	2026-09-16T05:24:30.1806147Z (node:2348) ExperimentalWarning: WASI is an experimental feature and might change at any time
Test on node (ubuntu-latest)	Run Node.js tests	2026-09-16T05:24:30.1853321Z PASS tests/dynamic-builtins.test.cjs
Test on node (ubuntu-latest)	Run Node.js tests	2026-09-16T05:24:30.2847481Z PASS tests/dynamic-builtins.test.mjs
Test on node (ubuntu-latest)	Run Node.js tests	2026-09-16T05:24:30.3887388Z PASS tests/filename.test.cjs
Test on node (ubuntu-latest)	Run Node.js tests	2026-09-16T05:24:30.4702438Z PASS tests/fs-promises.test.mjs
Test on node (ubuntu-latest)	Run Node.js tests	2026-09-16T05:24:41.6787693Z PASS tests/esm-sh-polyfill-browser.test.mjs (11.206 s)
Test on node (ubuntu-latest)	Run Node.js tests	2026-09-16T05:24:42.2060304Z PASS tests/builtin-errors.test.mjs
Test on node (ubuntu-latest)	Run Node.js tests	2026-09-16T05:24:42.6277897Z PASS tests/builtin-errors.test.cjs
Test on node (ubuntu-latest)	Run Node.js tests	2026-09-16T05:24:43.1805473Z PASS tests/relative-paths.test.cjs
Test on node (ubuntu-latest)	Run Node.js tests	2026-09-16T05:24:43.3854257Z PASS tests/relative-paths.test.mjs
Test on node (ubuntu-latest)	Run Node.js tests	2026-09-16T05:24:43.4719635Z PASS tests/module-specifier.test.cjs
Test on node (ubuntu-latest)	Run Node.js tests	2026-09-16T05:24:43.5516958Z PASS tests/module-specifier.test.mjs
Test on node (ubuntu-latest)	Run Node.js tests	2026-09-16T05:24:43.6387743Z PASS tests/deno-support.test.cjs
Test on node (ubuntu-latest)	Run Node.js tests	2026-09-16T05:24:43.7522879Z PASS tests/deno-support.test.mjs
Test on node (ubuntu-latest)	Run Node.js tests	2026-09-16T05:24:43.8924990Z PASS tests/relative-paths.integration.test.mjs
Test on node (ubuntu-latest)	Run Node.js tests	2026-09-16T05:24:43.9033443Z   ● Console
Test on node (ubuntu-latest)	Run Node.js tests	2026-09-16T05:24:43.9033608Z 
Test on node (ubuntu-latest)	Run Node.js tests	2026-09-16T05:24:43.9033711Z     console.log
Test on node (ubuntu-latest)	Run Node.js tests	2026-09-16T05:24:43.9034046Z       /home/runner/work/use-m/use-m/tests
Test on node (ubuntu-latest)	Run Node.js tests	2026-09-16T05:24:43.9034277Z 
Test on node (ubuntu-latest)	Run Node.js tests	2026-09-16T05:24:43.9034603Z       at Object.<anonymous> (tests/relative-paths.integration.test.mjs:29:15)
Test on node (ubuntu-latest)	Run Node.js tests	2026-09-16T05:24:43.9034926Z 
Test on node (ubuntu-latest)	Run Node.js tests	2026-09-16T05:24:43.9035024Z     console.log
Test on node (ubuntu-latest)	Run Node.js tests	2026-09-16T05:24:43.9035315Z       Testing relative paths from tests directory...
Test on node (ubuntu-latest)	Run Node.js tests	2026-09-16T05:24:43.9035610Z       
Test on node (ubuntu-latest)	Run Node.js tests	2026-09-16T05:24:43.9035870Z       1. Testing ./browser-server/test-helper.js
Test on node (ubuntu-latest)	Run Node.js tests	2026-09-16T05:24:43.9036481Z          ✓ Message: Helper module loaded
Test on node (ubuntu-latest)	Run Node.js tests	2026-09-16T05:24:43.9036756Z       
Test on node (ubuntu-latest)	Run Node.js tests	2026-09-16T05:24:43.9037012Z       2. Testing ./browser-server/test-data.json
Test on node (ubuntu-latest)	Run Node.js tests	2026-09-16T05:24:43.9037350Z          ✓ Value: 123
Test on node (ubuntu-latest)	Run Node.js tests	2026-09-16T05:24:43.9037603Z          ✓ Test: data
Test on node (ubuntu-latest)	Run Node.js tests	2026-09-16T05:24:43.9037804Z       
Test on node (ubuntu-latest)	Run Node.js tests	2026-09-16T05:24:43.9038028Z       3. Testing ../src/use.mjs
Test on node (ubuntu-latest)	Run Node.js tests	2026-09-16T05:24:43.9038362Z          ✓ use function exists: true
Test on node (ubuntu-latest)	Run Node.js tests	2026-09-16T05:24:43.9038629Z       
Test on node (ubuntu-latest)	Run Node.js tests	2026-09-16T05:24:43.9038892Z       4. Testing ./browser-server/subfolder/nested.js
Test on node (ubuntu-latest)	Run Node.js tests	2026-09-16T05:24:43.9039922Z          ✓ Nested: true Level: subfolder
Test on node (ubuntu-latest)	Run Node.js tests	2026-09-16T05:24:43.9040186Z       
Test on node (ubuntu-latest)	Run Node.js tests	2026-09-16T05:24:43.9040467Z       5. Testing ./browser-server/subfolder/nested-data.json
Test on node (ubuntu-latest)	Run Node.js tests	2026-09-16T05:24:43.9041102Z          ✓ Level: nested Depth: 1
Test on node (ubuntu-latest)	Run Node.js tests	2026-09-16T05:24:43.9041436Z       
Test on node (ubuntu-latest)	Run Node.js tests	2026-09-16T05:24:43.9041732Z       6. Testing ../package.json
Test on node (ubuntu-latest)	Run Node.js tests	2026-09-16T05:24:43.9042166Z          ✓ Package name: use-m
Test on node (ubuntu-latest)	Run Node.js tests	2026-09-16T05:24:43.9042490Z       
Test on node (ubuntu-latest)	Run Node.js tests	2026-09-16T05:24:43.9042844Z       ✅ All direct tests passed!
Test on node (ubuntu-latest)	Run Node.js tests	2026-09-16T05:24:43.9043076Z 
Test on node (ubuntu-latest)	Run Node.js tests	2026-09-16T05:24:43.9043543Z       at Object.<anonymous> (tests/relative-paths.integration.test.mjs:39:15)
Test on node (ubuntu-latest)	Run Node.js tests	2026-09-16T05:24:43.9043991Z 
Test on node (ubuntu-latest)	Run Node.js tests	2026-09-16T05:24:43.9946136Z PASS tests/builtin-universal.test.cjs
Test on node (ubuntu-latest)	Run Node.js tests	2026-09-16T05:24:44.0859796Z PASS tests/builtin-universal.test.mjs
Test on node (ubuntu-latest)	Run Node.js tests	2026-09-16T05:24:44.7934547Z PASS tests/loader.test.mjs
Test on node (ubuntu-latest)	Run Node.js tests	2026-09-16T05:24:44.8720305Z PASS tests/script-sync.test.mjs
Test on node (ubuntu-latest)	Run Node.js tests	2026-09-16T05:24:47.2584698Z PASS tests/lodash.test.mjs
Test on node (ubuntu-latest)	Run Node.js tests	2026-09-16T05:24:47.3425473Z PASS tests/get-script-url.test.cjs
Test on node (ubuntu-latest)	Run Node.js tests	2026-09-16T05:24:47.9799595Z PASS tests/network-imports.test.mjs
Test on node (ubuntu-latest)	Run Node.js tests	2026-09-16T05:24:49.8003629Z PASS tests/lodash.test.cjs
Test on node (ubuntu-latest)	Run Node.js tests	2026-09-16T05:24:50.2252487Z PASS tests/network-imports.test.cjs
Test on node (ubuntu-latest)	Run Node.js tests	2026-09-16T05:24:50.3101676Z PASS tests/get-script-url.test.mjs
Test on node (ubuntu-latest)	Run Node.js tests	2026-09-16T05:24:51.1692532Z PASS tests/command-stream.test.cjs
Test on node (ubuntu-latest)	Run Node.js tests	2026-09-16T05:24:51.5671136Z PASS tests/command-stream.test.mjs
Test on node (ubuntu-latest)	Run Node.js tests	2026-09-16T05:24:51.6726794Z PASS tests/import.test.mjs
Test on node (ubuntu-latest)	Run Node.js tests	2026-09-16T05:24:51.7598867Z PASS tests/import.test.cjs
Test on node (ubuntu-latest)	Run Node.js tests	2026-09-16T05:24:53.9182647Z PASS tests/typescript.test.cjs
Test on node (ubuntu-latest)	Run Node.js tests	2026-09-16T05:24:54.6817785Z PASS tests/typescript.test.mjs
Test on node (ubuntu-latest)	Run Node.js tests	2026-09-16T05:24:54.6832012Z 
Test on node (ubuntu-latest)	Run Node.js tests	2026-09-16T05:24:54.6841432Z Test Suites: 47 passed, 47 total
Test on node (ubuntu-latest)	Run Node.js tests	2026-09-16T05:24:54.6842013Z Tests:       385 passed, 385 total
Test on node (ubuntu-latest)	Run Node.js tests	2026-09-16T05:24:54.6842475Z Snapshots:   0 total
Test on node (ubuntu-latest)	Run Node.js tests	2026-09-16T05:24:54.6842863Z Time:        49.796 s
Test on node (ubuntu-latest)	Run Node.js tests	2026-09-16T05:24:54.6843251Z Ran all test suites.
Test on node (ubuntu-latest)	Post Setup Node.js	﻿2026-09-16T05:24:54.8477902Z Post job cleanup.
Test on node (ubuntu-latest)	Post Setup Node.js	2026-09-16T05:24:54.9883501Z [command]/usr/bin/tar --posix -cf cache.tzst --exclude cache.tzst -P -C /home/runner/work/use-m/use-m --files-from manifest.txt --use-compress-program zstdmt
Test on node (ubuntu-latest)	Post Setup Node.js	2026-09-16T05:24:55.2385528Z Failed to save: Unable to reserve cache with key node-cache-Linux-x64-npm-12813ae39a61b5fed7681502803cfede24735d033f8430fc26d535be6b212b6a, another job may be creating this cache.
Test on node (ubuntu-latest)	Post Checkout code	﻿2026-09-16T05:24:55.2561524Z Post job cleanup.
Test on node (ubuntu-latest)	Post Checkout code	2026-09-16T05:24:55.3458996Z [command]/usr/bin/git version
Test on node (ubuntu-latest)	Post Checkout code	2026-09-16T05:24:55.3506125Z git version 2.55.0
Test on node (ubuntu-latest)	Post Checkout code	2026-09-16T05:24:55.3551372Z Temporarily overriding HOME='/home/runner/work/_temp/2b3b859b-6ded-47d2-8624-a0d42d3c828c' before making global git config changes
Test on node (ubuntu-latest)	Post Checkout code	2026-09-16T05:24:55.3552752Z Adding repository directory to the temporary git global config as a safe directory
Test on node (ubuntu-latest)	Post Checkout code	2026-09-16T05:24:55.3560382Z [command]/usr/bin/git config --global --add safe.directory /home/runner/work/use-m/use-m
Test on node (ubuntu-latest)	Post Checkout code	2026-09-16T05:24:55.3607032Z Removing SSH command configuration
Test on node (ubuntu-latest)	Post Checkout code	2026-09-16T05:24:55.3615617Z [command]/usr/bin/git config --local --name-only --get-regexp core\.sshCommand
Test on node (ubuntu-latest)	Post Checkout code	2026-09-16T05:24:55.3660894Z [command]/usr/bin/git submodule foreach --recursive sh -c "git config --local --name-only --get-regexp 'core\.sshCommand' && git config --local --unset-all 'core.sshCommand' || :"
Test on node (ubuntu-latest)	Post Checkout code	2026-09-16T05:24:55.3994942Z Removing HTTP extra header
Test on node (ubuntu-latest)	Post Checkout code	2026-09-16T05:24:55.4017331Z [command]/usr/bin/git config --local --name-only --get-regexp http\.https\:\/\/github\.com\/\.extraheader
Test on node (ubuntu-latest)	Post Checkout code	2026-09-16T05:24:55.4053265Z [command]/usr/bin/git submodule foreach --recursive sh -c "git config --local --name-only --get-regexp 'http\.https\:\/\/github\.com\/\.extraheader' && git config --local --unset-all 'http.https://github.com/.extraheader' || :"
Test on node (ubuntu-latest)	Post Checkout code	2026-09-16T05:24:55.4405654Z Removing includeIf entries pointing to credentials config files
Test on node (ubuntu-latest)	Post Checkout code	2026-09-16T05:24:55.4418475Z [command]/usr/bin/git config --local --name-only --get-regexp ^includeIf\.gitdir:
Test on node (ubuntu-latest)	Post Checkout code	2026-09-16T05:24:55.4467443Z includeif.gitdir:/home/runner/work/use-m/use-m/.git.path
Test on node (ubuntu-latest)	Post Checkout code	2026-09-16T05:24:55.4468542Z includeif.gitdir:/home/runner/work/use-m/use-m/.git/worktrees/*.path
Test on node (ubuntu-latest)	Post Checkout code	2026-09-16T05:24:55.4470053Z includeif.gitdir:/github/workspace/.git.path
Test on node (ubuntu-latest)	Post Checkout code	2026-09-16T05:24:55.4470954Z includeif.gitdir:/github/workspace/.git/worktrees/*.path
Test on node (ubuntu-latest)	Post Checkout code	2026-09-16T05:24:55.4491186Z [command]/usr/bin/git config --local --get-all includeif.gitdir:/home/runner/work/use-m/use-m/.git.path
Test on node (ubuntu-latest)	Post Checkout code	2026-09-16T05:24:55.4516952Z /home/runner/work/_temp/git-credentials-95cd5e7a-d668-4c6f-9a51-27bb33c01797.config
Test on node (ubuntu-latest)	Post Checkout code	2026-09-16T05:24:55.4554092Z [command]/usr/bin/git config --local --unset includeif.gitdir:/home/runner/work/use-m/use-m/.git.path /home/runner/work/_temp/git-credentials-95cd5e7a-d668-4c6f-9a51-27bb33c01797.config
Test on node (ubuntu-latest)	Post Checkout code	2026-09-16T05:24:55.4601444Z [command]/usr/bin/git config --local --get-all includeif.gitdir:/home/runner/work/use-m/use-m/.git/worktrees/*.path
Test on node (ubuntu-latest)	Post Checkout code	2026-09-16T05:24:55.4644588Z /home/runner/work/_temp/git-credentials-95cd5e7a-d668-4c6f-9a51-27bb33c01797.config
Test on node (ubuntu-latest)	Post Checkout code	2026-09-16T05:24:55.4663460Z [command]/usr/bin/git config --local --unset includeif.gitdir:/home/runner/work/use-m/use-m/.git/worktrees/*.path /home/runner/work/_temp/git-credentials-95cd5e7a-d668-4c6f-9a51-27bb33c01797.config
Test on node (ubuntu-latest)	Post Checkout code	2026-09-16T05:24:55.4742148Z [command]/usr/bin/git config --local --get-all includeif.gitdir:/github/workspace/.git.path
Test on node (ubuntu-latest)	Post Checkout code	2026-09-16T05:24:55.4767192Z /github/runner_temp/git-credentials-95cd5e7a-d668-4c6f-9a51-27bb33c01797.config
Test on node (ubuntu-latest)	Post Checkout code	2026-09-16T05:24:55.4780981Z [command]/usr/bin/git config --local --unset includeif.gitdir:/github/workspace/.git.path /github/runner_temp/git-credentials-95cd5e7a-d668-4c6f-9a51-27bb33c01797.config
Test on node (ubuntu-latest)	Post Checkout code	2026-09-16T05:24:55.4832537Z [command]/usr/bin/git config --local --get-all includeif.gitdir:/github/workspace/.git/worktrees/*.path
Test on node (ubuntu-latest)	Post Checkout code	2026-09-16T05:24:55.4863922Z /github/runner_temp/git-credentials-95cd5e7a-d668-4c6f-9a51-27bb33c01797.config
Test on node (ubuntu-latest)	Post Checkout code	2026-09-16T05:24:55.4874229Z [command]/usr/bin/git config --local --unset includeif.gitdir:/github/workspace/.git/worktrees/*.path /github/runner_temp/git-credentials-95cd5e7a-d668-4c6f-9a51-27bb33c01797.config
Test on node (ubuntu-latest)	Post Checkout code	2026-09-16T05:24:55.4942702Z [command]/usr/bin/git submodule foreach --recursive git config --local --show-origin --name-only --get-regexp remote.origin.url
Test on node (ubuntu-latest)	Post Checkout code	2026-09-16T05:24:55.5201366Z Removing credentials config '/home/runner/work/_temp/git-credentials-95cd5e7a-d668-4c6f-9a51-27bb33c01797.config'
Test on node (ubuntu-latest)	Complete job	﻿2026-09-16T05:24:55.5383199Z Cleaning up orphan processes
Test on node (macos-latest)	Set up job	﻿2026-09-16T05:23:52.0654350Z Current runner version: '2.337.0'
Test on node (macos-latest)	Set up job	2026-09-16T05:23:52.0674770Z ##[group]Runner Image Provisioner
Test on node (macos-latest)	Set up job	2026-09-16T05:23:52.0675480Z Hosted Compute Agent
Test on node (macos-latest)	Set up job	2026-09-16T05:23:52.0675890Z Version: 20260828.587
Test on node (macos-latest)	Set up job	2026-09-16T05:23:52.0676470Z Commit: abac92662cab4cc7352de4f9f9d2e2419aad9c29
Test on node (macos-latest)	Set up job	2026-09-16T05:23:52.0676960Z Build Date: 2026-08-28T16:44:25Z
Test on node (macos-latest)	Set up job	2026-09-16T05:23:52.0677430Z Worker ID: {ec227d6b-25db-40d4-bff8-88c71a9ac2d9}
Test on node (macos-latest)	Set up job	2026-09-16T05:23:52.0677900Z Azure Region: westus
Test on node (macos-latest)	Set up job	2026-09-16T05:23:52.0678360Z ##[endgroup]
Test on node (macos-latest)	Set up job	2026-09-16T05:23:52.0679470Z ##[group]Operating System
Test on node (macos-latest)	Set up job	2026-09-16T05:23:52.0679910Z macOS
Test on node (macos-latest)	Set up job	2026-09-16T05:23:52.0680240Z 26.6.2
Test on node (macos-latest)	Set up job	2026-09-16T05:23:52.0680580Z 25G83
Test on node (macos-latest)	Set up job	2026-09-16T05:23:52.0680930Z ##[endgroup]
Test on node (macos-latest)	Set up job	2026-09-16T05:23:52.0681360Z ##[group]Runner Image
Test on node (macos-latest)	Set up job	2026-09-16T05:23:52.0681850Z Image: macos-26-arm64
Test on node (macos-latest)	Set up job	2026-09-16T05:23:52.0682280Z Version: 20260907.0351.1
Test on node (macos-latest)	Set up job	2026-09-16T05:23:52.0683150Z Included Software: https://github.com/actions/runner-images/blob/macos-26-arm64/20260907.0351/images/macos/macos-26-arm64-Readme.md
Test on node (macos-latest)	Set up job	2026-09-16T05:23:52.0684450Z Image Release: https://github.com/actions/runner-images/releases/tag/macos-26-arm64%2F20260907.0351
Test on node (macos-latest)	Set up job	2026-09-16T05:23:52.0685240Z ##[endgroup]
Test on node (macos-latest)	Set up job	2026-09-16T05:23:52.0686040Z ##[group]GITHUB_TOKEN Permissions
Test on node (macos-latest)	Set up job	2026-09-16T05:23:52.0687660Z Contents: read
Test on node (macos-latest)	Set up job	2026-09-16T05:23:52.0688090Z Metadata: read
Test on node (macos-latest)	Set up job	2026-09-16T05:23:52.0688510Z ##[endgroup]
Test on node (macos-latest)	Set up job	2026-09-16T05:23:52.0690000Z Secret source: Actions
Test on node (macos-latest)	Set up job	2026-09-16T05:23:52.0690740Z Cache mode: write
Test on node (macos-latest)	Set up job	2026-09-16T05:23:52.0691200Z Prepare workflow directory
Test on node (macos-latest)	Set up job	2026-09-16T05:23:52.0928850Z Prepare all required actions
Test on node (macos-latest)	Set up job	2026-09-16T05:23:52.0964070Z Getting action download info
Test on node (macos-latest)	Set up job	2026-09-16T05:23:52.3081070Z Download action repository 'actions/checkout@v6' (SHA:d23441a48e516b6c34aea4fa41551a30e30af803)
Test on node (macos-latest)	Set up job	2026-09-16T05:23:52.5737960Z Download action repository 'actions/setup-node@v6' (SHA:249970729cb0ef3589644e2896645e5dc5ba9c38)
Test on node (macos-latest)	Set up job	2026-09-16T05:23:52.6717050Z Download action repository 'oven-sh/setup-bun@v2' (SHA:0c5077e51419868618aeaa5fe8019c62421857d6)
Test on node (macos-latest)	Set up job	2026-09-16T05:23:53.3215290Z Download action repository 'denoland/setup-deno@v2' (SHA:22d081ff2d3a40755e97629de92e3bcbfa7cf2ed)
Test on node (macos-latest)	Set up job	2026-09-16T05:23:54.1082230Z Complete job name: Test on node (macos-latest)
Test on node (macos-latest)	Checkout code	﻿2026-09-16T05:23:54.1596030Z ##[group]Run actions/checkout@v6
Test on node (macos-latest)	Checkout code	2026-09-16T05:23:54.1596700Z with:
Test on node (macos-latest)	Checkout code	2026-09-16T05:23:54.1597070Z   repository: link-foundation/use-m
Test on node (macos-latest)	Checkout code	2026-09-16T05:23:54.1600080Z   token: ***
Test on node (macos-latest)	Checkout code	2026-09-16T05:23:54.1600410Z   ssh-strict: true
Test on node (macos-latest)	Checkout code	2026-09-16T05:23:54.1600770Z   ssh-user: git
Test on node (macos-latest)	Checkout code	2026-09-16T05:23:54.1601170Z   persist-credentials: true
Test on node (macos-latest)	Checkout code	2026-09-16T05:23:54.1601600Z   clean: true
Test on node (macos-latest)	Checkout code	2026-09-16T05:23:54.1601960Z   sparse-checkout-cone-mode: true
Test on node (macos-latest)	Checkout code	2026-09-16T05:23:54.1602430Z   fetch-depth: 1
Test on node (macos-latest)	Checkout code	2026-09-16T05:23:54.1602810Z   fetch-tags: false
Test on node (macos-latest)	Checkout code	2026-09-16T05:23:54.1603160Z   show-progress: true
Test on node (macos-latest)	Checkout code	2026-09-16T05:23:54.1603520Z   lfs: false
Test on node (macos-latest)	Checkout code	2026-09-16T05:23:54.1603840Z   submodules: false
Test on node (macos-latest)	Checkout code	2026-09-16T05:23:54.1604230Z   set-safe-directory: true
Test on node (macos-latest)	Checkout code	2026-09-16T05:23:54.1604640Z   allow-unsafe-pr-checkout: false
Test on node (macos-latest)	Checkout code	2026-09-16T05:23:54.1605330Z ##[endgroup]
Test on node (macos-latest)	Checkout code	2026-09-16T05:23:54.6043730Z Syncing repository: link-foundation/use-m
Test on node (macos-latest)	Checkout code	2026-09-16T05:23:54.6045630Z ##[group]Getting Git version info
Test on node (macos-latest)	Checkout code	2026-09-16T05:23:54.6046220Z Working directory is '/Users/runner/work/use-m/use-m'
Test on node (macos-latest)	Checkout code	2026-09-16T05:23:54.6047850Z [command]/opt/homebrew/bin/git version
Test on node (macos-latest)	Checkout code	2026-09-16T05:23:54.6639360Z git version 2.55.0
Test on node (macos-latest)	Checkout code	2026-09-16T05:23:54.6656960Z ##[endgroup]
Test on node (macos-latest)	Checkout code	2026-09-16T05:23:54.6666660Z Copying '/Users/runner/.gitconfig' to '/Users/runner/work/_temp/4e10ac7b-3a51-4cb2-95a5-e73c82c7ea33/.gitconfig'
Test on node (macos-latest)	Checkout code	2026-09-16T05:23:54.6676680Z Temporarily overriding HOME='/Users/runner/work/_temp/4e10ac7b-3a51-4cb2-95a5-e73c82c7ea33' before making global git config changes
Test on node (macos-latest)	Checkout code	2026-09-16T05:23:54.6679870Z Adding repository directory to the temporary git global config as a safe directory
Test on node (macos-latest)	Checkout code	2026-09-16T05:23:54.6680990Z [command]/opt/homebrew/bin/git config --global --add safe.directory /Users/runner/work/use-m/use-m
Test on node (macos-latest)	Checkout code	2026-09-16T05:23:54.6797270Z Deleting the contents of '/Users/runner/work/use-m/use-m'
Test on node (macos-latest)	Checkout code	2026-09-16T05:23:54.6801400Z ##[group]Determining repository object format
Test on node (macos-latest)	Checkout code	2026-09-16T05:23:54.6803430Z ##[endgroup]
Test on node (macos-latest)	Checkout code	2026-09-16T05:23:54.6805130Z ##[group]Initializing the repository
Test on node (macos-latest)	Checkout code	2026-09-16T05:23:54.6806920Z [command]/opt/homebrew/bin/git init /Users/runner/work/use-m/use-m
Test on node (macos-latest)	Checkout code	2026-09-16T05:23:54.7046070Z hint: Using 'master' as the name for the initial branch. This default branch name
Test on node (macos-latest)	Checkout code	2026-09-16T05:23:54.7048600Z hint: will change to "main" in Git 3.0. To configure the initial branch name
Test on node (macos-latest)	Checkout code	2026-09-16T05:23:54.7050770Z hint: to use in all of your new repositories, which will suppress this warning,
Test on node (macos-latest)	Checkout code	2026-09-16T05:23:54.7052470Z hint: call:
Test on node (macos-latest)	Checkout code	2026-09-16T05:23:54.7053360Z hint:
Test on node (macos-latest)	Checkout code	2026-09-16T05:23:54.7114670Z hint: 	git config --global init.defaultBranch <name>
Test on node (macos-latest)	Checkout code	2026-09-16T05:23:54.7115900Z hint:
Test on node (macos-latest)	Checkout code	2026-09-16T05:23:54.7116480Z hint: Names commonly chosen instead of 'master' are 'main', 'trunk' and
Test on node (macos-latest)	Checkout code	2026-09-16T05:23:54.7117170Z hint: 'development'. The just-created branch can be renamed via this command:
Test on node (macos-latest)	Checkout code	2026-09-16T05:23:54.7117820Z hint:
Test on node (macos-latest)	Checkout code	2026-09-16T05:23:54.7118140Z hint: 	git branch -m <name>
Test on node (macos-latest)	Checkout code	2026-09-16T05:23:54.7118480Z hint:
Test on node (macos-latest)	Checkout code	2026-09-16T05:23:54.7118930Z hint: Disable this message with "git config set advice.defaultBranchName false"
Test on node (macos-latest)	Checkout code	2026-09-16T05:23:54.7119610Z Initialized empty Git repository in /Users/runner/work/use-m/use-m/.git/
Test on node (macos-latest)	Checkout code	2026-09-16T05:23:54.7121210Z [command]/opt/homebrew/bin/git remote add origin https://github.com/link-foundation/use-m
Test on node (macos-latest)	Checkout code	2026-09-16T05:23:54.7147640Z ##[endgroup]
Test on node (macos-latest)	Checkout code	2026-09-16T05:23:54.7149650Z ##[group]Disabling automatic garbage collection
Test on node (macos-latest)	Checkout code	2026-09-16T05:23:54.7150430Z [command]/opt/homebrew/bin/git config --local gc.auto 0
Test on node (macos-latest)	Checkout code	2026-09-16T05:23:54.7217360Z ##[endgroup]
Test on node (macos-latest)	Checkout code	2026-09-16T05:23:54.7219210Z ##[group]Setting up auth
Test on node (macos-latest)	Checkout code	2026-09-16T05:23:54.7220660Z Removing SSH command configuration
Test on node (macos-latest)	Checkout code	2026-09-16T05:23:54.7222500Z [command]/opt/homebrew/bin/git config --local --name-only --get-regexp core\.sshCommand
Test on node (macos-latest)	Checkout code	2026-09-16T05:23:54.7295030Z [command]/opt/homebrew/bin/git submodule foreach --recursive sh -c "git config --local --name-only --get-regexp 'core\.sshCommand' && git config --local --unset-all 'core.sshCommand' || :"
Test on node (macos-latest)	Checkout code	2026-09-16T05:23:54.8138660Z Removing HTTP extra header
Test on node (macos-latest)	Checkout code	2026-09-16T05:23:54.8142800Z [command]/opt/homebrew/bin/git config --local --name-only --get-regexp http\.https\:\/\/github\.com\/\.extraheader
Test on node (macos-latest)	Checkout code	2026-09-16T05:23:54.8198010Z [command]/opt/homebrew/bin/git submodule foreach --recursive sh -c "git config --local --name-only --get-regexp 'http\.https\:\/\/github\.com\/\.extraheader' && git config --local --unset-all 'http.https://github.com/.extraheader' || :"
Test on node (macos-latest)	Checkout code	2026-09-16T05:23:54.9042730Z Removing includeIf entries pointing to credentials config files
Test on node (macos-latest)	Checkout code	2026-09-16T05:23:54.9043700Z [command]/opt/homebrew/bin/git config --local --name-only --get-regexp ^includeIf\.gitdir:
Test on node (macos-latest)	Checkout code	2026-09-16T05:23:54.9084460Z [command]/opt/homebrew/bin/git submodule foreach --recursive git config --local --show-origin --name-only --get-regexp remote.origin.url
Test on node (macos-latest)	Checkout code	2026-09-16T05:23:55.0244270Z [command]/opt/homebrew/bin/git config --file /Users/runner/work/_temp/git-credentials-1145e4f9-9c59-4626-814f-f77a117719c6.config http.https://github.com/.extraheader AUTHORIZATION: basic ***
Test on node (macos-latest)	Checkout code	2026-09-16T05:23:55.0247280Z [command]/opt/homebrew/bin/git config --local includeIf.gitdir:/Users/runner/work/use-m/use-m/.git.path /Users/runner/work/_temp/git-credentials-1145e4f9-9c59-4626-814f-f77a117719c6.config
Test on node (macos-latest)	Checkout code	2026-09-16T05:23:55.0249630Z [command]/opt/homebrew/bin/git config --local includeIf.gitdir:/Users/runner/work/use-m/use-m/.git/worktrees/*.path /Users/runner/work/_temp/git-credentials-1145e4f9-9c59-4626-814f-f77a117719c6.config
Test on node (macos-latest)	Checkout code	2026-09-16T05:23:55.0261570Z [command]/opt/homebrew/bin/git config --local includeIf.gitdir:/github/workspace/.git.path /github/runner_temp/git-credentials-1145e4f9-9c59-4626-814f-f77a117719c6.config
Test on node (macos-latest)	Checkout code	2026-09-16T05:23:55.0295770Z [command]/opt/homebrew/bin/git config --local includeIf.gitdir:/github/workspace/.git/worktrees/*.path /github/runner_temp/git-credentials-1145e4f9-9c59-4626-814f-f77a117719c6.config
Test on node (macos-latest)	Checkout code	2026-09-16T05:23:55.0361910Z ##[endgroup]
Test on node (macos-latest)	Checkout code	2026-09-16T05:23:55.0362570Z ##[group]Fetching the repository
Test on node (macos-latest)	Checkout code	2026-09-16T05:23:55.0366670Z [command]/opt/homebrew/bin/git -c protocol.version=2 fetch --no-tags --prune --no-recurse-submodules --depth=1 origin +fa32204ca66803b71af0d8578abf5dda749fda71:refs/remotes/pull/51/merge
Test on node (macos-latest)	Checkout code	2026-09-16T05:23:55.9847110Z From https://github.com/link-foundation/use-m
Test on node (macos-latest)	Checkout code	2026-09-16T05:23:55.9918100Z  * [new ref]         fa32204ca66803b71af0d8578abf5dda749fda71 -> pull/51/merge
Test on node (macos-latest)	Checkout code	2026-09-16T05:23:55.9926180Z ##[endgroup]
Test on node (macos-latest)	Checkout code	2026-09-16T05:23:55.9927290Z ##[group]Determining the checkout info
Test on node (macos-latest)	Checkout code	2026-09-16T05:23:55.9928340Z ##[endgroup]
Test on node (macos-latest)	Checkout code	2026-09-16T05:23:55.9929110Z [command]/opt/homebrew/bin/git sparse-checkout disable
Test on node (macos-latest)	Checkout code	2026-09-16T05:23:55.9956580Z [command]/opt/homebrew/bin/git config --local --unset-all extensions.worktreeConfig
Test on node (macos-latest)	Checkout code	2026-09-16T05:23:56.0061800Z ##[group]Checking out the ref
Test on node (macos-latest)	Checkout code	2026-09-16T05:23:56.0063020Z [command]/opt/homebrew/bin/git checkout --progress --force refs/remotes/pull/51/merge
Test on node (macos-latest)	Checkout code	2026-09-16T05:23:56.0793160Z HEAD is now at fa32204 Merge 3895ecce42d1486b528a1bfbe15a750dcd0e2eab into 5378cba033e9105307a25e3f1a176ff689b716f0
Test on node (macos-latest)	Checkout code	2026-09-16T05:23:56.0802360Z ##[endgroup]
Test on node (macos-latest)	Checkout code	2026-09-16T05:23:56.0916440Z [command]/opt/homebrew/bin/git log -1 --format=%H
Test on node (macos-latest)	Checkout code	2026-09-16T05:23:56.1022060Z fa32204ca66803b71af0d8578abf5dda749fda71
Test on node (macos-latest)	Setup Node.js	﻿2026-09-16T05:23:56.1362890Z ##[group]Run actions/setup-node@v6
Test on node (macos-latest)	Setup Node.js	2026-09-16T05:23:56.1363270Z with:
Test on node (macos-latest)	Setup Node.js	2026-09-16T05:23:56.1363530Z   node-version: 20.x
Test on node (macos-latest)	Setup Node.js	2026-09-16T05:23:56.1363750Z   cache: npm
Test on node (macos-latest)	Setup Node.js	2026-09-16T05:23:56.1363980Z   check-latest: false
Test on node (macos-latest)	Setup Node.js	2026-09-16T05:23:56.1366470Z   token: ***
Test on node (macos-latest)	Setup Node.js	2026-09-16T05:23:56.1366690Z   package-manager-cache: true
Test on node (macos-latest)	Setup Node.js	2026-09-16T05:23:56.1366970Z ##[endgroup]
Test on node (macos-latest)	Setup Node.js	2026-09-16T05:23:56.3238160Z Attempting to download 20.x...
Test on node (macos-latest)	Setup Node.js	2026-09-16T05:23:58.3478610Z Acquiring 20.20.2 - arm64 from https://github.com/actions/node-versions/releases/download/20.20.2-23521894959/node-20.20.2-darwin-arm64.tar.gz
Test on node (macos-latest)	Setup Node.js	2026-09-16T05:23:59.0574880Z Extracting ...
Test on node (macos-latest)	Setup Node.js	2026-09-16T05:23:59.0878630Z [command]/usr/bin/tar xz --strip 1 -C /Users/runner/work/_temp/e1b77e34-ed22-4c3c-ad16-ff308b8233fd -f /Users/runner/work/_temp/3da9e9e6-329e-4620-816e-38b616f14152
Test on node (macos-latest)	Setup Node.js	2026-09-16T05:24:00.1636390Z Adding to the cache ...
Test on node (macos-latest)	Setup Node.js	2026-09-16T05:24:02.6551900Z ##[group]Environment details
Test on node (macos-latest)	Setup Node.js	2026-09-16T05:24:03.0709730Z node: v20.20.2
Test on node (macos-latest)	Setup Node.js	2026-09-16T05:24:03.0712790Z npm: 10.8.2
Test on node (macos-latest)	Setup Node.js	2026-09-16T05:24:03.0714050Z yarn: 1.22.22
Test on node (macos-latest)	Setup Node.js	2026-09-16T05:24:03.0715990Z ##[endgroup]
Test on node (macos-latest)	Setup Node.js	2026-09-16T05:24:03.0739820Z [command]/Users/runner/hostedtoolcache/node/20.20.2/arm64/bin/npm config get cache
Test on node (macos-latest)	Setup Node.js	2026-09-16T05:24:03.3016010Z /Users/runner/.npm
Test on node (macos-latest)	Setup Node.js	2026-09-16T05:24:03.4616100Z npm cache is not found
Test on node (macos-latest)	Install dependencies	﻿2026-09-16T05:24:03.5022520Z ##[group]Run npm ci --no-audit --no-fund
Test on node (macos-latest)	Install dependencies	2026-09-16T05:24:03.5023050Z ^[[36;1mnpm ci --no-audit --no-fund^[[0m
Test on node (macos-latest)	Install dependencies	2026-09-16T05:24:03.5094090Z shell: /bin/bash -e {0}
Test on node (macos-latest)	Install dependencies	2026-09-16T05:24:03.5094550Z ##[endgroup]
Test on node (macos-latest)	Install dependencies	2026-09-16T05:24:15.0970320Z 
Test on node (macos-latest)	Install dependencies	2026-09-16T05:24:15.0984510Z added 477 packages in 11s
Test on node (macos-latest)	Run Node.js tests	﻿2026-09-16T05:24:15.1314210Z ##[group]Run npm test -- --runInBand
Test on node (macos-latest)	Run Node.js tests	2026-09-16T05:24:15.1314820Z ^[[36;1mnpm test -- --runInBand^[[0m
Test on node (macos-latest)	Run Node.js tests	2026-09-16T05:24:15.1356400Z shell: /bin/bash -e {0}
Test on node (macos-latest)	Run Node.js tests	2026-09-16T05:24:15.1356720Z ##[endgroup]
Test on node (macos-latest)	Run Node.js tests	2026-09-16T05:24:15.3387790Z 
Test on node (macos-latest)	Run Node.js tests	2026-09-16T05:24:15.3390600Z > use-m@8.16.0 test
Test on node (macos-latest)	Run Node.js tests	2026-09-16T05:24:15.3391430Z > NODE_OPTIONS="--experimental-vm-modules" jest --runInBand
Test on node (macos-latest)	Run Node.js tests	2026-09-16T05:24:15.3391860Z 
Test on node (macos-latest)	Run Node.js tests	2026-09-16T05:24:16.0329920Z (node:23176) ExperimentalWarning: VM Modules is an experimental feature and might change at any time
Test on node (macos-latest)	Run Node.js tests	2026-09-16T05:24:16.0330830Z (Use `node --trace-warnings ...` to show where the warning was created)
Test on node (macos-latest)	Run Node.js tests	2026-09-16T05:24:19.8083880Z PASS tests/npm-global-prefix.test.cjs
Test on node (macos-latest)	Run Node.js tests	2026-09-16T05:24:23.2065530Z PASS tests/npm-global-prefix.test.mjs
Test on node (macos-latest)	Run Node.js tests	2026-09-16T05:24:23.3414220Z PASS tests/load.test.mjs
Test on node (macos-latest)	Run Node.js tests	2026-09-16T05:24:23.4447060Z PASS tests/load.test.cjs
Test on node (macos-latest)	Run Node.js tests	2026-09-16T05:24:23.5123540Z PASS tests/builtin-nodejs.test.cjs
Test on node (macos-latest)	Run Node.js tests	2026-09-16T05:24:23.5832490Z PASS tests/builtin-nodejs.test.mjs
Test on node (macos-latest)	Run Node.js tests	2026-09-16T05:24:23.6250630Z PASS tests/fallback.test.cjs
Test on node (macos-latest)	Run Node.js tests	2026-09-16T05:24:23.6737680Z PASS tests/fallback.test.mjs
Test on node (macos-latest)	Run Node.js tests	2026-09-16T05:24:29.2227530Z PASS tests/resolvers.test.mjs (5.546 s)
Test on node (macos-latest)	Run Node.js tests	2026-09-16T05:24:35.0354320Z PASS tests/builtin-browser.test.mjs (5.808 s)
Test on node (macos-latest)	Run Node.js tests	2026-09-16T05:24:38.8400860Z PASS tests/relative-paths-browser.test.mjs
Test on node (macos-latest)	Run Node.js tests	2026-09-16T05:24:42.0798620Z PASS tests/resolvers.test.cjs
Test on node (macos-latest)	Run Node.js tests	2026-09-16T05:24:42.1484930Z PASS tests/release-workflow-policy.test.mjs
Test on node (macos-latest)	Run Node.js tests	2026-09-16T05:24:44.4656660Z PASS tests/use.test.cjs
Test on node (macos-latest)	Run Node.js tests	2026-09-16T05:24:44.5284860Z PASS tests/filename.test.mjs
Test on node (macos-latest)	Run Node.js tests	2026-09-16T05:24:44.6186470Z PASS tests/root-entries.test.mjs
Test on node (macos-latest)	Run Node.js tests	2026-09-16T05:24:45.7910400Z PASS tests/use.test.mjs
Test on node (macos-latest)	Run Node.js tests	2026-09-16T05:24:45.8474030Z (node:23176) [DEP0125] DeprecationWarning: The _stream_wrap module is deprecated.
Test on node (macos-latest)	Run Node.js tests	2026-09-16T05:24:45.8475210Z (node:23176) [DEP0025] DeprecationWarning: sys is deprecated. Use util instead.
Test on node (macos-latest)	Run Node.js tests	2026-09-16T05:24:45.8476220Z (node:23176) ExperimentalWarning: WASI is an experimental feature and might change at any time
Test on node (macos-latest)	Run Node.js tests	2026-09-16T05:24:45.8583360Z PASS tests/dynamic-builtins.test.cjs
Test on node (macos-latest)	Run Node.js tests	2026-09-16T05:24:45.9126080Z PASS tests/dynamic-builtins.test.mjs
Test on node (macos-latest)	Run Node.js tests	2026-09-16T05:24:45.9558390Z PASS tests/filename.test.cjs
Test on node (macos-latest)	Run Node.js tests	2026-09-16T05:24:46.0033530Z PASS tests/fs-promises.test.mjs
Test on node (macos-latest)	Run Node.js tests	2026-09-16T05:24:48.3715540Z PASS tests/esm-sh-polyfill-browser.test.mjs
Test on node (macos-latest)	Run Node.js tests	2026-09-16T05:24:48.8501290Z PASS tests/builtin-errors.test.mjs
Test on node (macos-latest)	Run Node.js tests	2026-09-16T05:24:49.2072830Z PASS tests/builtin-errors.test.cjs
Test on node (macos-latest)	Run Node.js tests	2026-09-16T05:24:49.6362600Z PASS tests/relative-paths.test.cjs
Test on node (macos-latest)	Run Node.js tests	2026-09-16T05:24:49.8101970Z PASS tests/relative-paths.test.mjs
Test on node (macos-latest)	Run Node.js tests	2026-09-16T05:24:49.8737410Z PASS tests/module-specifier.test.cjs
Test on node (macos-latest)	Run Node.js tests	2026-09-16T05:24:50.0210930Z PASS tests/module-specifier.test.mjs
Test on node (macos-latest)	Run Node.js tests	2026-09-16T05:24:50.0713680Z PASS tests/deno-support.test.cjs
Test on node (macos-latest)	Run Node.js tests	2026-09-16T05:24:50.1491820Z PASS tests/deno-support.test.mjs
Test on node (macos-latest)	Run Node.js tests	2026-09-16T05:24:50.4810100Z PASS tests/relative-paths.integration.test.mjs
Test on node (macos-latest)	Run Node.js tests	2026-09-16T05:24:50.4892820Z   ● Console
Test on node (macos-latest)	Run Node.js tests	2026-09-16T05:24:50.4892990Z 
Test on node (macos-latest)	Run Node.js tests	2026-09-16T05:24:50.4893200Z     console.log
Test on node (macos-latest)	Run Node.js tests	2026-09-16T05:24:50.4893730Z       /Users/runner/work/use-m/use-m/tests
Test on node (macos-latest)	Run Node.js tests	2026-09-16T05:24:50.4894030Z 
Test on node (macos-latest)	Run Node.js tests	2026-09-16T05:24:50.4894760Z       at Object.<anonymous> (tests/relative-paths.integration.test.mjs:29:15)
Test on node (macos-latest)	Run Node.js tests	2026-09-16T05:24:50.4895100Z 
Test on node (macos-latest)	Run Node.js tests	2026-09-16T05:24:50.4895230Z     console.log
Test on node (macos-latest)	Run Node.js tests	2026-09-16T05:24:50.4895590Z       Testing relative paths from tests directory...
Test on node (macos-latest)	Run Node.js tests	2026-09-16T05:24:50.4895940Z       
Test on node (macos-latest)	Run Node.js tests	2026-09-16T05:24:50.4896550Z       1. Testing ./browser-server/test-helper.js
Test on node (macos-latest)	Run Node.js tests	2026-09-16T05:24:50.4896950Z          ✓ Message: Helper module loaded
Test on node (macos-latest)	Run Node.js tests	2026-09-16T05:24:50.4897300Z       
Test on node (macos-latest)	Run Node.js tests	2026-09-16T05:24:50.4897600Z       2. Testing ./browser-server/test-data.json
Test on node (macos-latest)	Run Node.js tests	2026-09-16T05:24:50.4898050Z          ✓ Value: 123
Test on node (macos-latest)	Run Node.js tests	2026-09-16T05:24:50.4898360Z          ✓ Test: data
Test on node (macos-latest)	Run Node.js tests	2026-09-16T05:24:50.4898580Z       
Test on node (macos-latest)	Run Node.js tests	2026-09-16T05:24:50.4898880Z       3. Testing ../src/use.mjs
Test on node (macos-latest)	Run Node.js tests	2026-09-16T05:24:50.4899180Z          ✓ use function exists: true
Test on node (macos-latest)	Run Node.js tests	2026-09-16T05:24:50.4899500Z       
Test on node (macos-latest)	Run Node.js tests	2026-09-16T05:24:50.4899840Z       4. Testing ./browser-server/subfolder/nested.js
Test on node (macos-latest)	Run Node.js tests	2026-09-16T05:24:50.4901440Z          ✓ Nested: true Level: subfolder
Test on node (macos-latest)	Run Node.js tests	2026-09-16T05:24:50.4901790Z       
Test on node (macos-latest)	Run Node.js tests	2026-09-16T05:24:50.4902110Z       5. Testing ./browser-server/subfolder/nested-data.json
Test on node (macos-latest)	Run Node.js tests	2026-09-16T05:24:50.4902560Z          ✓ Level: nested Depth: 1
Test on node (macos-latest)	Run Node.js tests	2026-09-16T05:24:50.4902820Z       
Test on node (macos-latest)	Run Node.js tests	2026-09-16T05:24:50.4903280Z       6. Testing ../package.json
Test on node (macos-latest)	Run Node.js tests	2026-09-16T05:24:50.4903650Z          ✓ Package name: use-m
Test on node (macos-latest)	Run Node.js tests	2026-09-16T05:24:50.4903940Z       
Test on node (macos-latest)	Run Node.js tests	2026-09-16T05:24:50.4904320Z       ✅ All direct tests passed!
Test on node (macos-latest)	Run Node.js tests	2026-09-16T05:24:50.4904450Z 
Test on node (macos-latest)	Run Node.js tests	2026-09-16T05:24:50.4904750Z       at Object.<anonymous> (tests/relative-paths.integration.test.mjs:39:15)
Test on node (macos-latest)	Run Node.js tests	2026-09-16T05:24:50.4905050Z 
Test on node (macos-latest)	Run Node.js tests	2026-09-16T05:24:50.5428690Z PASS tests/builtin-universal.test.cjs
Test on node (macos-latest)	Run Node.js tests	2026-09-16T05:24:50.5912210Z PASS tests/builtin-universal.test.mjs
Test on node (macos-latest)	Run Node.js tests	2026-09-16T05:24:51.0758360Z PASS tests/loader.test.mjs
Test on node (macos-latest)	Run Node.js tests	2026-09-16T05:24:51.1344070Z PASS tests/script-sync.test.mjs
Test on node (macos-latest)	Run Node.js tests	2026-09-16T05:24:53.2152110Z PASS tests/lodash.test.mjs
Test on node (macos-latest)	Run Node.js tests	2026-09-16T05:24:53.2786480Z PASS tests/get-script-url.test.cjs
Test on node (macos-latest)	Run Node.js tests	2026-09-16T05:24:53.6843140Z PASS tests/network-imports.test.mjs
Test on node (macos-latest)	Run Node.js tests	2026-09-16T05:24:55.6866240Z PASS tests/lodash.test.cjs
Test on node (macos-latest)	Run Node.js tests	2026-09-16T05:24:56.1024440Z PASS tests/network-imports.test.cjs
Test on node (macos-latest)	Run Node.js tests	2026-09-16T05:24:56.1651190Z PASS tests/get-script-url.test.mjs
Test on node (macos-latest)	Run Node.js tests	2026-09-16T05:24:57.0406260Z PASS tests/command-stream.test.cjs
Test on node (macos-latest)	Run Node.js tests	2026-09-16T05:24:57.4360120Z PASS tests/command-stream.test.mjs
Test on node (macos-latest)	Run Node.js tests	2026-09-16T05:24:57.4865010Z PASS tests/import.test.mjs
Test on node (macos-latest)	Run Node.js tests	2026-09-16T05:24:57.5326960Z PASS tests/import.test.cjs
Test on node (macos-latest)	Run Node.js tests	2026-09-16T05:24:59.4601620Z PASS tests/typescript.test.cjs
Test on node (macos-latest)	Run Node.js tests	2026-09-16T05:25:00.1684660Z PASS tests/typescript.test.mjs
Test on node (macos-latest)	Run Node.js tests	2026-09-16T05:25:00.1785980Z 
Test on node (macos-latest)	Run Node.js tests	2026-09-16T05:25:00.1887020Z Test Suites: 47 passed, 47 total
Test on node (macos-latest)	Run Node.js tests	2026-09-16T05:25:00.1902930Z Tests:       385 passed, 385 total
Test on node (macos-latest)	Run Node.js tests	2026-09-16T05:25:00.1934080Z Snapshots:   0 total
Test on node (macos-latest)	Run Node.js tests	2026-09-16T05:25:00.1936410Z Time:        44.323 s
Test on node (macos-latest)	Run Node.js tests	2026-09-16T05:25:00.1936810Z Ran all test suites.
Test on node (macos-latest)	Post Setup Node.js	﻿2026-09-16T05:25:00.3227470Z Post job cleanup.
Test on node (macos-latest)	Post Setup Node.js	2026-09-16T05:25:00.6978370Z [command]/opt/homebrew/bin/gtar --posix -cf cache.tzst --exclude cache.tzst -P -C /Users/runner/work/use-m/use-m --files-from manifest.txt --delay-directory-restore --use-compress-program zstdmt
Test on node (macos-latest)	Post Setup Node.js	2026-09-16T05:25:01.1774690Z Failed to save: Unable to reserve cache with key node-cache-macOS-arm64-npm-12813ae39a61b5fed7681502803cfede24735d033f8430fc26d535be6b212b6a, another job may be creating this cache.
Test on node (macos-latest)	Post Checkout code	﻿2026-09-16T05:25:01.1897130Z Post job cleanup.
Test on node (macos-latest)	Post Checkout code	2026-09-16T05:25:01.2896070Z [command]/opt/homebrew/bin/git version
Test on node (macos-latest)	Post Checkout code	2026-09-16T05:25:01.3097090Z git version 2.55.0
Test on node (macos-latest)	Post Checkout code	2026-09-16T05:25:01.3119380Z Copying '/Users/runner/.gitconfig' to '/Users/runner/work/_temp/195423e0-86a1-4a27-8478-a41081e51795/.gitconfig'
Test on node (macos-latest)	Post Checkout code	2026-09-16T05:25:01.3126920Z Temporarily overriding HOME='/Users/runner/work/_temp/195423e0-86a1-4a27-8478-a41081e51795' before making global git config changes
Test on node (macos-latest)	Post Checkout code	2026-09-16T05:25:01.3128380Z Adding repository directory to the temporary git global config as a safe directory
Test on node (macos-latest)	Post Checkout code	2026-09-16T05:25:01.3131420Z [command]/opt/homebrew/bin/git config --global --add safe.directory /Users/runner/work/use-m/use-m
Test on node (macos-latest)	Post Checkout code	2026-09-16T05:25:01.3254480Z Removing SSH command configuration
Test on node (macos-latest)	Post Checkout code	2026-09-16T05:25:01.3259950Z [command]/opt/homebrew/bin/git config --local --name-only --get-regexp core\.sshCommand
Test on node (macos-latest)	Post Checkout code	2026-09-16T05:25:01.3337960Z [command]/opt/homebrew/bin/git submodule foreach --recursive sh -c "git config --local --name-only --get-regexp 'core\.sshCommand' && git config --local --unset-all 'core.sshCommand' || :"
Test on node (macos-latest)	Post Checkout code	2026-09-16T05:25:01.4292690Z Removing HTTP extra header
Test on node (macos-latest)	Post Checkout code	2026-09-16T05:25:01.4297260Z [command]/opt/homebrew/bin/git config --local --name-only --get-regexp http\.https\:\/\/github\.com\/\.extraheader
Test on node (macos-latest)	Post Checkout code	2026-09-16T05:25:01.4360080Z [command]/opt/homebrew/bin/git submodule foreach --recursive sh -c "git config --local --name-only --get-regexp 'http\.https\:\/\/github\.com\/\.extraheader' && git config --local --unset-all 'http.https://github.com/.extraheader' || :"
Test on node (macos-latest)	Post Checkout code	2026-09-16T05:25:01.5135800Z Removing includeIf entries pointing to credentials config files
Test on node (macos-latest)	Post Checkout code	2026-09-16T05:25:01.5140690Z [command]/opt/homebrew/bin/git config --local --name-only --get-regexp ^includeIf\.gitdir:
Test on node (macos-latest)	Post Checkout code	2026-09-16T05:25:01.5199270Z includeif.gitdir:/Users/runner/work/use-m/use-m/.git.path
Test on node (macos-latest)	Post Checkout code	2026-09-16T05:25:01.5200030Z includeif.gitdir:/Users/runner/work/use-m/use-m/.git/worktrees/*.path
Test on node (macos-latest)	Post Checkout code	2026-09-16T05:25:01.5200550Z includeif.gitdir:/github/workspace/.git.path
Test on node (macos-latest)	Post Checkout code	2026-09-16T05:25:01.5201020Z includeif.gitdir:/github/workspace/.git/worktrees/*.path
Test on node (macos-latest)	Post Checkout code	2026-09-16T05:25:01.5206050Z [command]/opt/homebrew/bin/git config --local --get-all includeif.gitdir:/Users/runner/work/use-m/use-m/.git.path
Test on node (macos-latest)	Post Checkout code	2026-09-16T05:25:01.5259400Z /Users/runner/work/_temp/git-credentials-1145e4f9-9c59-4626-814f-f77a117719c6.config
Test on node (macos-latest)	Post Checkout code	2026-09-16T05:25:01.5267230Z [command]/opt/homebrew/bin/git config --local --unset includeif.gitdir:/Users/runner/work/use-m/use-m/.git.path /Users/runner/work/_temp/git-credentials-1145e4f9-9c59-4626-814f-f77a117719c6.config
Test on node (macos-latest)	Post Checkout code	2026-09-16T05:25:01.5334340Z [command]/opt/homebrew/bin/git config --local --get-all includeif.gitdir:/Users/runner/work/use-m/use-m/.git/worktrees/*.path
Test on node (macos-latest)	Post Checkout code	2026-09-16T05:25:01.5390450Z /Users/runner/work/_temp/git-credentials-1145e4f9-9c59-4626-814f-f77a117719c6.config
Test on node (macos-latest)	Post Checkout code	2026-09-16T05:25:01.5398080Z [command]/opt/homebrew/bin/git config --local --unset includeif.gitdir:/Users/runner/work/use-m/use-m/.git/worktrees/*.path /Users/runner/work/_temp/git-credentials-1145e4f9-9c59-4626-814f-f77a117719c6.config
Test on node (macos-latest)	Post Checkout code	2026-09-16T05:25:01.5456820Z [command]/opt/homebrew/bin/git config --local --get-all includeif.gitdir:/github/workspace/.git.path
Test on node (macos-latest)	Post Checkout code	2026-09-16T05:25:01.5512490Z /github/runner_temp/git-credentials-1145e4f9-9c59-4626-814f-f77a117719c6.config
Test on node (macos-latest)	Post Checkout code	2026-09-16T05:25:01.5518290Z [command]/opt/homebrew/bin/git config --local --unset includeif.gitdir:/github/workspace/.git.path /github/runner_temp/git-credentials-1145e4f9-9c59-4626-814f-f77a117719c6.config
Test on node (macos-latest)	Post Checkout code	2026-09-16T05:25:01.5659150Z [command]/opt/homebrew/bin/git config --local --get-all includeif.gitdir:/github/workspace/.git/worktrees/*.path
Test on node (macos-latest)	Post Checkout code	2026-09-16T05:25:01.5731960Z /github/runner_temp/git-credentials-1145e4f9-9c59-4626-814f-f77a117719c6.config
Test on node (macos-latest)	Post Checkout code	2026-09-16T05:25:01.5733920Z [command]/opt/homebrew/bin/git config --local --unset includeif.gitdir:/github/workspace/.git/worktrees/*.path /github/runner_temp/git-credentials-1145e4f9-9c59-4626-814f-f77a117719c6.config
Test on node (macos-latest)	Post Checkout code	2026-09-16T05:25:01.5736590Z [command]/opt/homebrew/bin/git submodule foreach --recursive git config --local --show-origin --name-only --get-regexp remote.origin.url
Test on node (macos-latest)	Post Checkout code	2026-09-16T05:25:01.6433300Z Removing credentials config '/Users/runner/work/_temp/git-credentials-1145e4f9-9c59-4626-814f-f77a117719c6.config'
Test on node (macos-latest)	Complete job	﻿2026-09-16T05:25:01.6543940Z Cleaning up orphan processes
Test on deno (macos-latest)	Set up job	﻿2026-09-16T05:23:51.0351920Z Current runner version: '2.337.0'
Test on deno (macos-latest)	Set up job	2026-09-16T05:23:51.0366310Z ##[group]Runner Image Provisioner
Test on deno (macos-latest)	Set up job	2026-09-16T05:23:51.0366820Z Hosted Compute Agent
Test on deno (macos-latest)	Set up job	2026-09-16T05:23:51.0367180Z Version: 20260828.587
Test on deno (macos-latest)	Set up job	2026-09-16T05:23:51.0367680Z Commit: abac92662cab4cc7352de4f9f9d2e2419aad9c29
Test on deno (macos-latest)	Set up job	2026-09-16T05:23:51.0368160Z Build Date: 2026-08-28T16:44:25Z
Test on deno (macos-latest)	Set up job	2026-09-16T05:23:51.0368570Z Worker ID: {305d12ba-06f8-4fe1-900b-1fc76000749a}
Test on deno (macos-latest)	Set up job	2026-09-16T05:23:51.0369020Z Azure Region: westus
Test on deno (macos-latest)	Set up job	2026-09-16T05:23:51.0369380Z ##[endgroup]
Test on deno (macos-latest)	Set up job	2026-09-16T05:23:51.0370260Z ##[group]Operating System
Test on deno (macos-latest)	Set up job	2026-09-16T05:23:51.0370640Z macOS
Test on deno (macos-latest)	Set up job	2026-09-16T05:23:51.0370950Z 26.6.2
Test on deno (macos-latest)	Set up job	2026-09-16T05:23:51.0371270Z 25G83
Test on deno (macos-latest)	Set up job	2026-09-16T05:23:51.0371590Z ##[endgroup]
Test on deno (macos-latest)	Set up job	2026-09-16T05:23:51.0371930Z ##[group]Runner Image
Test on deno (macos-latest)	Set up job	2026-09-16T05:23:51.0372290Z Image: macos-26-arm64
Test on deno (macos-latest)	Set up job	2026-09-16T05:23:51.0372700Z Version: 20260907.0351.1
Test on deno (macos-latest)	Set up job	2026-09-16T05:23:51.0373400Z Included Software: https://github.com/actions/runner-images/blob/macos-26-arm64/20260907.0351/images/macos/macos-26-arm64-Readme.md
Test on deno (macos-latest)	Set up job	2026-09-16T05:23:51.0374550Z Image Release: https://github.com/actions/runner-images/releases/tag/macos-26-arm64%2F20260907.0351
Test on deno (macos-latest)	Set up job	2026-09-16T05:23:51.0375170Z ##[endgroup]
Test on deno (macos-latest)	Set up job	2026-09-16T05:23:51.0375860Z ##[group]GITHUB_TOKEN Permissions
Test on deno (macos-latest)	Set up job	2026-09-16T05:23:51.0376760Z Contents: read
Test on deno (macos-latest)	Set up job	2026-09-16T05:23:51.0377120Z Metadata: read
Test on deno (macos-latest)	Set up job	2026-09-16T05:23:51.0377450Z ##[endgroup]
Test on deno (macos-latest)	Set up job	2026-09-16T05:23:51.0378620Z Secret source: Actions
Test on deno (macos-latest)	Set up job	2026-09-16T05:23:51.0379170Z Cache mode: write
Test on deno (macos-latest)	Set up job	2026-09-16T05:23:51.0379590Z Prepare workflow directory
Test on deno (macos-latest)	Set up job	2026-09-16T05:23:51.0583820Z Prepare all required actions
Test on deno (macos-latest)	Set up job	2026-09-16T05:23:51.0617040Z Getting action download info
Test on deno (macos-latest)	Set up job	2026-09-16T05:23:51.2836890Z Download action repository 'actions/checkout@v6' (SHA:d23441a48e516b6c34aea4fa41551a30e30af803)
Test on deno (macos-latest)	Set up job	2026-09-16T05:23:51.4763350Z Download action repository 'actions/setup-node@v6' (SHA:249970729cb0ef3589644e2896645e5dc5ba9c38)
Test on deno (macos-latest)	Set up job	2026-09-16T05:23:51.5870790Z Download action repository 'oven-sh/setup-bun@v2' (SHA:0c5077e51419868618aeaa5fe8019c62421857d6)
Test on deno (macos-latest)	Set up job	2026-09-16T05:23:52.3660790Z Download action repository 'denoland/setup-deno@v2' (SHA:22d081ff2d3a40755e97629de92e3bcbfa7cf2ed)
Test on deno (macos-latest)	Set up job	2026-09-16T05:23:53.2269620Z Complete job name: Test on deno (macos-latest)
Test on deno (macos-latest)	Checkout code	﻿2026-09-16T05:23:53.2758940Z ##[group]Run actions/checkout@v6
Test on deno (macos-latest)	Checkout code	2026-09-16T05:23:53.2759820Z with:
Test on deno (macos-latest)	Checkout code	2026-09-16T05:23:53.2760460Z   repository: link-foundation/use-m
Test on deno (macos-latest)	Checkout code	2026-09-16T05:23:53.2766180Z   token: ***
Test on deno (macos-latest)	Checkout code	2026-09-16T05:23:53.2766650Z   ssh-strict: true
Test on deno (macos-latest)	Checkout code	2026-09-16T05:23:53.2767140Z   ssh-user: git
Test on deno (macos-latest)	Checkout code	2026-09-16T05:23:53.2767640Z   persist-credentials: true
Test on deno (macos-latest)	Checkout code	2026-09-16T05:23:53.2768190Z   clean: true
Test on deno (macos-latest)	Checkout code	2026-09-16T05:23:53.2768690Z   sparse-checkout-cone-mode: true
Test on deno (macos-latest)	Checkout code	2026-09-16T05:23:53.2769280Z   fetch-depth: 1
Test on deno (macos-latest)	Checkout code	2026-09-16T05:23:53.2769770Z   fetch-tags: false
Test on deno (macos-latest)	Checkout code	2026-09-16T05:23:53.2770270Z   show-progress: true
Test on deno (macos-latest)	Checkout code	2026-09-16T05:23:53.2770770Z   lfs: false
Test on deno (macos-latest)	Checkout code	2026-09-16T05:23:53.2771230Z   submodules: false
Test on deno (macos-latest)	Checkout code	2026-09-16T05:23:53.2771740Z   set-safe-directory: true
Test on deno (macos-latest)	Checkout code	2026-09-16T05:23:53.2772310Z   allow-unsafe-pr-checkout: false
Test on deno (macos-latest)	Checkout code	2026-09-16T05:23:53.2773060Z ##[endgroup]
Test on deno (macos-latest)	Checkout code	2026-09-16T05:23:53.5724030Z Syncing repository: link-foundation/use-m
Test on deno (macos-latest)	Checkout code	2026-09-16T05:23:53.5726150Z ##[group]Getting Git version info
Test on deno (macos-latest)	Checkout code	2026-09-16T05:23:53.5726940Z Working directory is '/Users/runner/work/use-m/use-m'
Test on deno (macos-latest)	Checkout code	2026-09-16T05:23:53.5728360Z [command]/opt/homebrew/bin/git version
Test on deno (macos-latest)	Checkout code	2026-09-16T05:23:53.6213330Z git version 2.55.0
Test on deno (macos-latest)	Checkout code	2026-09-16T05:23:53.6225910Z ##[endgroup]
Test on deno (macos-latest)	Checkout code	2026-09-16T05:23:53.6231930Z Copying '/Users/runner/.gitconfig' to '/Users/runner/work/_temp/cb8488f8-6264-4a57-9af5-cf2e4df22d69/.gitconfig'
Test on deno (macos-latest)	Checkout code	2026-09-16T05:23:53.6238760Z Temporarily overriding HOME='/Users/runner/work/_temp/cb8488f8-6264-4a57-9af5-cf2e4df22d69' before making global git config changes
Test on deno (macos-latest)	Checkout code	2026-09-16T05:23:53.6240690Z Adding repository directory to the temporary git global config as a safe directory
Test on deno (macos-latest)	Checkout code	2026-09-16T05:23:53.6242360Z [command]/opt/homebrew/bin/git config --global --add safe.directory /Users/runner/work/use-m/use-m
Test on deno (macos-latest)	Checkout code	2026-09-16T05:23:53.6342610Z Deleting the contents of '/Users/runner/work/use-m/use-m'
Test on deno (macos-latest)	Checkout code	2026-09-16T05:23:53.6345170Z ##[group]Determining repository object format
Test on deno (macos-latest)	Checkout code	2026-09-16T05:23:53.6346420Z ##[endgroup]
Test on deno (macos-latest)	Checkout code	2026-09-16T05:23:53.6347420Z ##[group]Initializing the repository
Test on deno (macos-latest)	Checkout code	2026-09-16T05:23:53.6350970Z [command]/opt/homebrew/bin/git init /Users/runner/work/use-m/use-m
Test on deno (macos-latest)	Checkout code	2026-09-16T05:23:53.6553780Z hint: Using 'master' as the name for the initial branch. This default branch name
Test on deno (macos-latest)	Checkout code	2026-09-16T05:23:53.6555740Z hint: will change to "main" in Git 3.0. To configure the initial branch name
Test on deno (macos-latest)	Checkout code	2026-09-16T05:23:53.6557170Z hint: to use in all of your new repositories, which will suppress this warning,
Test on deno (macos-latest)	Checkout code	2026-09-16T05:23:53.6558230Z hint: call:
Test on deno (macos-latest)	Checkout code	2026-09-16T05:23:53.6558770Z hint:
Test on deno (macos-latest)	Checkout code	2026-09-16T05:23:53.6559460Z hint: 	git config --global init.defaultBranch <name>
Test on deno (macos-latest)	Checkout code	2026-09-16T05:23:53.6599850Z hint:
Test on deno (macos-latest)	Checkout code	2026-09-16T05:23:53.6600840Z hint: Names commonly chosen instead of 'master' are 'main', 'trunk' and
Test on deno (macos-latest)	Checkout code	2026-09-16T05:23:53.6602060Z hint: 'development'. The just-created branch can be renamed via this command:
Test on deno (macos-latest)	Checkout code	2026-09-16T05:23:53.6603010Z hint:
Test on deno (macos-latest)	Checkout code	2026-09-16T05:23:53.6603510Z hint: 	git branch -m <name>
Test on deno (macos-latest)	Checkout code	2026-09-16T05:23:53.6604050Z hint:
Test on deno (macos-latest)	Checkout code	2026-09-16T05:23:53.6604790Z hint: Disable this message with "git config set advice.defaultBranchName false"
Test on deno (macos-latest)	Checkout code	2026-09-16T05:23:53.6605990Z Initialized empty Git repository in /Users/runner/work/use-m/use-m/.git/
Test on deno (macos-latest)	Checkout code	2026-09-16T05:23:53.6608090Z [command]/opt/homebrew/bin/git remote add origin https://github.com/link-foundation/use-m
Test on deno (macos-latest)	Checkout code	2026-09-16T05:23:53.6638190Z ##[endgroup]
Test on deno (macos-latest)	Checkout code	2026-09-16T05:23:53.6639360Z ##[group]Disabling automatic garbage collection
Test on deno (macos-latest)	Checkout code	2026-09-16T05:23:53.6640720Z [command]/opt/homebrew/bin/git config --local gc.auto 0
Test on deno (macos-latest)	Checkout code	2026-09-16T05:23:53.6699850Z ##[endgroup]
Test on deno (macos-latest)	Checkout code	2026-09-16T05:23:53.6700850Z ##[group]Setting up auth
Test on deno (macos-latest)	Checkout code	2026-09-16T05:23:53.6701540Z Removing SSH command configuration
Test on deno (macos-latest)	Checkout code	2026-09-16T05:23:53.6704570Z [command]/opt/homebrew/bin/git config --local --name-only --get-regexp core\.sshCommand
Test on deno (macos-latest)	Checkout code	2026-09-16T05:23:53.6757630Z [command]/opt/homebrew/bin/git submodule foreach --recursive sh -c "git config --local --name-only --get-regexp 'core\.sshCommand' && git config --local --unset-all 'core.sshCommand' || :"
Test on deno (macos-latest)	Checkout code	2026-09-16T05:23:53.7475680Z Removing HTTP extra header
Test on deno (macos-latest)	Checkout code	2026-09-16T05:23:53.7479640Z [command]/opt/homebrew/bin/git config --local --name-only --get-regexp http\.https\:\/\/github\.com\/\.extraheader
Test on deno (macos-latest)	Checkout code	2026-09-16T05:23:53.7533150Z [command]/opt/homebrew/bin/git submodule foreach --recursive sh -c "git config --local --name-only --get-regexp 'http\.https\:\/\/github\.com\/\.extraheader' && git config --local --unset-all 'http.https://github.com/.extraheader' || :"
Test on deno (macos-latest)	Checkout code	2026-09-16T05:23:53.8172080Z Removing includeIf entries pointing to credentials config files
Test on deno (macos-latest)	Checkout code	2026-09-16T05:23:53.8175020Z [command]/opt/homebrew/bin/git config --local --name-only --get-regexp ^includeIf\.gitdir:
Test on deno (macos-latest)	Checkout code	2026-09-16T05:23:53.8233640Z [command]/opt/homebrew/bin/git submodule foreach --recursive git config --local --show-origin --name-only --get-regexp remote.origin.url
Test on deno (macos-latest)	Checkout code	2026-09-16T05:23:53.9206190Z [command]/opt/homebrew/bin/git config --file /Users/runner/work/_temp/git-credentials-8d6efe5b-9c11-45d5-b7d0-cc2634481308.config http.https://github.com/.extraheader AUTHORIZATION: basic ***
Test on deno (macos-latest)	Checkout code	2026-09-16T05:23:53.9208390Z [command]/opt/homebrew/bin/git config --local includeIf.gitdir:/Users/runner/work/use-m/use-m/.git.path /Users/runner/work/_temp/git-credentials-8d6efe5b-9c11-45d5-b7d0-cc2634481308.config
Test on deno (macos-latest)	Checkout code	2026-09-16T05:23:53.9211320Z [command]/opt/homebrew/bin/git config --local includeIf.gitdir:/Users/runner/work/use-m/use-m/.git/worktrees/*.path /Users/runner/work/_temp/git-credentials-8d6efe5b-9c11-45d5-b7d0-cc2634481308.config
Test on deno (macos-latest)	Checkout code	2026-09-16T05:23:53.9250880Z [command]/opt/homebrew/bin/git config --local includeIf.gitdir:/github/workspace/.git.path /github/runner_temp/git-credentials-8d6efe5b-9c11-45d5-b7d0-cc2634481308.config
Test on deno (macos-latest)	Checkout code	2026-09-16T05:23:53.9313530Z [command]/opt/homebrew/bin/git config --local includeIf.gitdir:/github/workspace/.git/worktrees/*.path /github/runner_temp/git-credentials-8d6efe5b-9c11-45d5-b7d0-cc2634481308.config
Test on deno (macos-latest)	Checkout code	2026-09-16T05:23:53.9366730Z ##[endgroup]
Test on deno (macos-latest)	Checkout code	2026-09-16T05:23:53.9367170Z ##[group]Fetching the repository
Test on deno (macos-latest)	Checkout code	2026-09-16T05:23:53.9371770Z [command]/opt/homebrew/bin/git -c protocol.version=2 fetch --no-tags --prune --no-recurse-submodules --depth=1 origin +fa32204ca66803b71af0d8578abf5dda749fda71:refs/remotes/pull/51/merge
Test on deno (macos-latest)	Checkout code	2026-09-16T05:23:54.8925690Z From https://github.com/link-foundation/use-m
Test on deno (macos-latest)	Checkout code	2026-09-16T05:23:54.8931400Z  * [new ref]         fa32204ca66803b71af0d8578abf5dda749fda71 -> pull/51/merge
Test on deno (macos-latest)	Checkout code	2026-09-16T05:23:54.8964470Z ##[endgroup]
Test on deno (macos-latest)	Checkout code	2026-09-16T05:23:54.8967530Z ##[group]Determining the checkout info
Test on deno (macos-latest)	Checkout code	2026-09-16T05:23:54.8979800Z ##[endgroup]
Test on deno (macos-latest)	Checkout code	2026-09-16T05:23:54.8993560Z [command]/opt/homebrew/bin/git sparse-checkout disable
Test on deno (macos-latest)	Checkout code	2026-09-16T05:23:54.9029250Z [command]/opt/homebrew/bin/git config --local --unset-all extensions.worktreeConfig
Test on deno (macos-latest)	Checkout code	2026-09-16T05:23:54.9084530Z ##[group]Checking out the ref
Test on deno (macos-latest)	Checkout code	2026-09-16T05:23:54.9088500Z [command]/opt/homebrew/bin/git checkout --progress --force refs/remotes/pull/51/merge
Test on deno (macos-latest)	Checkout code	2026-09-16T05:23:54.9548390Z HEAD is now at fa32204 Merge 3895ecce42d1486b528a1bfbe15a750dcd0e2eab into 5378cba033e9105307a25e3f1a176ff689b716f0
Test on deno (macos-latest)	Checkout code	2026-09-16T05:23:54.9555670Z ##[endgroup]
Test on deno (macos-latest)	Checkout code	2026-09-16T05:23:54.9645910Z [command]/opt/homebrew/bin/git log -1 --format=%H
Test on deno (macos-latest)	Checkout code	2026-09-16T05:23:54.9710960Z fa32204ca66803b71af0d8578abf5dda749fda71
Test on deno (macos-latest)	Setup Node.js	﻿2026-09-16T05:23:54.9915330Z ##[group]Run actions/setup-node@v6
Test on deno (macos-latest)	Setup Node.js	2026-09-16T05:23:54.9915850Z with:
Test on deno (macos-latest)	Setup Node.js	2026-09-16T05:23:54.9916060Z   node-version: 20.x
Test on deno (macos-latest)	Setup Node.js	2026-09-16T05:23:54.9916220Z   cache: npm
Test on deno (macos-latest)	Setup Node.js	2026-09-16T05:23:54.9916400Z   check-latest: false
Test on deno (macos-latest)	Setup Node.js	2026-09-16T05:23:54.9918350Z   token: ***
Test on deno (macos-latest)	Setup Node.js	2026-09-16T05:23:54.9918510Z   package-manager-cache: true
Test on deno (macos-latest)	Setup Node.js	2026-09-16T05:23:54.9918700Z ##[endgroup]
Test on deno (macos-latest)	Setup Node.js	2026-09-16T05:23:55.1139900Z Attempting to download 20.x...
Test on deno (macos-latest)	Setup Node.js	2026-09-16T05:23:56.3370800Z Acquiring 20.20.2 - arm64 from https://github.com/actions/node-versions/releases/download/20.20.2-23521894959/node-20.20.2-darwin-arm64.tar.gz
Test on deno (macos-latest)	Setup Node.js	2026-09-16T05:23:56.8892260Z Extracting ...
Test on deno (macos-latest)	Setup Node.js	2026-09-16T05:23:56.8998860Z [command]/usr/bin/tar xz --strip 1 -C /Users/runner/work/_temp/bfd204a5-d55e-475a-80bc-1405f04f3e6b -f /Users/runner/work/_temp/c8496371-dc2e-4d32-a90a-a8de72360dc4
Test on deno (macos-latest)	Setup Node.js	2026-09-16T05:23:57.7053510Z Adding to the cache ...
Test on deno (macos-latest)	Setup Node.js	2026-09-16T05:23:59.2199720Z ##[group]Environment details
Test on deno (macos-latest)	Setup Node.js	2026-09-16T05:23:59.4832150Z node: v20.20.2
Test on deno (macos-latest)	Setup Node.js	2026-09-16T05:23:59.4832480Z npm: 10.8.2
Test on deno (macos-latest)	Setup Node.js	2026-09-16T05:23:59.4832710Z yarn: 1.22.22
Test on deno (macos-latest)	Setup Node.js	2026-09-16T05:23:59.4833070Z ##[endgroup]
Test on deno (macos-latest)	Setup Node.js	2026-09-16T05:23:59.4846640Z [command]/Users/runner/hostedtoolcache/node/20.20.2/arm64/bin/npm config get cache
Test on deno (macos-latest)	Setup Node.js	2026-09-16T05:23:59.6040470Z /Users/runner/.npm
Test on deno (macos-latest)	Setup Node.js	2026-09-16T05:23:59.6626580Z npm cache is not found
Test on deno (macos-latest)	Setup Deno	﻿2026-09-16T05:23:59.6766020Z ##[group]Run denoland/setup-deno@v2
Test on deno (macos-latest)	Setup Deno	2026-09-16T05:23:59.6766330Z with:
Test on deno (macos-latest)	Setup Deno	2026-09-16T05:23:59.6766510Z   deno-version: v2.x
Test on deno (macos-latest)	Setup Deno	2026-09-16T05:23:59.6766760Z   deno-binary-name: deno
Test on deno (macos-latest)	Setup Deno	2026-09-16T05:23:59.6766920Z   cache: false
Test on deno (macos-latest)	Setup Deno	2026-09-16T05:23:59.6767060Z ##[endgroup]
Test on deno (macos-latest)	Setup Deno	2026-09-16T05:23:59.8854300Z Going to install stable version 2.9.6.
Test on deno (macos-latest)	Setup Deno	2026-09-16T05:23:59.8866520Z Downloading Deno from https://github.com/denoland/deno/releases/download/v2.9.6/deno-aarch64-apple-darwin.zip.
Test on deno (macos-latest)	Setup Deno	2026-09-16T05:24:00.3116420Z [command]/usr/bin/unzip -o -q /Users/runner/work/_temp/3e060ca4-ebd6-4fe2-97d6-a058bf75554f
Test on deno (macos-latest)	Setup Deno	2026-09-16T05:24:01.0090970Z Cached Deno to /Users/runner/hostedtoolcache/deno/2.9.6/arm64.
Test on deno (macos-latest)	Setup Deno	2026-09-16T05:24:01.0115250Z Installation complete.
Test on deno (macos-latest)	Install dependencies	﻿2026-09-16T05:24:01.0188710Z ##[group]Run npm ci --no-audit --no-fund
Test on deno (macos-latest)	Install dependencies	2026-09-16T05:24:01.0189130Z ^[[36;1mnpm ci --no-audit --no-fund^[[0m
Test on deno (macos-latest)	Install dependencies	2026-09-16T05:24:01.0230900Z shell: /bin/bash -e {0}
Test on deno (macos-latest)	Install dependencies	2026-09-16T05:24:01.0231160Z ##[endgroup]
Test on deno (macos-latest)	Install dependencies	2026-09-16T05:24:09.7195010Z 
Test on deno (macos-latest)	Install dependencies	2026-09-16T05:24:09.7196920Z added 477 packages in 9s
Test on deno (macos-latest)	Run Deno tests	﻿2026-09-16T05:24:09.7356970Z ##[group]Run for attempt in 1 2 3; do
Test on deno (macos-latest)	Run Deno tests	2026-09-16T05:24:09.7357390Z ^[[36;1mfor attempt in 1 2 3; do^[[0m
Test on deno (macos-latest)	Run Deno tests	2026-09-16T05:24:09.7357850Z ^[[36;1m  deno test --allow-net --allow-env --allow-run --allow-read --allow-write --allow-sys && exit 0^[[0m
Test on deno (macos-latest)	Run Deno tests	2026-09-16T05:24:09.7358320Z ^[[36;1m  status=$?^[[0m
Test on deno (macos-latest)	Run Deno tests	2026-09-16T05:24:09.7363480Z ^[[36;1m^[[0m
Test on deno (macos-latest)	Run Deno tests	2026-09-16T05:24:09.7363700Z ^[[36;1m  if [ "$attempt" = "3" ]; then^[[0m
Test on deno (macos-latest)	Run Deno tests	2026-09-16T05:24:09.7364020Z ^[[36;1m    exit "$status"^[[0m
Test on deno (macos-latest)	Run Deno tests	2026-09-16T05:24:09.7364250Z ^[[36;1m  fi^[[0m
Test on deno (macos-latest)	Run Deno tests	2026-09-16T05:24:09.7364500Z ^[[36;1m^[[0m
Test on deno (macos-latest)	Run Deno tests	2026-09-16T05:24:09.7364820Z ^[[36;1m  echo "Deno tests failed on attempt ${attempt}/3; retrying after a short delay."^[[0m
Test on deno (macos-latest)	Run Deno tests	2026-09-16T05:24:09.7365270Z ^[[36;1m  sleep $((attempt * 15))^[[0m
Test on deno (macos-latest)	Run Deno tests	2026-09-16T05:24:09.7365510Z ^[[36;1mdone^[[0m
Test on deno (macos-latest)	Run Deno tests	2026-09-16T05:24:09.7401090Z shell: /bin/bash -e {0}
Test on deno (macos-latest)	Run Deno tests	2026-09-16T05:24:09.7401380Z ##[endgroup]
Test on deno (macos-latest)	Run Deno tests	2026-09-16T05:24:09.9378270Z ^[[0m^[[32mDownload^[[0m https://deno.land/std@0.224.0/expect/mod.ts
Test on deno (macos-latest)	Run Deno tests	2026-09-16T05:24:09.9449340Z ^[[0m^[[32mDownload^[[0m https://deno.land/std@0.224.0/testing/bdd.ts
Test on deno (macos-latest)	Run Deno tests	2026-09-16T05:24:10.0956140Z ^[[0m^[[32mDownload^[[0m https://deno.land/std@0.224.0/expect/expect.ts
Test on deno (macos-latest)	Run Deno tests	2026-09-16T05:24:10.0972400Z ^[[0m^[[32mDownload^[[0m https://deno.land/std@0.224.0/expect/fn.ts
Test on deno (macos-latest)	Run Deno tests	2026-09-16T05:24:10.0973390Z ^[[0m^[[32mDownload^[[0m https://deno.land/std@0.224.0/testing/_test_suite.ts
Test on deno (macos-latest)	Run Deno tests	2026-09-16T05:24:10.1152400Z ^[[0m^[[32mDownload^[[0m https://deno.land/std@0.224.0/expect/_types.ts
Test on deno (macos-latest)	Run Deno tests	2026-09-16T05:24:10.1153250Z ^[[0m^[[32mDownload^[[0m https://deno.land/std@0.224.0/assert/assertion_error.ts
Test on deno (macos-latest)	Run Deno tests	2026-09-16T05:24:10.1154040Z ^[[0m^[[32mDownload^[[0m https://deno.land/std@0.224.0/expect/_custom_equality_tester.ts
Test on deno (macos-latest)	Run Deno tests	2026-09-16T05:24:10.1154770Z ^[[0m^[[32mDownload^[[0m https://deno.land/std@0.224.0/expect/_equal.ts
Test on deno (macos-latest)	Run Deno tests	2026-09-16T05:24:10.1155290Z ^[[0m^[[32mDownload^[[0m https://deno.land/std@0.224.0/expect/_extend.ts
Test on deno (macos-latest)	Run Deno tests	2026-09-16T05:24:10.1155800Z ^[[0m^[[32mDownload^[[0m https://deno.land/std@0.224.0/expect/_matchers.ts
Test on deno (macos-latest)	Run Deno tests	2026-09-16T05:24:10.1156530Z ^[[0m^[[32mDownload^[[0m https://deno.land/std@0.224.0/expect/_snapshot_serializer.ts
Test on deno (macos-latest)	Run Deno tests	2026-09-16T05:24:10.1157110Z ^[[0m^[[32mDownload^[[0m https://deno.land/std@0.224.0/expect/_utils.ts
Test on deno (macos-latest)	Run Deno tests	2026-09-16T05:24:10.1157620Z ^[[0m^[[32mDownload^[[0m https://deno.land/std@0.224.0/expect/_asymmetric_matchers.ts
Test on deno (macos-latest)	Run Deno tests	2026-09-16T05:24:10.1158130Z ^[[0m^[[32mDownload^[[0m https://deno.land/std@0.224.0/expect/_mock_util.ts
Test on deno (macos-latest)	Run Deno tests	2026-09-16T05:24:10.1697650Z ^[[0m^[[32mDownload^[[0m https://deno.land/std@0.224.0/assert/assert_not_strict_equals.ts
Test on deno (macos-latest)	Run Deno tests	2026-09-16T05:24:10.1698530Z ^[[0m^[[32mDownload^[[0m https://deno.land/std@0.224.0/assert/assert_strict_equals.ts
Test on deno (macos-latest)	Run Deno tests	2026-09-16T05:24:10.1699350Z ^[[0m^[[32mDownload^[[0m https://deno.land/std@0.224.0/assert/assert_instance_of.ts
Test on deno (macos-latest)	Run Deno tests	2026-09-16T05:24:10.1700030Z ^[[0m^[[32mDownload^[[0m https://deno.land/std@0.224.0/assert/assert_is_error.ts
Test on deno (macos-latest)	Run Deno tests	2026-09-16T05:24:10.1700720Z ^[[0m^[[32mDownload^[[0m https://deno.land/std@0.224.0/assert/assert_not_instance_of.ts
Test on deno (macos-latest)	Run Deno tests	2026-09-16T05:24:10.1701590Z ^[[0m^[[32mDownload^[[0m https://deno.land/std@0.224.0/assert/assert_match.ts
Test on deno (macos-latest)	Run Deno tests	2026-09-16T05:24:10.1702270Z ^[[0m^[[32mDownload^[[0m https://deno.land/std@0.224.0/assert/assert_object_match.ts
Test on deno (macos-latest)	Run Deno tests	2026-09-16T05:24:10.1702840Z ^[[0m^[[32mDownload^[[0m https://deno.land/std@0.224.0/assert/assert_not_match.ts
Test on deno (macos-latest)	Run Deno tests	2026-09-16T05:24:10.1703450Z ^[[0m^[[32mDownload^[[0m https://deno.land/std@0.224.0/expect/_assert_equals.ts
Test on deno (macos-latest)	Run Deno tests	2026-09-16T05:24:10.1704510Z ^[[0m^[[32mDownload^[[0m https://deno.land/std@0.224.0/expect/_assert_not_equals.ts
Test on deno (macos-latest)	Run Deno tests	2026-09-16T05:24:10.1705150Z ^[[0m^[[32mDownload^[[0m https://deno.land/std@0.224.0/internal/format.ts
Test on deno (macos-latest)	Run Deno tests	2026-09-16T05:24:10.1705730Z ^[[0m^[[32mDownload^[[0m https://deno.land/std@0.224.0/expect/_inspect_args.ts
Test on deno (macos-latest)	Run Deno tests	2026-09-16T05:24:10.1931000Z ^[[0m^[[32mDownload^[[0m https://deno.land/std@0.224.0/internal/mod.ts
Test on deno (macos-latest)	Run Deno tests	2026-09-16T05:24:10.1931690Z ^[[0m^[[32mDownload^[[0m https://deno.land/std@0.224.0/assert/_constants.ts
Test on deno (macos-latest)	Run Deno tests	2026-09-16T05:24:10.1932270Z ^[[0m^[[32mDownload^[[0m https://deno.land/std@0.224.0/fmt/colors.ts
Test on deno (macos-latest)	Run Deno tests	2026-09-16T05:24:10.1932990Z ^[[0m^[[32mDownload^[[0m https://deno.land/std@0.224.0/assert/assert_false.ts
Test on deno (macos-latest)	Run Deno tests	2026-09-16T05:24:10.1934050Z ^[[0m^[[32mDownload^[[0m https://deno.land/std@0.224.0/assert/assert_equals.ts
Test on deno (macos-latest)	Run Deno tests	2026-09-16T05:24:10.1934710Z ^[[0m^[[32mDownload^[[0m https://deno.land/std@0.224.0/expect/_build_message.ts
Test on deno (macos-latest)	Run Deno tests	2026-09-16T05:24:10.2122430Z ^[[0m^[[32mDownload^[[0m https://deno.land/std@0.224.0/internal/diff.ts
Test on deno (macos-latest)	Run Deno tests	2026-09-16T05:24:10.2138080Z ^[[0m^[[32mDownload^[[0m https://deno.land/std@0.224.0/assert/equal.ts
Test on deno (macos-latest)	Run Deno tests	2026-09-16T05:24:10.2138750Z ^[[0m^[[32mDownload^[[0m https://deno.land/std@0.224.0/expect/_constants.ts
Test on deno (macos-latest)	Run Deno tests	2026-09-16T05:24:10.2502380Z ^[[0m^[[32mCheck^[[0m tests/builtin-browser.test.mjs
Test on deno (macos-latest)	Run Deno tests	2026-09-16T05:24:10.2503010Z ^[[0m^[[32mCheck^[[0m tests/builtin-errors.test.mjs
Test on deno (macos-latest)	Run Deno tests	2026-09-16T05:24:10.2503610Z ^[[0m^[[32mCheck^[[0m tests/builtin-nodejs.test.mjs
Test on deno (macos-latest)	Run Deno tests	2026-09-16T05:24:10.2504210Z ^[[0m^[[32mCheck^[[0m tests/builtin-universal.test.mjs
Test on deno (macos-latest)	Run Deno tests	2026-09-16T05:24:10.2504800Z ^[[0m^[[32mCheck^[[0m tests/command-stream.test.mjs
Test on deno (macos-latest)	Run Deno tests	2026-09-16T05:24:10.2505420Z ^[[0m^[[32mCheck^[[0m tests/deno-support.test.mjs
Test on deno (macos-latest)	Run Deno tests	2026-09-16T05:24:10.2505990Z ^[[0m^[[32mCheck^[[0m tests/dynamic-builtins.test.mjs
Test on deno (macos-latest)	Run Deno tests	2026-09-16T05:24:10.2506580Z ^[[0m^[[32mCheck^[[0m tests/esm-sh-polyfill-browser.test.mjs
Test on deno (macos-latest)	Run Deno tests	2026-09-16T05:24:10.2507090Z ^[[0m^[[32mCheck^[[0m tests/fallback.test.mjs
Test on deno (macos-latest)	Run Deno tests	2026-09-16T05:24:10.2507610Z ^[[0m^[[32mCheck^[[0m tests/filename.test.mjs
Test on deno (macos-latest)	Run Deno tests	2026-09-16T05:24:10.2508300Z ^[[0m^[[32mCheck^[[0m tests/fs-promises.test.mjs
Test on deno (macos-latest)	Run Deno tests	2026-09-16T05:24:10.2508890Z ^[[0m^[[32mCheck^[[0m tests/get-script-url.test.mjs
Test on deno (macos-latest)	Run Deno tests	2026-09-16T05:24:10.2509520Z ^[[0m^[[32mCheck^[[0m tests/import.test.mjs
Test on deno (macos-latest)	Run Deno tests	2026-09-16T05:24:10.2510020Z ^[[0m^[[32mCheck^[[0m tests/load.test.mjs
Test on deno (macos-latest)	Run Deno tests	2026-09-16T05:24:10.2510480Z ^[[0m^[[32mCheck^[[0m tests/loader.test.mjs
Test on deno (macos-latest)	Run Deno tests	2026-09-16T05:24:10.2511050Z ^[[0m^[[32mCheck^[[0m tests/lodash.test.mjs
Test on deno (macos-latest)	Run Deno tests	2026-09-16T05:24:10.2511640Z ^[[0m^[[32mCheck^[[0m tests/module-specifier.test.mjs
Test on deno (macos-latest)	Run Deno tests	2026-09-16T05:24:10.2512270Z ^[[0m^[[32mCheck^[[0m tests/network-imports.test.mjs
Test on deno (macos-latest)	Run Deno tests	2026-09-16T05:24:10.2512960Z ^[[0m^[[32mCheck^[[0m tests/npm-global-prefix.test.mjs
Test on deno (macos-latest)	Run Deno tests	2026-09-16T05:24:10.2513530Z ^[[0m^[[32mCheck^[[0m tests/relative-paths-browser.test.mjs
Test on deno (macos-latest)	Run Deno tests	2026-09-16T05:24:10.2514190Z ^[[0m^[[32mCheck^[[0m tests/relative-paths.integration.test.mjs
Test on deno (macos-latest)	Run Deno tests	2026-09-16T05:24:10.2514920Z ^[[0m^[[32mCheck^[[0m tests/relative-paths.test.mjs
Test on deno (macos-latest)	Run Deno tests	2026-09-16T05:24:10.2515590Z ^[[0m^[[32mCheck^[[0m tests/release-workflow-policy.test.mjs
Test on deno (macos-latest)	Run Deno tests	2026-09-16T05:24:10.2516170Z ^[[0m^[[32mCheck^[[0m tests/resolvers.test.mjs
Test on deno (macos-latest)	Run Deno tests	2026-09-16T05:24:10.2516720Z ^[[0m^[[32mCheck^[[0m tests/root-entries.test.mjs
Test on deno (macos-latest)	Run Deno tests	2026-09-16T05:24:10.2517230Z ^[[0m^[[32mCheck^[[0m tests/script-sync.test.mjs
Test on deno (macos-latest)	Run Deno tests	2026-09-16T05:24:10.2517660Z ^[[0m^[[32mCheck^[[0m tests/typescript.test.mjs
Test on deno (macos-latest)	Run Deno tests	2026-09-16T05:24:10.2518090Z ^[[0m^[[32mCheck^[[0m tests/use.test.mjs
Test on deno (macos-latest)	Run Deno tests	2026-09-16T05:24:11.1176670Z ^[[0m^[[38;5;245mrunning 1 test from ./tests/builtin-browser.test.mjs^[[0m
Test on deno (macos-latest)	Run Deno tests	2026-09-16T05:24:11.1184410Z [mjs module] Universal built-in modules in browser ...
Test on deno (macos-latest)	Run Deno tests	2026-09-16T05:24:11.1185270Z   Browser tests are skipped in Deno environment ... ^[[0m^[[33mignored^[[0m ^[[0m^[[38;5;245m(0ms)^[[0m
Test on deno (macos-latest)	Run Deno tests	2026-09-16T05:24:11.1186240Z [mjs module] Universal built-in modules in browser ... ^[[0m^[[32mok^[[0m ^[[0m^[[38;5;245m(699µs)^[[0m
Test on deno (macos-latest)	Run Deno tests	2026-09-16T05:24:11.1480160Z ^[[0m^[[38;5;245mrunning 1 test from ./tests/builtin-errors.test.mjs^[[0m
Test on deno (macos-latest)	Run Deno tests	2026-09-16T05:24:11.1491420Z [mjs module] Built-in module error handling ...
Test on deno (macos-latest)	Run Deno tests	2026-09-16T05:24:11.1639070Z   [mjs module] should return null for non-builtin modules from builtin resolver ... ^[[0m^[[32mok^[[0m ^[[0m^[[38;5;245m(15ms)^[[0m
Test on deno (macos-latest)	Run Deno tests	2026-09-16T05:24:11.1646250Z   [mjs module] should throw error for unsupported builtin modules ... ^[[0m^[[32mok^[[0m ^[[0m^[[38;5;245m(0ms)^[[0m
Test on deno (macos-latest)	Run Deno tests	2026-09-16T05:24:11.1693980Z   [mjs module] should handle modules not available in browser environment ... ^[[0m^[[32mok^[[0m ^[[0m^[[38;5;245m(5ms)^[[0m
Test on deno (macos-latest)	Run Deno tests	2026-09-16T05:24:11.1711100Z ^[[0m^[[32mDownload^[[0m https://esm.sh/URL@latest
Test on deno (macos-latest)	Run Deno tests	2026-09-16T05:24:11.2301780Z   [mjs module] should only work with exact lowercase module names ... ^[[0m^[[32mok^[[0m ^[[0m^[[38;5;245m(60ms)^[[0m
Test on deno (macos-latest)	Run Deno tests	2026-09-16T05:24:11.2355070Z   [mjs module] should handle node: prefix removal correctly ... ^[[0m^[[32mok^[[0m ^[[0m^[[38;5;245m(5ms)^[[0m
Test on deno (macos-latest)	Run Deno tests	2026-09-16T05:24:11.2356760Z   [mjs module] should throw meaningful errors for import failures ... ^[[0m^[[32mok^[[0m ^[[0m^[[38;5;245m(0ms)^[[0m
Test on deno (macos-latest)	Run Deno tests	2026-09-16T05:24:11.2360170Z   [mjs module] builtin resolver should handle empty/invalid module specifiers gracefully ... ^[[0m^[[32mok^[[0m ^[[0m^[[38;5;245m(0ms)^[[0m
Test on deno (macos-latest)	Run Deno tests	2026-09-16T05:24:11.2362450Z   [mjs module] should handle modules with special characters in names ... ^[[0m^[[32mok^[[0m ^[[0m^[[38;5;245m(1ms)^[[0m
Test on deno (macos-latest)	Run Deno tests	2026-09-16T05:24:11.2449270Z [mjs module] Built-in module error handling ... ^[[0m^[[32mok^[[0m ^[[0m^[[38;5;245m(96ms)^[[0m
Test on deno (macos-latest)	Run Deno tests	2026-09-16T05:24:11.2736700Z ^[[0m^[[38;5;245mrunning 1 test from ./tests/builtin-nodejs.test.mjs^[[0m
Test on deno (macos-latest)	Run Deno tests	2026-09-16T05:24:11.2742450Z [mjs module] Node.js/Bun-only built-in modules ...
Test on deno (macos-latest)	Run Deno tests	2026-09-16T05:24:11.2984750Z   [mjs module] fs module should work ... ^[[0m^[[32mok^[[0m ^[[0m^[[38;5;245m(24ms)^[[0m
Test on deno (macos-latest)	Run Deno tests	2026-09-16T05:24:11.2991050Z   [mjs module] path module should work ... ^[[0m^[[32mok^[[0m ^[[0m^[[38;5;245m(0ms)^[[0m
Test on deno (macos-latest)	Run Deno tests	2026-09-16T05:24:11.3007140Z   [mjs module] os module should work ... ^[[0m^[[32mok^[[0m ^[[0m^[[38;5;245m(1ms)^[[0m
Test on deno (macos-latest)	Run Deno tests	2026-09-16T05:24:11.3036380Z   [mjs module] util module should work ... ^[[0m^[[32mok^[[0m ^[[0m^[[38;5;245m(3ms)^[[0m
Test on deno (macos-latest)	Run Deno tests	2026-09-16T05:24:11.3040890Z   [mjs module] events module should work ... ^[[0m^[[32mok^[[0m ^[[0m^[[38;5;245m(0ms)^[[0m
Test on deno (macos-latest)	Run Deno tests	2026-09-16T05:24:11.3044330Z   [mjs module] stream module should work ... ^[[0m^[[32mok^[[0m ^[[0m^[[38;5;245m(0ms)^[[0m
Test on deno (macos-latest)	Run Deno tests	2026-09-16T05:24:11.3053740Z   [mjs module] buffer module should work ... ^[[0m^[[32mok^[[0m ^[[0m^[[38;5;245m(1ms)^[[0m
Test on deno (macos-latest)	Run Deno tests	2026-09-16T05:24:11.3057030Z   [mjs module] process module should work ... ^[[0m^[[32mok^[[0m ^[[0m^[[38;5;245m(0ms)^[[0m
Test on deno (macos-latest)	Run Deno tests	2026-09-16T05:24:11.3084340Z   [mjs module] child_process module should work ... ^[[0m^[[32mok^[[0m ^[[0m^[[38;5;245m(2ms)^[[0m
Test on deno (macos-latest)	Run Deno tests	2026-09-16T05:24:11.3133220Z   [mjs module] http module should work ... ^[[0m^[[32mok^[[0m ^[[0m^[[38;5;245m(5ms)^[[0m
Test on deno (macos-latest)	Run Deno tests	2026-09-16T05:24:11.3153510Z   [mjs module] https module should work ... ^[[0m^[[32mok^[[0m ^[[0m^[[38;5;245m(2ms)^[[0m
Test on deno (macos-latest)	Run Deno tests	2026-09-16T05:24:11.3156510Z   [mjs module] net module should work ... ^[[0m^[[32mok^[[0m ^[[0m^[[38;5;245m(0ms)^[[0m
Test on deno (macos-latest)	Run Deno tests	2026-09-16T05:24:11.3160150Z   [mjs module] dns module should work ... ^[[0m^[[32mok^[[0m ^[[0m^[[38;5;245m(0ms)^[[0m
Test on deno (macos-latest)	Run Deno tests	2026-09-16T05:24:11.3176890Z   [mjs module] zlib module should work ... ^[[0m^[[32mok^[[0m ^[[0m^[[38;5;245m(2ms)^[[0m
Test on deno (macos-latest)	Run Deno tests	2026-09-16T05:24:11.3182430Z   [mjs module] querystring module should work ... ^[[0m^[[32mok^[[0m ^[[0m^[[38;5;245m(1ms)^[[0m
Test on deno (macos-latest)	Run Deno tests	2026-09-16T05:24:11.3198600Z   [mjs module] assert module should work ... ^[[0m^[[32mok^[[0m ^[[0m^[[38;5;245m(1ms)^[[0m
Test on deno (macos-latest)	Run Deno tests	2026-09-16T05:24:11.3203900Z   [mjs module] all modules should work with node: prefix ... ^[[0m^[[32mok^[[0m ^[[0m^[[38;5;245m(1ms)^[[0m
Test on deno (macos-latest)	Run Deno tests	2026-09-16T05:24:11.3208810Z [mjs module] Node.js/Bun-only built-in modules ... ^[[0m^[[32mok^[[0m ^[[0m^[[38;5;245m(47ms)^[[0m
Test on deno (macos-latest)	Run Deno tests	2026-09-16T05:24:11.3483250Z ^[[0m^[[38;5;245mrunning 1 test from ./tests/builtin-universal.test.mjs^[[0m
Test on deno (macos-latest)	Run Deno tests	2026-09-16T05:24:11.3489130Z [mjs module] Universal built-in modules (work in all environments) ...
Test on deno (macos-latest)	Run Deno tests	2026-09-16T05:24:11.3640010Z   [mjs module] console module should work ... ^[[0m^[[32mok^[[0m ^[[0m^[[38;5;245m(15ms)^[[0m
Test on deno (macos-latest)	Run Deno tests	2026-09-16T05:24:11.3700410Z   [mjs module] crypto module should work ... ^[[0m^[[32mok^[[0m ^[[0m^[[38;5;245m(6ms)^[[0m
Test on deno (macos-latest)	Run Deno tests	2026-09-16T05:24:11.3706590Z   [mjs module] url module should work ... ^[[0m^[[32mok^[[0m ^[[0m^[[38;5;245m(1ms)^[[0m
Test on deno (macos-latest)	Run Deno tests	2026-09-16T05:24:11.3713790Z   [mjs module] performance module should work ... ^[[0m^[[32mok^[[0m ^[[0m^[[38;5;245m(1ms)^[[0m
Test on deno (macos-latest)	Run Deno tests	2026-09-16T05:24:11.3721490Z   [mjs module] modules should work with node: prefix ... ^[[0m^[[32mok^[[0m ^[[0m^[[38;5;245m(1ms)^[[0m
Test on deno (macos-latest)	Run Deno tests	2026-09-16T05:24:11.3778710Z [mjs module] Universal built-in modules (work in all environments) ... ^[[0m^[[32mok^[[0m ^[[0m^[[38;5;245m(29ms)^[[0m
Test on deno (macos-latest)	Run Deno tests	2026-09-16T05:24:11.4054210Z ^[[0m^[[38;5;245mrunning 1 test from ./tests/command-stream.test.mjs^[[0m
Test on deno (macos-latest)	Run Deno tests	2026-09-16T05:24:11.4060310Z [mjs module] command-stream module import ...
Test on deno (macos-latest)	Run Deno tests	2026-09-16T05:24:11.4218120Z ^[[0m^[[32mDownload^[[0m https://esm.sh/command-stream@0.0.5
Test on deno (macos-latest)	Run Deno tests	2026-09-16T05:24:11.4451360Z ^[[0m^[[32mDownload^[[0m https://esm.sh/command-stream@0.0.5/denonext/command-stream.mjs
Test on deno (macos-latest)	Run Deno tests	2026-09-16T05:24:11.4798760Z   [mjs module] Direct ESM Import ... ^[[0m^[[32mok^[[0m ^[[0m^[[38;5;245m(74ms)^[[0m
Test on deno (macos-latest)	Run Deno tests	2026-09-16T05:24:11.4849970Z   [mjs module] Dynamic ESM Import of CJS ... ^[[0m^[[32mok^[[0m ^[[0m^[[38;5;245m(4ms)^[[0m
Test on deno (macos-latest)	Run Deno tests	2026-09-16T05:24:11.4853410Z   [mjs module] Dynamic ESM Import of MJS ... ^[[0m^[[32mok^[[0m ^[[0m^[[38;5;245m(1ms)^[[0m
Test on deno (macos-latest)	Run Deno tests	2026-09-16T05:24:11.4912040Z [mjs module] command-stream module import ... ^[[0m^[[32mok^[[0m ^[[0m^[[38;5;245m(85ms)^[[0m
Test on deno (macos-latest)	Run Deno tests	2026-09-16T05:24:11.5194500Z ^[[0m^[[38;5;245mrunning 1 test from ./tests/deno-support.test.mjs^[[0m
Test on deno (macos-latest)	Run Deno tests	2026-09-16T05:24:11.5200050Z [mjs module] Deno support ...
Test on deno (macos-latest)	Run Deno tests	2026-09-16T05:24:11.5204700Z   [mjs module] Deno resolver should resolve npm packages to esm.sh ... ^[[0m^[[32mok^[[0m ^[[0m^[[38;5;245m(1ms)^[[0m
Test on deno (macos-latest)	Run Deno tests	2026-09-16T05:24:11.5209510Z   [mjs module] Deno resolver should handle scoped packages ... ^[[0m^[[32mok^[[0m ^[[0m^[[38;5;245m(0ms)^[[0m
Test on deno (macos-latest)	Run Deno tests	2026-09-16T05:24:11.5210820Z   [mjs module] Deno resolver should handle module paths ... ^[[0m^[[32mok^[[0m ^[[0m^[[38;5;245m(0ms)^[[0m
Test on deno (macos-latest)	Run Deno tests	2026-09-16T05:24:11.5211930Z   [mjs module] Deno resolver should handle latest version ... ^[[0m^[[32mok^[[0m ^[[0m^[[38;5;245m(0ms)^[[0m
Test on deno (macos-latest)	Run Deno tests	2026-09-16T05:24:11.5348150Z   [mjs module] makeUse should detect Deno runtime when Deno global is present ... ^[[0m^[[32mok^[[0m ^[[0m^[[38;5;245m(13ms)^[[0m
Test on deno (macos-latest)	Run Deno tests	2026-09-16T05:24:11.5349540Z   [mjs module] Deno resolver should work with complex package names ... ^[[0m^[[32mok^[[0m ^[[0m^[[38;5;245m(0ms)^[[0m
Test on deno (macos-latest)	Run Deno tests	2026-09-16T05:24:11.5350680Z   [mjs module] Deno resolver should handle packages without versions ... ^[[0m^[[32mok^[[0m ^[[0m^[[38;5;245m(0ms)^[[0m
Test on deno (macos-latest)	Run Deno tests	2026-09-16T05:24:11.5352120Z   [mjs module] makeUse with explicit deno resolver ... ^[[0m^[[32mok^[[0m ^[[0m^[[38;5;245m(0ms)^[[0m
Test on deno (macos-latest)	Run Deno tests	2026-09-16T05:24:11.5440010Z [mjs module] Deno support ... ^[[0m^[[32mok^[[0m ^[[0m^[[38;5;245m(24ms)^[[0m
Test on deno (macos-latest)	Run Deno tests	2026-09-16T05:24:11.6035340Z ^[[0m^[[38;5;245mrunning 1 test from ./tests/dynamic-builtins.test.mjs^[[0m
Test on deno (macos-latest)	Run Deno tests	2026-09-16T05:24:11.6080190Z [mjs module] Dynamic built-in module detection ...
Test on deno (macos-latest)	Run Deno tests	2026-09-16T05:24:11.6349600Z   [mjs module] tty module should work (dynamically detected) ... ^[[0m^[[32mok^[[0m ^[[0m^[[38;5;245m(8ms)^[[0m
Test on deno (macos-latest)	Run Deno tests	2026-09-16T05:24:11.6751890Z   [mjs module] cluster module should work (dynamically detected) ... ^[[0m^[[32mok^[[0m ^[[0m^[[38;5;245m(1ms)^[[0m
Test on deno (macos-latest)	Run Deno tests	2026-09-16T05:24:11.7254470Z   [mjs module] readline module should work (dynamically detected) ... ^[[0m^[[32mok^[[0m ^[[0m^[[38;5;245m(1ms)^[[0m
Test on deno (macos-latest)	Run Deno tests	2026-09-16T05:24:11.7657380Z   [mjs module] string_decoder module should work (dynamically detected) ... ^[[0m^[[32mok^[[0m ^[[0m^[[38;5;245m(1ms)^[[0m
Test on deno (macos-latest)	Run Deno tests	2026-09-16T05:24:11.8063230Z   [mjs module] timers module should work (dynamically detected) ... ^[[0m^[[32mok^[[0m ^[[0m^[[38;5;245m(1ms)^[[0m
Test on deno (macos-latest)	Run Deno tests	2026-09-16T05:24:11.8437230Z   [mjs module] worker_threads module should work (dynamically detected) ... ^[[0m^[[32mok^[[0m ^[[0m^[[38;5;245m(1ms)^[[0m
Test on deno (macos-latest)	Run Deno tests	2026-09-16T05:24:11.8553380Z   [mjs module] vm module should work (dynamically detected) ... ^[[0m^[[32mok^[[0m ^[[0m^[[38;5;245m(1ms)^[[0m
Test on deno (macos-latest)	Run Deno tests	2026-09-16T05:24:11.8651480Z   [mjs module] node:tty should work with prefix ... ^[[0m^[[32mok^[[0m ^[[0m^[[38;5;245m(0ms)^[[0m
Test on deno (macos-latest)	Run Deno tests	2026-09-16T05:24:11.8756170Z   [mjs module] subpath built-ins should work (dns/promises, stream/promises) ... ^[[0m^[[32mok^[[0m ^[[0m^[[38;5;245m(0ms)^[[0m
Test on deno (macos-latest)	Run Deno tests	2026-09-16T05:24:11.9039560Z   [mjs module] every built-in reported by node:module should be claimed by the builtin resolver ... ^[[0m^[[32mok^[[0m ^[[0m^[[38;5;245m(25ms)^[[0m
Test on deno (macos-latest)	Run Deno tests	2026-09-16T05:24:11.9040700Z   [mjs module] prefix-only built-ins should not shadow npm packages of the same name ... ^[[0m^[[32mok^[[0m ^[[0m^[[38;5;245m(0ms)^[[0m
Test on deno (macos-latest)	Run Deno tests	2026-09-16T05:24:11.9041660Z   [mjs module] unknown module names should not be claimed as built-ins ... ^[[0m^[[32mok^[[0m ^[[0m^[[38;5;245m(0ms)^[[0m
Test on deno (macos-latest)	Run Deno tests	2026-09-16T05:24:11.9046430Z [mjs module] Dynamic built-in module detection ... ^[[0m^[[32mok^[[0m ^[[0m^[[38;5;245m(301ms)^[[0m
Test on deno (macos-latest)	Run Deno tests	2026-09-16T05:24:11.9547110Z ^[[0m^[[38;5;245mrunning 1 test from ./tests/esm-sh-polyfill-browser.test.mjs^[[0m
Test on deno (macos-latest)	Run Deno tests	2026-09-16T05:24:11.9551850Z [mjs module] esm.sh browser polyfill handling ...
Test on deno (macos-latest)	Run Deno tests	2026-09-16T05:24:11.9553100Z   Browser tests are skipped in Deno environment ... ^[[0m^[[33mignored^[[0m ^[[0m^[[38;5;245m(0ms)^[[0m
Test on deno (macos-latest)	Run Deno tests	2026-09-16T05:24:11.9553950Z [mjs module] esm.sh browser polyfill handling ... ^[[0m^[[32mok^[[0m ^[[0m^[[38;5;245m(635µs)^[[0m
Test on deno (macos-latest)	Run Deno tests	2026-09-16T05:24:11.9866290Z ^[[0m^[[38;5;245mrunning 2 tests from ./tests/fallback.test.mjs^[[0m
Test on deno (macos-latest)	Run Deno tests	2026-09-16T05:24:11.9873740Z [mjs module] loadWithFallback (shared engine) ...
Test on deno (macos-latest)	Run Deno tests	2026-09-16T05:24:11.9909140Z   [mjs module] returns the first source's result without trying later ones ... ^[[0m^[[32mok^[[0m ^[[0m^[[38;5;245m(1ms)^[[0m
Test on deno (macos-latest)	Run Deno tests	2026-09-16T05:24:11.9914640Z   [mjs module] falls back to a later source when earlier ones fail ... ^[[0m^[[32mok^[[0m ^[[0m^[[38;5;245m(0ms)^[[0m
Test on deno (macos-latest)	Run Deno tests	2026-09-16T05:24:11.9919740Z   [mjs module] retries a flaky source before succeeding ... ^[[0m^[[32mok^[[0m ^[[0m^[[38;5;245m(0ms)^[[0m
Test on deno (macos-latest)	Run Deno tests	2026-09-16T05:24:11.9924170Z   [mjs module] throws ONE aggregated error listing every attempt ... ^[[0m^[[32mok^[[0m ^[[0m^[[38;5;245m(0ms)^[[0m
Test on deno (macos-latest)	Run Deno tests	2026-09-16T05:24:11.9928430Z   [mjs module] rejects empty or non-array sources ... ^[[0m^[[32mok^[[0m ^[[0m^[[38;5;245m(0ms)^[[0m
Test on deno (macos-latest)	Run Deno tests	2026-09-16T05:24:11.9929690Z   [mjs module] rejects a missing load function ... ^[[0m^[[32mok^[[0m ^[[0m^[[38;5;245m(0ms)^[[0m
Test on deno (macos-latest)	Run Deno tests	2026-09-16T05:24:11.9932600Z [mjs module] loadWithFallback (shared engine) ... ^[[0m^[[32mok^[[0m ^[[0m^[[38;5;245m(6ms)^[[0m
Test on deno (macos-latest)	Run Deno tests	2026-09-16T05:24:11.9933160Z [mjs module] makeUse per-package CDN fallback ...
Test on deno (macos-latest)	Run Deno tests	2026-09-16T05:24:12.0297530Z   [mjs module] falls back to the next mirror when one import fails ... ^[[0m^[[32mok^[[0m ^[[0m^[[38;5;245m(16ms)^[[0m
Test on deno (macos-latest)	Run Deno tests	2026-09-16T05:24:12.0800020Z   [mjs module] throws a clear aggregated error when every mirror fails ... ^[[0m^[[32mok^[[0m ^[[0m^[[38;5;245m(1ms)^[[0m
Test on deno (macos-latest)	Run Deno tests	2026-09-16T05:24:12.1060550Z   [mjs module] a single explicit resolver imports directly with its raw error (no aggregation) ... ^[[0m^[[32mok^[[0m ^[[0m^[[38;5;245m(1ms)^[[0m
Test on deno (macos-latest)	Run Deno tests	2026-09-16T05:24:12.1185260Z   [mjs module] a single-entry specifierResolvers chain also imports directly ... ^[[0m^[[32mok^[[0m ^[[0m^[[38;5;245m(0ms)^[[0m
Test on deno (macos-latest)	Run Deno tests	2026-09-16T05:24:12.1322770Z   [mjs module] exposes the default mirror chains ... ^[[0m^[[32mok^[[0m ^[[0m^[[38;5;245m(0ms)^[[0m
Test on deno (macos-latest)	Run Deno tests	2026-09-16T05:24:12.1666130Z [mjs module] makeUse per-package CDN fallback ... ^[[0m^[[32mok^[[0m ^[[0m^[[38;5;245m(170ms)^[[0m
Test on deno (macos-latest)	Run Deno tests	2026-09-16T05:24:12.2140100Z ^[[0m^[[38;5;245mrunning 3 tests from ./tests/filename.test.mjs^[[0m
Test on deno (macos-latest)	Run Deno tests	2026-09-16T05:24:12.2145280Z [mjs module] scriptPath detection in ESM (functional) ...
Test on deno (macos-latest)	Run Deno tests	2026-09-16T05:24:12.2248650Z   [mjs module] default pathResolver resolves modules relative to use.mjs ... ^[[0m^[[32mok^[[0m ^[[0m^[[38;5;245m(10ms)^[[0m
Test on deno (macos-latest)	Run Deno tests	2026-09-16T05:24:12.2255800Z   [mjs module] override scriptPath resolves relative to provided path ... ^[[0m^[[32mok^[[0m ^[[0m^[[38;5;245m(1ms)^[[0m
Test on deno (macos-latest)	Run Deno tests	2026-09-16T05:24:12.2365070Z [mjs module] scriptPath detection in ESM (functional) ... ^[[0m^[[32mok^[[0m ^[[0m^[[38;5;245m(22ms)^[[0m
Test on deno (macos-latest)	Run Deno tests	2026-09-16T05:24:12.2365710Z [mjs module] scriptPath detection in ESM (createRequire fallback) ...
Test on deno (macos-latest)	Run Deno tests	2026-09-16T05:24:12.2369270Z   [mjs module] fallback default resolves modules relative to use.mjs ... ^[[0m^[[32mok^[[0m ^[[0m^[[38;5;245m(0ms)^[[0m
Test on deno (macos-latest)	Run Deno tests	2026-09-16T05:24:12.2373150Z   [mjs module] fallback explicit scriptPath resolves relative to provided path ... ^[[0m^[[32mok^[[0m ^[[0m^[[38;5;245m(1ms)^[[0m
Test on deno (macos-latest)	Run Deno tests	2026-09-16T05:24:12.2377030Z   [mjs module] fallback meta override changes pathResolver behavior in ESM ... ^[[0m^[[32mok^[[0m ^[[0m^[[38;5;245m(0ms)^[[0m
Test on deno (macos-latest)	Run Deno tests	2026-09-16T05:24:12.2378240Z [mjs module] scriptPath detection in ESM (createRequire fallback) ... ^[[0m^[[32mok^[[0m ^[[0m^[[38;5;245m(1ms)^[[0m
Test on deno (macos-latest)	Run Deno tests	2026-09-16T05:24:12.2378860Z [mjs module] scriptPath detection in ESM (meta URL) ...
Test on deno (macos-latest)	Run Deno tests	2026-09-16T05:24:12.2382060Z   [mjs module] meta override resolves modules relative to provided meta URL (use.js) ... ^[[0m^[[32mok^[[0m ^[[0m^[[38;5;245m(1ms)^[[0m
Test on deno (macos-latest)	Run Deno tests	2026-09-16T05:24:12.2382890Z [mjs module] scriptPath detection in ESM (meta URL) ... ^[[0m^[[32mok^[[0m ^[[0m^[[38;5;245m(412µs)^[[0m
Test on deno (macos-latest)	Run Deno tests	2026-09-16T05:24:12.2701230Z ^[[0m^[[38;5;245mrunning 1 test from ./tests/fs-promises.test.mjs^[[0m
Test on deno (macos-latest)	Run Deno tests	2026-09-16T05:24:12.2707240Z mjs module fs/promises support ...
Test on deno (macos-latest)	Run Deno tests	2026-09-16T05:24:12.2975410Z   mjs module fs/promises should return promise-based functions ... ^[[0m^[[32mok^[[0m ^[[0m^[[38;5;245m(27ms)^[[0m
Test on deno (macos-latest)	Run Deno tests	2026-09-16T05:24:12.3047850Z   mjs module fs/promises should work functionally ... ^[[0m^[[32mok^[[0m ^[[0m^[[38;5;245m(7ms)^[[0m
Test on deno (macos-latest)	Run Deno tests	2026-09-16T05:24:12.3055480Z   mjs module fs/promises should expose every function the runtime ships ... ^[[0m^[[32mok^[[0m ^[[0m^[[38;5;245m(1ms)^[[0m
Test on deno (macos-latest)	Run Deno tests	2026-09-16T05:24:12.3087250Z   mjs module fs/promises should forward arguments beyond the declared arity ... ^[[0m^[[32mok^[[0m ^[[0m^[[38;5;245m(3ms)^[[0m
Test on deno (macos-latest)	Run Deno tests	2026-09-16T05:24:12.3093490Z   mjs module fs/promises should differ from regular fs ... ^[[0m^[[32mok^[[0m ^[[0m^[[38;5;245m(1ms)^[[0m
Test on deno (macos-latest)	Run Deno tests	2026-09-16T05:24:12.3165160Z mjs module fs/promises support ... ^[[0m^[[32mok^[[0m ^[[0m^[[38;5;245m(46ms)^[[0m
Test on deno (macos-latest)	Run Deno tests	2026-09-16T05:24:12.3454240Z ^[[0m^[[38;5;245mrunning 1 test from ./tests/get-script-url.test.mjs^[[0m
Test on deno (macos-latest)	Run Deno tests	2026-09-16T05:24:12.3469790Z [mjs module] import.meta.url workaround ...
Test on deno (macos-latest)	Run Deno tests	2026-09-16T05:24:12.3541900Z   [mjs module] scriptUrl matches import.meta.url ... ^[[0m^[[32mok^[[0m ^[[0m^[[38;5;245m(9ms)^[[0m
Test on deno (macos-latest)	Run Deno tests	2026-09-16T05:24:12.3554010Z   [mjs module] scriptUrl matches import.meta.url in eval ... ^[[0m^[[32mok^[[0m ^[[0m^[[38;5;245m(0ms)^[[0m
Test on deno (macos-latest)	Run Deno tests	2026-09-16T05:24:12.3554790Z [mjs module] import.meta.url workaround ... ^[[0m^[[32mok^[[0m ^[[0m^[[38;5;245m(10ms)^[[0m
Test on deno (macos-latest)	Run Deno tests	2026-09-16T05:24:12.3846950Z ^[[0m^[[38;5;245mrunning 1 test from ./tests/import.test.mjs^[[0m
Test on deno (macos-latest)	Run Deno tests	2026-09-16T05:24:12.3852870Z [mjs module] dynamic import support ...
Test on deno (macos-latest)	Run Deno tests	2026-09-16T05:24:12.3866570Z   [mjs module] supportsDynamicImport returns true in .mjs file ... ^[[0m^[[32mok^[[0m ^[[0m^[[38;5;245m(1ms)^[[0m
Test on deno (macos-latest)	Run Deno tests	2026-09-16T05:24:12.3867390Z [mjs module] dynamic import support ... ^[[0m^[[32mok^[[0m ^[[0m^[[38;5;245m(1ms)^[[0m
Test on deno (macos-latest)	Run Deno tests	2026-09-16T05:24:12.4413830Z ^[[0m^[[38;5;245mrunning 3 tests from ./tests/load.test.mjs^[[0m
Test on deno (macos-latest)	Run Deno tests	2026-09-16T05:24:12.4418520Z [mjs module] looksLikeUseModule ...
Test on deno (macos-latest)	Run Deno tests	2026-09-16T05:24:12.4464650Z   [mjs module] accepts the real shipped use.js ... ^[[0m^[[32mok^[[0m ^[[0m^[[38;5;245m(5ms)^[[0m
Test on deno (macos-latest)	Run Deno tests	2026-09-16T05:24:12.4470030Z   [mjs module] accepts a long module-like body ... ^[[0m^[[32mok^[[0m ^[[0m^[[38;5;245m(0ms)^[[0m
Test on deno (macos-latest)	Run Deno tests	2026-09-16T05:24:12.4471660Z   [mjs module] rejects common CDN plain-text error bodies ... ^[[0m^[[32mok^[[0m ^[[0m^[[38;5;245m(1ms)^[[0m
Test on deno (macos-latest)	Run Deno tests	2026-09-16T05:24:12.4472830Z   [mjs module] rejects HTML error pages ... ^[[0m^[[32mok^[[0m ^[[0m^[[38;5;245m(0ms)^[[0m
Test on deno (macos-latest)	Run Deno tests	2026-09-16T05:24:12.4474050Z   [mjs module] rejects empty, whitespace, short, and non-string input ... ^[[0m^[[32mok^[[0m ^[[0m^[[38;5;245m(0ms)^[[0m
Test on deno (macos-latest)	Run Deno tests	2026-09-16T05:24:12.4475920Z [mjs module] looksLikeUseModule ... ^[[0m^[[32mok^[[0m ^[[0m^[[38;5;245m(6ms)^[[0m
Test on deno (macos-latest)	Run Deno tests	2026-09-16T05:24:12.4476390Z [mjs module] DEFAULT_SOURCES ...
Test on deno (macos-latest)	Run Deno tests	2026-09-16T05:24:12.4480640Z   [mjs module] lists unpkg, jsDelivr and esm.sh in priority order ... ^[[0m^[[32mok^[[0m ^[[0m^[[38;5;245m(0ms)^[[0m
Test on deno (macos-latest)	Run Deno tests	2026-09-16T05:24:12.4481440Z [mjs module] DEFAULT_SOURCES ... ^[[0m^[[32mok^[[0m ^[[0m^[[38;5;245m(485µs)^[[0m
Test on deno (macos-latest)	Run Deno tests	2026-09-16T05:24:12.4488710Z [mjs module] loadUseM ...
Test on deno (macos-latest)	Run Deno tests	2026-09-16T05:24:12.4489270Z   [mjs module] resolves the use object from the first working source ... ^[[0m^[[32mok^[[0m ^[[0m^[[38;5;245m(0ms)^[[0m
Test on deno (macos-latest)	Run Deno tests	2026-09-16T05:24:12.4499750Z   [mjs module] evaluates the real shipped use.js into a working module ... ^[[0m^[[32mok^[[0m ^[[0m^[[38;5;245m(1ms)^[[0m
Test on deno (macos-latest)	Run Deno tests	2026-09-16T05:24:12.4503140Z   [mjs module] falls back to a later mirror when earlier ones fail ... ^[[0m^[[32mok^[[0m ^[[0m^[[38;5;245m(1ms)^[[0m
Test on deno (macos-latest)	Run Deno tests	2026-09-16T05:24:12.4505920Z   [mjs module] retries a flaky source before succeeding ... ^[[0m^[[32mok^[[0m ^[[0m^[[38;5;245m(0ms)^[[0m
Test on deno (macos-latest)	Run Deno tests	2026-09-16T05:24:12.4509700Z   [mjs module] throws a clear aggregated error (not SyntaxError) when every source fails ... ^[[0m^[[32mok^[[0m ^[[0m^[[38;5;245m(0ms)^[[0m
Test on deno (macos-latest)	Run Deno tests	2026-09-16T05:24:12.4512960Z   [mjs module] surfaces the HTTP status for non-ok responses ... ^[[0m^[[32mok^[[0m ^[[0m^[[38;5;245m(1ms)^[[0m
Test on deno (macos-latest)	Run Deno tests	2026-09-16T05:24:12.4514520Z   [mjs module] rejects when the evaluated module lacks a use function ... ^[[0m^[[32mok^[[0m ^[[0m^[[38;5;245m(0ms)^[[0m
Test on deno (macos-latest)	Run Deno tests	2026-09-16T05:24:12.4516450Z   [mjs module] does not let eval errors from a malformed body escape ... ^[[0m^[[32mok^[[0m ^[[0m^[[38;5;245m(0ms)^[[0m
Test on deno (macos-latest)	Run Deno tests	2026-09-16T05:24:12.4519240Z   [mjs module] reports a clear error when fetch is unavailable ... ^[[0m^[[32mok^[[0m ^[[0m^[[38;5;245m(0ms)^[[0m
Test on deno (macos-latest)	Run Deno tests	2026-09-16T05:24:12.4520620Z   [mjs module] honors a custom evaluate hook ... ^[[0m^[[32mok^[[0m ^[[0m^[[38;5;245m(0ms)^[[0m
Test on deno (macos-latest)	Run Deno tests	2026-09-16T05:24:12.5067460Z   [mjs module] times out a hanging request and reports it ... ^[[0m^[[32mok^[[0m ^[[0m^[[38;5;245m(54ms)^[[0m
Test on deno (macos-latest)	Run Deno tests	2026-09-16T05:24:12.5069880Z [mjs module] loadUseM ... ^[[0m^[[32mok^[[0m ^[[0m^[[38;5;245m(58ms)^[[0m
Test on deno (macos-latest)	Run Deno tests	2026-09-16T05:24:12.5512660Z ^[[0m^[[38;5;245mrunning 1 test from ./tests/loader.test.mjs^[[0m
Test on deno (macos-latest)	Run Deno tests	2026-09-16T05:24:12.5814860Z [mjs module] loader resolve hook ...
Test on deno (macos-latest)	Run Deno tests	2026-09-16T05:24:12.5975370Z   [mjs module] returns the default resolver's result when it succeeds ... ^[[0m^[[32mok^[[0m ^[[0m^[[38;5;245m(1ms)^[[0m
Test on deno (macos-latest)	Run Deno tests	2026-09-16T05:24:13.1783460Z   [mjs module] falls back to the npm resolver when the default resolver throws ... ^[[0m^[[32mok^[[0m ^[[0m^[[38;5;245m(574ms)^[[0m
Test on deno (macos-latest)	Run Deno tests	2026-09-16T05:24:13.5210620Z   [mjs module] surfaces a clear aggregated error when BOTH resolvers fail ... ^[[0m^[[32mok^[[0m ^[[0m^[[38;5;245m(323ms)^[[0m
Test on deno (macos-latest)	Run Deno tests	2026-09-16T05:24:13.5261740Z [mjs module] loader resolve hook ... ^[[0m^[[32mok^[[0m ^[[0m^[[38;5;245m(974ms)^[[0m
Test on deno (macos-latest)	Run Deno tests	2026-09-16T05:24:13.5554900Z ^[[0m^[[38;5;245mrunning 1 test from ./tests/lodash.test.mjs^[[0m
Test on deno (macos-latest)	Run Deno tests	2026-09-16T05:24:13.5560910Z [mjs module] 'lodash' imports tests ...
Test on deno (macos-latest)	Run Deno tests	2026-09-16T05:24:13.5712780Z ^[[0m^[[32mDownload^[[0m https://esm.sh/lodash@latest
Test on deno (macos-latest)	Run Deno tests	2026-09-16T05:24:13.5967800Z ^[[0m^[[32mDownload^[[0m https://esm.sh/lodash@4.18.1
Test on deno (macos-latest)	Run Deno tests	2026-09-16T05:24:13.6122020Z ^[[0m^[[32mDownload^[[0m https://esm.sh/lodash@4.18.1/denonext/lodash.mjs
Test on deno (macos-latest)	Run Deno tests	2026-09-16T05:24:13.6498280Z   [mjs module] npm: lodash ... ^[[0m^[[32mok^[[0m ^[[0m^[[38;5;245m(93ms)^[[0m
Test on deno (macos-latest)	Run Deno tests	2026-09-16T05:24:13.6504080Z   [mjs module] npm: lodash@latest ... ^[[0m^[[32mok^[[0m ^[[0m^[[38;5;245m(1ms)^[[0m
Test on deno (macos-latest)	Run Deno tests	2026-09-16T05:24:13.6506950Z   [mjs module] npm: lodash@ ... ^[[0m^[[32mok^[[0m ^[[0m^[[38;5;245m(0ms)^[[0m
Test on deno (macos-latest)	Run Deno tests	2026-09-16T05:24:13.6512090Z ^[[0m^[[32mDownload^[[0m https://esm.sh/lodash@4.17.21
Test on deno (macos-latest)	Run Deno tests	2026-09-16T05:24:13.6664950Z ^[[0m^[[32mDownload^[[0m https://esm.sh/lodash@4.17.21/denonext/lodash.mjs
Test on deno (macos-latest)	Run Deno tests	2026-09-16T05:24:13.7038820Z   [mjs module] npm: lodash@4.17.21 ... ^[[0m^[[32mok^[[0m ^[[0m^[[38;5;245m(49ms)^[[0m
Test on deno (macos-latest)	Run Deno tests	2026-09-16T05:24:13.7057410Z ^[[0m^[[32mDownload^[[0m https://esm.sh/lodash@4.17.21/add
Test on deno (macos-latest)	Run Deno tests	2026-09-16T05:24:13.7221970Z ^[[0m^[[32mDownload^[[0m https://esm.sh/lodash@4.17.21/denonext/add.mjs
Test on deno (macos-latest)	Run Deno tests	2026-09-16T05:24:13.7464510Z   [mjs module] npm: lodash@4.17.21/add ... ^[[0m^[[32mok^[[0m ^[[0m^[[38;5;245m(42ms)^[[0m
Test on deno (macos-latest)	Run Deno tests	2026-09-16T05:24:13.7469830Z ^[[0m^[[32mDownload^[[0m https://esm.sh/lodash@4.17.21/add.js
Test on deno (macos-latest)	Run Deno tests	2026-09-16T05:24:13.7670740Z   [mjs module] npm: lodash@4.17.21/add.js ... ^[[0m^[[32mok^[[0m ^[[0m^[[38;5;245m(20ms)^[[0m
Test on deno (macos-latest)	Run Deno tests	2026-09-16T05:24:13.7675130Z ^[[0m^[[32mDownload^[[0m https://esm.sh/lodash@4.17.21/not-found.js
Test on deno (macos-latest)	Run Deno tests	2026-09-16T05:24:13.7872360Z   [mjs module] npm: lodash@4.17.21/not-found.js ... ^[[0m^[[32mok^[[0m ^[[0m^[[38;5;245m(20ms)^[[0m
Test on deno (macos-latest)	Run Deno tests	2026-09-16T05:24:13.7970560Z [mjs module] 'lodash' imports tests ... ^[[0m^[[32mok^[[0m ^[[0m^[[38;5;245m(241ms)^[[0m
Test on deno (macos-latest)	Run Deno tests	2026-09-16T05:24:13.8262800Z ^[[0m^[[38;5;245mrunning 1 test from ./tests/module-specifier.test.mjs^[[0m
Test on deno (macos-latest)	Run Deno tests	2026-09-16T05:24:13.8267960Z [mjs module] parseModuleSpecifier ...
Test on deno (macos-latest)	Run Deno tests	2026-09-16T05:24:13.8275080Z   [mjs module] parses package with name and version ... ^[[0m^[[32mok^[[0m ^[[0m^[[38;5;245m(1ms)^[[0m
Test on deno (macos-latest)	Run Deno tests	2026-09-16T05:24:13.8280160Z   [mjs module] parses scoped package with name and version ... ^[[0m^[[32mok^[[0m ^[[0m^[[38;5;245m(0ms)^[[0m
Test on deno (macos-latest)	Run Deno tests	2026-09-16T05:24:13.8281720Z   [mjs module] parses package with name, version, and inner path ... ^[[0m^[[32mok^[[0m ^[[0m^[[38;5;245m(1ms)^[[0m
Test on deno (macos-latest)	Run Deno tests	2026-09-16T05:24:13.8282780Z   [mjs module] parses package with name, version, and inner path with latest ... ^[[0m^[[32mok^[[0m ^[[0m^[[38;5;245m(0ms)^[[0m
Test on deno (macos-latest)	Run Deno tests	2026-09-16T05:24:13.8283900Z   [mjs module] parses scoped package with name, version, and inner path ... ^[[0m^[[32mok^[[0m ^[[0m^[[38;5;245m(0ms)^[[0m
Test on deno (macos-latest)	Run Deno tests	2026-09-16T05:24:13.8285590Z   [mjs module] parses package with name only ... ^[[0m^[[32mok^[[0m ^[[0m^[[38;5;245m(0ms)^[[0m
Test on deno (macos-latest)	Run Deno tests	2026-09-16T05:24:13.8286810Z   [mjs module] parses scoped package with name only ... ^[[0m^[[32mok^[[0m ^[[0m^[[38;5;245m(0ms)^[[0m
Test on deno (macos-latest)	Run Deno tests	2026-09-16T05:24:13.8288100Z   [mjs module] parses yargs@17.7.2/helpers ... ^[[0m^[[32mok^[[0m ^[[0m^[[38;5;245m(0ms)^[[0m
Test on deno (macos-latest)	Run Deno tests	2026-09-16T05:24:13.8290410Z   [mjs module] parses yargs@latest/helpers ... ^[[0m^[[32mok^[[0m ^[[0m^[[38;5;245m(0ms)^[[0m
Test on deno (macos-latest)	Run Deno tests	2026-09-16T05:24:13.8291430Z   [mjs module] parses yargs/helpers ... ^[[0m^[[32mok^[[0m ^[[0m^[[38;5;245m(0ms)^[[0m
Test on deno (macos-latest)	Run Deno tests	2026-09-16T05:24:13.8296100Z   [mjs module] throws error for invalid package identifier ... ^[[0m^[[32mok^[[0m ^[[0m^[[38;5;245m(0ms)^[[0m
Test on deno (macos-latest)	Run Deno tests	2026-09-16T05:24:13.8299280Z [mjs module] parseModuleSpecifier ... ^[[0m^[[32mok^[[0m ^[[0m^[[38;5;245m(3ms)^[[0m
Test on deno (macos-latest)	Run Deno tests	2026-09-16T05:24:13.8578700Z ^[[0m^[[38;5;245mrunning 1 test from ./tests/network-imports.test.mjs^[[0m
Test on deno (macos-latest)	Run Deno tests	2026-09-16T05:24:13.8584640Z [mjs module] imports using --experimental-network-imports ...
Test on deno (macos-latest)	Run Deno tests	2026-09-16T05:24:14.0395080Z   [mjs module] Import using --experimental-network-imports for CJS file ... ^[[0m^[[32mok^[[0m ^[[0m^[[38;5;245m(181ms)^[[0m
Test on deno (macos-latest)	Run Deno tests	2026-09-16T05:24:14.2208790Z   [mjs module] Import using --experimental-network-imports for MJS file ... ^[[0m^[[32mok^[[0m ^[[0m^[[38;5;245m(161ms)^[[0m
Test on deno (macos-latest)	Run Deno tests	2026-09-16T05:24:14.2912190Z [mjs module] imports using --experimental-network-imports ... ^[[0m^[[32mok^[[0m ^[[0m^[[38;5;245m(403ms)^[[0m
Test on deno (macos-latest)	Run Deno tests	2026-09-16T05:24:14.4016330Z ^[[0m^[[38;5;245mrunning 1 test from ./tests/npm-global-prefix.test.mjs^[[0m
Test on deno (macos-latest)	Run Deno tests	2026-09-16T05:24:14.4217730Z global ...
Test on deno (macos-latest)	Run Deno tests	2026-09-16T05:24:14.4418770Z   [mjs module] npm global prefix handling ...
Test on deno (macos-latest)	Run Deno tests	2026-09-16T05:24:14.4619920Z     [mjs module] keeps latest and pinned aliases loadable when they share a package binary ... ^[[0m^[[32mok^[[0m ^[[0m^[[38;5;245m(0ms)^[[0m
Test on deno (macos-latest)	Run Deno tests	2026-09-16T05:24:14.5021530Z     [mjs module] never force-installs over an unrelated global executable ... ^[[0m^[[32mok^[[0m ^[[0m^[[38;5;245m(0ms)^[[0m
Test on deno (macos-latest)	Run Deno tests	2026-09-16T05:24:14.5424020Z     [mjs module] redirects installs to use-m cache when npm global root is not writable ... ^[[0m^[[32mok^[[0m ^[[0m^[[38;5;245m(0ms)^[[0m
Test on deno (macos-latest)	Run Deno tests	2026-09-16T05:24:14.5740740Z     [mjs module] keeps the configured npm root when it is writable ... ^[[0m^[[32mok^[[0m ^[[0m^[[38;5;245m(0ms)^[[0m
Test on deno (macos-latest)	Run Deno tests	2026-09-16T05:24:14.5916530Z     [mjs module] respects an explicit npm_config_prefix override ... ^[[0m^[[32mok^[[0m ^[[0m^[[38;5;245m(0ms)^[[0m
Test on deno (macos-latest)	Run Deno tests	2026-09-16T05:24:14.5945400Z     [mjs module] retries transient npm install failures and removes partial aliases ... ^[[0m^[[32mok^[[0m ^[[0m^[[38;5;245m(0ms)^[[0m
Test on deno (macos-latest)	Run Deno tests	2026-09-16T05:24:14.5947740Z     [mjs module] reports captured npm output and cleans up after exhausted retries ... ^[[0m^[[32mok^[[0m ^[[0m^[[38;5;245m(0ms)^[[0m
Test on deno (macos-latest)	Run Deno tests	2026-09-16T05:24:14.5950790Z     [mjs module] gives corrupt-alias cleanup a recursive rm retry budget ... ^[[0m^[[32mok^[[0m ^[[0m^[[38;5;245m(0ms)^[[0m
Test on deno (macos-latest)	Run Deno tests	2026-09-16T05:24:14.5952430Z     [mjs module] repairs a truncated entry point and bypasses the cached syntax failure ... ^[[0m^[[32mok^[[0m ^[[0m^[[38;5;245m(0ms)^[[0m
Test on deno (macos-latest)	Run Deno tests	2026-09-16T05:24:14.5954130Z     [mjs module] repairs an alias missing an internal ESM dependency ... ^[[0m^[[32mok^[[0m ^[[0m^[[38;5;245m(0ms)^[[0m
Test on deno (macos-latest)	Run Deno tests	2026-09-16T05:24:14.5955240Z     [mjs module] repairs an alias with invalid package metadata ... ^[[0m^[[32mok^[[0m ^[[0m^[[38;5;245m(0ms)^[[0m
Test on deno (macos-latest)	Run Deno tests	2026-09-16T05:24:14.5956620Z     [mjs module] repairs an alias whose declared entry point is missing ... ^[[0m^[[32mok^[[0m ^[[0m^[[38;5;245m(0ms)^[[0m
Test on deno (macos-latest)	Run Deno tests	2026-09-16T05:24:14.5957890Z     [mjs module] does not reinstall for an unrelated unwrapped missing-module error ... ^[[0m^[[32mok^[[0m ^[[0m^[[38;5;245m(0ms)^[[0m
Test on deno (macos-latest)	Run Deno tests	2026-09-16T05:24:14.5959200Z     [mjs module] collapses concurrent requests for one package into a single install ... ^[[0m^[[32mok^[[0m ^[[0m^[[38;5;245m(0ms)^[[0m
Test on deno (macos-latest)	Run Deno tests	2026-09-16T05:24:14.5960420Z     [mjs module] keeps a shared failed install retryable ... ^[[0m^[[32mok^[[0m ^[[0m^[[38;5;245m(0ms)^[[0m
Test on deno (macos-latest)	Run Deno tests	2026-09-16T05:24:14.5962030Z     [mjs module] never lets separate processes install one alias at the same time ... ^[[0m^[[32mok^[[0m ^[[0m^[[38;5;245m(0ms)^[[0m
Test on deno (macos-latest)	Run Deno tests	2026-09-16T05:24:14.5996210Z   [mjs module] npm global prefix handling ... ^[[0m^[[32mok^[[0m ^[[0m^[[38;5;245m(185ms)^[[0m
Test on deno (macos-latest)	Run Deno tests	2026-09-16T05:24:14.6082640Z global ... ^[[0m^[[32mok^[[0m ^[[0m^[[38;5;245m(215ms)^[[0m
Test on deno (macos-latest)	Run Deno tests	2026-09-16T05:24:14.6513540Z ^[[0m^[[38;5;245mrunning 1 test from ./tests/relative-paths-browser.test.mjs^[[0m
Test on deno (macos-latest)	Run Deno tests	2026-09-16T05:24:14.6519300Z [mjs module] Relative path resolution in browser ...
Test on deno (macos-latest)	Run Deno tests	2026-09-16T05:24:14.6520330Z   Browser tests are skipped in Deno environment ... ^[[0m^[[33mignored^[[0m ^[[0m^[[38;5;245m(0ms)^[[0m
Test on deno (macos-latest)	Run Deno tests	2026-09-16T05:24:14.6521810Z [mjs module] Relative path resolution in browser ... ^[[0m^[[32mok^[[0m ^[[0m^[[38;5;245m(785µs)^[[0m
Test on deno (macos-latest)	Run Deno tests	2026-09-16T05:24:14.7006770Z ^[[0m^[[38;5;245mrunning 1 test from ./tests/relative-paths.integration.test.mjs^[[0m
Test on deno (macos-latest)	Run Deno tests	2026-09-16T05:24:14.7012070Z [mjs module] Relative Path Resolution (Integration) ...
Test on deno (macos-latest)	Run Deno tests	2026-09-16T05:24:14.7015410Z   [mjs module] relative paths should work when run directly with Node.js ...
Test on deno (macos-latest)	Run Deno tests	2026-09-16T05:24:14.7015910Z ^[[0m^[[38;5;245m------- post-test output -------^[[0m
Test on deno (macos-latest)	Run Deno tests	2026-09-16T05:24:14.7016200Z /Users/runner/work/use-m/use-m/tests
Test on deno (macos-latest)	Run Deno tests	2026-09-16T05:24:14.7732210Z Testing relative paths from tests directory...
Test on deno (macos-latest)	Run Deno tests	2026-09-16T05:24:14.7732510Z 
Test on deno (macos-latest)	Run Deno tests	2026-09-16T05:24:14.7732700Z 1. Testing ./browser-server/test-helper.js
Test on deno (macos-latest)	Run Deno tests	2026-09-16T05:24:14.7733150Z    ✓ Message: Helper module loaded
Test on deno (macos-latest)	Run Deno tests	2026-09-16T05:24:14.7733300Z 
Test on deno (macos-latest)	Run Deno tests	2026-09-16T05:24:14.7733440Z 2. Testing ./browser-server/test-data.json
Test on deno (macos-latest)	Run Deno tests	2026-09-16T05:24:14.7733730Z    ✓ Value: 123
Test on deno (macos-latest)	Run Deno tests	2026-09-16T05:24:14.7733930Z    ✓ Test: data
Test on deno (macos-latest)	Run Deno tests	2026-09-16T05:24:14.7734020Z 
Test on deno (macos-latest)	Run Deno tests	2026-09-16T05:24:14.7734110Z 3. Testing ../src/use.mjs
Test on deno (macos-latest)	Run Deno tests	2026-09-16T05:24:14.7734340Z    ✓ use function exists: true
Test on deno (macos-latest)	Run Deno tests	2026-09-16T05:24:14.7734460Z 
Test on deno (macos-latest)	Run Deno tests	2026-09-16T05:24:14.7734620Z 4. Testing ./browser-server/subfolder/nested.js
Test on deno (macos-latest)	Run Deno tests	2026-09-16T05:24:14.7734910Z    ✓ Nested: true Level: subfolder
Test on deno (macos-latest)	Run Deno tests	2026-09-16T05:24:14.7735040Z 
Test on deno (macos-latest)	Run Deno tests	2026-09-16T05:24:14.7735220Z 5. Testing ./browser-server/subfolder/nested-data.json
Test on deno (macos-latest)	Run Deno tests	2026-09-16T05:24:14.7735490Z    ✓ Level: nested Depth: 1
Test on deno (macos-latest)	Run Deno tests	2026-09-16T05:24:14.7735610Z 
Test on deno (macos-latest)	Run Deno tests	2026-09-16T05:24:14.7735700Z 6. Testing ../package.json
Test on deno (macos-latest)	Run Deno tests	2026-09-16T05:24:14.7735900Z    ✓ Package name: use-m
Test on deno (macos-latest)	Run Deno tests	2026-09-16T05:24:14.7736010Z 
Test on deno (macos-latest)	Run Deno tests	2026-09-16T05:24:14.7736140Z ✅ All direct tests passed!
Test on deno (macos-latest)	Run Deno tests	2026-09-16T05:24:14.7736260Z 
Test on deno (macos-latest)	Run Deno tests	2026-09-16T05:24:14.7736470Z ^[[0m^[[38;5;245m----- post-test output end -----^[[0m
Test on deno (macos-latest)	Run Deno tests	2026-09-16T05:24:14.7737040Z   [mjs module] relative paths should work when run directly with Node.js ... ^[[0m^[[32mok^[[0m ^[[0m^[[38;5;245m(72ms)^[[0m
Test on deno (macos-latest)	Run Deno tests	2026-09-16T05:24:14.7785780Z [mjs module] Relative Path Resolution (Integration) ... ^[[0m^[[32mok^[[0m ^[[0m^[[38;5;245m(77ms)^[[0m
Test on deno (macos-latest)	Run Deno tests	2026-09-16T05:24:14.8164120Z ^[[0m^[[38;5;245mrunning 1 test from ./tests/relative-paths.test.mjs^[[0m
Test on deno (macos-latest)	Run Deno tests	2026-09-16T05:24:14.8169110Z Relative Path Resolution ...
Test on deno (macos-latest)	Run Deno tests	2026-09-16T05:24:14.8288410Z   should import JS file from same directory using ./ ... ^[[0m^[[32mok^[[0m ^[[0m^[[38;5;245m(12ms)^[[0m
Test on deno (macos-latest)	Run Deno tests	2026-09-16T05:24:14.8294720Z   should import JSON file from same directory using ./ ... ^[[0m^[[32mok^[[0m ^[[0m^[[38;5;245m(1ms)^[[0m
Test on deno (macos-latest)	Run Deno tests	2026-09-16T05:24:14.8297670Z   should import JS file from parent directory using ../ ... ^[[0m^[[32mok^[[0m ^[[0m^[[38;5;245m(0ms)^[[0m
Test on deno (macos-latest)	Run Deno tests	2026-09-16T05:24:14.8302940Z   should import from subdirectory using ./subfolder/ ... ^[[0m^[[32mok^[[0m ^[[0m^[[38;5;245m(1ms)^[[0m
Test on deno (macos-latest)	Run Deno tests	2026-09-16T05:24:14.8307860Z   should import JSON from subdirectory ... ^[[0m^[[32mok^[[0m ^[[0m^[[38;5;245m(0ms)^[[0m
Test on deno (macos-latest)	Run Deno tests	2026-09-16T05:24:14.8313470Z   should handle complex relative paths (../) ... ^[[0m^[[32mok^[[0m ^[[0m^[[38;5;245m(1ms)^[[0m
Test on deno (macos-latest)	Run Deno tests	2026-09-16T05:24:14.8454300Z   should work with mixed relative and npm imports ... ^[[0m^[[32mok^[[0m ^[[0m^[[38;5;245m(14ms)^[[0m
Test on deno (macos-latest)	Run Deno tests	2026-09-16T05:24:14.8460830Z   should maintain correct context for nested relative imports ... ^[[0m^[[32mok^[[0m ^[[0m^[[38;5;245m(0ms)^[[0m
Test on deno (macos-latest)	Run Deno tests	2026-09-16T05:24:14.8551290Z Relative Path Resolution ... ^[[0m^[[32mok^[[0m ^[[0m^[[38;5;245m(38ms)^[[0m
Test on deno (macos-latest)	Run Deno tests	2026-09-16T05:24:14.9256380Z ^[[0m^[[38;5;245mrunning 1 test from ./tests/release-workflow-policy.test.mjs^[[0m
Test on deno (macos-latest)	Run Deno tests	2026-09-16T05:24:14.9556750Z release workflow policy ...
Test on deno (macos-latest)	Run Deno tests	2026-09-16T05:24:14.9758780Z   uses npm package metadata that matches registry and trusted publishing expectations ... ^[[0m^[[32mok^[[0m ^[[0m^[[38;5;245m(1ms)^[[0m
Test on deno (macos-latest)	Run Deno tests	2026-09-16T05:24:15.0162180Z   keeps CI and publishing in the trusted-publisher release workflow ... ^[[0m^[[32mok^[[0m ^[[0m^[[38;5;245m(1ms)^[[0m
Test on deno (macos-latest)	Run Deno tests	2026-09-16T05:24:15.0337360Z   publishes with npm trusted publishing instead of token auth ... ^[[0m^[[32mok^[[0m ^[[0m^[[38;5;245m(1ms)^[[0m
Test on deno (macos-latest)	Run Deno tests	2026-09-16T05:24:15.0367800Z   runs tests before publishing and preserves main-branch release runs ... ^[[0m^[[32mok^[[0m ^[[0m^[[38;5;245m(1ms)^[[0m
Test on deno (macos-latest)	Run Deno tests	2026-09-16T05:24:15.0371110Z   fails release runs when the package, tag, and GitHub release already exist ... ^[[0m^[[32mok^[[0m ^[[0m^[[38;5;245m(0ms)^[[0m
Test on deno (macos-latest)	Run Deno tests	2026-09-16T05:24:15.0373240Z   keeps dependency install logs quiet while auditing shipped dependencies ... ^[[0m^[[32mok^[[0m ^[[0m^[[38;5;245m(0ms)^[[0m
Test on deno (macos-latest)	Run Deno tests	2026-09-16T05:24:15.0376530Z   uses current action versions and explicit job timeouts ... ^[[0m^[[32mok^[[0m ^[[0m^[[38;5;245m(0ms)^[[0m
Test on deno (macos-latest)	Run Deno tests	2026-09-16T05:24:15.0379730Z   retries Deno network-import tests without hiding persistent failures ... ^[[0m^[[32mok^[[0m ^[[0m^[[38;5;245m(0ms)^[[0m
Test on deno (macos-latest)	Run Deno tests	2026-09-16T05:24:15.0382530Z release workflow policy ... ^[[0m^[[32mok^[[0m ^[[0m^[[38;5;245m(112ms)^[[0m
Test on deno (macos-latest)	Run Deno tests	2026-09-16T05:24:15.0835960Z ^[[0m^[[38;5;245mrunning 1 test from ./tests/resolvers.test.mjs^[[0m
Test on deno (macos-latest)	Run Deno tests	2026-09-16T05:24:15.0843250Z [mjs module] resolvers tests ...
Test on deno (macos-latest)	Run Deno tests	2026-09-16T05:24:15.2020120Z   [mjs module] npm resolver resolves package path ... ^[[0m^[[32mok^[[0m ^[[0m^[[38;5;245m(117ms)^[[0m
Test on deno (macos-latest)	Run Deno tests	2026-09-16T05:24:16.0397910Z   [mjs module] npm resolver resolves scoped package path for @octokit/core@6.1.5 ... ^[[0m^[[32mok^[[0m ^[[0m^[[38;5;245m(836ms)^[[0m
Test on deno (macos-latest)	Run Deno tests	2026-09-16T05:24:18.1248920Z   [mjs module] npm resolver resolves package path with version ... ^[[0m^[[32mok^[[0m ^[[0m^[[38;5;245m(2s)^[[0m
Test on deno (macos-latest)	Run Deno tests	2026-09-16T05:24:18.7004630Z   [mjs module] npm resolver resolves yargs/helpers ... ^[[0m^[[32mok^[[0m ^[[0m^[[38;5;245m(576ms)^[[0m
Test on deno (macos-latest)	Run Deno tests	2026-09-16T05:24:19.1808330Z   [mjs module] npm resolver resolves yargs@18.0.0/helpers ... ^[[0m^[[32mok^[[0m ^[[0m^[[38;5;245m(480ms)^[[0m
Test on deno (macos-latest)	Run Deno tests	2026-09-16T05:24:19.5366030Z   [mjs module] npm resolver resolves yargs@latest/helpers ... ^[[0m^[[32mok^[[0m ^[[0m^[[38;5;245m(355ms)^[[0m
Test on deno (macos-latest)	Run Deno tests	2026-09-16T05:24:19.5367500Z   [mjs module] skypack resolver resolves URL ... ^[[0m^[[32mok^[[0m ^[[0m^[[38;5;245m(0ms)^[[0m
Test on deno (macos-latest)	Run Deno tests	2026-09-16T05:24:19.5369110Z   [mjs module] skypack resolver resolves subpath ... ^[[0m^[[32mok^[[0m ^[[0m^[[38;5;245m(0ms)^[[0m
Test on deno (macos-latest)	Run Deno tests	2026-09-16T05:24:19.5370740Z   [mjs module] jsdelivr resolver resolves URL ... ^[[0m^[[32mok^[[0m ^[[0m^[[38;5;245m(0ms)^[[0m
Test on deno (macos-latest)	Run Deno tests	2026-09-16T05:24:19.5372130Z   [mjs module] jsdelivr resolver resolves subpath ... ^[[0m^[[32mok^[[0m ^[[0m^[[38;5;245m(0ms)^[[0m
Test on deno (macos-latest)	Run Deno tests	2026-09-16T05:24:19.5374000Z   [mjs module] unpkg resolver resolves URL ... ^[[0m^[[32mok^[[0m ^[[0m^[[38;5;245m(0ms)^[[0m
Test on deno (macos-latest)	Run Deno tests	2026-09-16T05:24:19.5374940Z   [mjs module] unpkg resolver resolves subpath ... ^[[0m^[[32mok^[[0m ^[[0m^[[38;5;245m(0ms)^[[0m
Test on deno (macos-latest)	Run Deno tests	2026-09-16T05:24:19.5376370Z   [mjs module] esm resolver resolves URL ... ^[[0m^[[32mok^[[0m ^[[0m^[[38;5;245m(0ms)^[[0m
Test on deno (macos-latest)	Run Deno tests	2026-09-16T05:24:19.5377190Z   [mjs module] esm resolver resolves subpath ... ^[[0m^[[32mok^[[0m ^[[0m^[[38;5;245m(0ms)^[[0m
Test on deno (macos-latest)	Run Deno tests	2026-09-16T05:24:19.5378030Z   [mjs module] jspm resolver resolves URL ... ^[[0m^[[32mok^[[0m ^[[0m^[[38;5;245m(0ms)^[[0m
Test on deno (macos-latest)	Run Deno tests	2026-09-16T05:24:19.5378990Z   [mjs module] jspm resolver resolves subpath ... ^[[0m^[[32mok^[[0m ^[[0m^[[38;5;245m(0ms)^[[0m
Test on deno (macos-latest)	Run Deno tests	2026-09-16T05:24:19.5379770Z   [mjs module] bun resolver resolves package path ... ^[[0m^[[32mok^[[0m ^[[0m^[[38;5;245m(0ms)^[[0m
Test on deno (macos-latest)	Run Deno tests	2026-09-16T05:24:19.5380590Z   [mjs module] bun resolver resolves scoped package path for @octokit/core@6.1.5 ... ^[[0m^[[32mok^[[0m ^[[0m^[[38;5;245m(0ms)^[[0m
Test on deno (macos-latest)	Run Deno tests	2026-09-16T05:24:19.5381340Z   [mjs module] bun resolver resolves yargs/helpers ... ^[[0m^[[32mok^[[0m ^[[0m^[[38;5;245m(0ms)^[[0m
Test on deno (macos-latest)	Run Deno tests	2026-09-16T05:24:19.5382350Z   [mjs module] bun resolver resolves yargs@latest/helpers ... ^[[0m^[[32mok^[[0m ^[[0m^[[38;5;245m(0ms)^[[0m
Test on deno (macos-latest)	Run Deno tests	2026-09-16T05:24:19.5433100Z [mjs module] resolvers tests ... ^[[0m^[[32mok^[[0m ^[[0m^[[38;5;245m(4s)^[[0m
Test on deno (macos-latest)	Run Deno tests	2026-09-16T05:24:19.5906770Z ^[[0m^[[38;5;245mrunning 1 test from ./tests/root-entries.test.mjs^[[0m
Test on deno (macos-latest)	Run Deno tests	2026-09-16T05:24:19.5911430Z [mjs module] root entry mirrors ...
Test on deno (macos-latest)	Run Deno tests	2026-09-16T05:24:19.5916940Z   [mjs module] mirrors exactly src/use.js, src/use.cjs and src/use.mjs ... ^[[0m^[[32mok^[[0m ^[[0m^[[38;5;245m(0ms)^[[0m
Test on deno (macos-latest)	Run Deno tests	2026-09-16T05:24:19.5922360Z   [mjs module] use.js exists at the package root ... ^[[0m^[[32mok^[[0m ^[[0m^[[38;5;245m(1ms)^[[0m
Test on deno (macos-latest)	Run Deno tests	2026-09-16T05:24:19.5936630Z   [mjs module] root use.js is in sync with src/use.js ... ^[[0m^[[32mok^[[0m ^[[0m^[[38;5;245m(1ms)^[[0m
Test on deno (macos-latest)	Run Deno tests	2026-09-16T05:24:19.5941630Z   [mjs module] root use.js contains the full src/use.js body ... ^[[0m^[[32mok^[[0m ^[[0m^[[38;5;245m(1ms)^[[0m
Test on deno (macos-latest)	Run Deno tests	2026-09-16T05:24:19.5942730Z   [mjs module] use.cjs exists at the package root ... ^[[0m^[[32mok^[[0m ^[[0m^[[38;5;245m(0ms)^[[0m
Test on deno (macos-latest)	Run Deno tests	2026-09-16T05:24:19.5952970Z   [mjs module] root use.cjs is in sync with src/use.cjs ... ^[[0m^[[32mok^[[0m ^[[0m^[[38;5;245m(1ms)^[[0m
Test on deno (macos-latest)	Run Deno tests	2026-09-16T05:24:19.5957080Z   [mjs module] root use.cjs contains the full src/use.cjs body ... ^[[0m^[[32mok^[[0m ^[[0m^[[38;5;245m(0ms)^[[0m
Test on deno (macos-latest)	Run Deno tests	2026-09-16T05:24:19.5958000Z   [mjs module] use.mjs exists at the package root ... ^[[0m^[[32mok^[[0m ^[[0m^[[38;5;245m(0ms)^[[0m
Test on deno (macos-latest)	Run Deno tests	2026-09-16T05:24:19.5965840Z   [mjs module] root use.mjs is in sync with src/use.mjs ... ^[[0m^[[32mok^[[0m ^[[0m^[[38;5;245m(1ms)^[[0m
Test on deno (macos-latest)	Run Deno tests	2026-09-16T05:24:19.5969720Z   [mjs module] root use.mjs contains the full src/use.mjs body ... ^[[0m^[[32mok^[[0m ^[[0m^[[38;5;245m(0ms)^[[0m
Test on deno (macos-latest)	Run Deno tests	2026-09-16T05:24:19.5978950Z   [mjs module] root use.js eval()s to a working use function ... ^[[0m^[[32mok^[[0m ^[[0m^[[38;5;245m(1ms)^[[0m
Test on deno (macos-latest)	Run Deno tests	2026-09-16T05:24:19.5984210Z   [mjs module] the 404 "Not found" body is not a valid module body ... ^[[0m^[[32mok^[[0m ^[[0m^[[38;5;245m(1ms)^[[0m
Test on deno (macos-latest)	Run Deno tests	2026-09-16T05:24:19.6013100Z   [mjs module] root use.mjs imports to a working use function ... ^[[0m^[[32mok^[[0m ^[[0m^[[38;5;245m(3ms)^[[0m
Test on deno (macos-latest)	Run Deno tests	2026-09-16T05:24:19.6016340Z   [mjs module] package.json ships the root mirrors and keeps src canonical ... ^[[0m^[[32mok^[[0m ^[[0m^[[38;5;245m(0ms)^[[0m
Test on deno (macos-latest)	Run Deno tests	2026-09-16T05:24:19.6020070Z [mjs module] root entry mirrors ... ^[[0m^[[32mok^[[0m ^[[0m^[[38;5;245m(11ms)^[[0m
Test on deno (macos-latest)	Run Deno tests	2026-09-16T05:24:19.6495480Z ^[[0m^[[38;5;245mrunning 1 test from ./tests/script-sync.test.mjs^[[0m
Test on deno (macos-latest)	Run Deno tests	2026-09-16T05:24:19.6504180Z [mjs module] distributed script synchronization ...
Test on deno (macos-latest)	Run Deno tests	2026-09-16T05:24:19.6526170Z   [mjs module] npm recovery stays synchronized across mjs, cjs, and universal builds ... ^[[0m^[[32mok^[[0m ^[[0m^[[38;5;245m(2ms)^[[0m
Test on deno (macos-latest)	Run Deno tests	2026-09-16T05:24:19.6534210Z [mjs module] distributed script synchronization ... ^[[0m^[[32mok^[[0m ^[[0m^[[38;5;245m(3ms)^[[0m
Test on deno (macos-latest)	Run Deno tests	2026-09-16T05:24:19.6813320Z ^[[0m^[[38;5;245mrunning 1 test from ./tests/typescript.test.mjs^[[0m
Test on deno (macos-latest)	Run Deno tests	2026-09-16T05:24:19.6818410Z [mjs module] typescript ...
Test on deno (macos-latest)	Run Deno tests	2026-09-16T05:24:19.6972230Z ^[[0m^[[32mDownload^[[0m https://esm.sh/typescript@5.9.3
Test on deno (macos-latest)	Run Deno tests	2026-09-16T05:24:19.7229320Z ^[[0m^[[32mDownload^[[0m https://esm.sh/source-map-support?target=denonext
Test on deno (macos-latest)	Run Deno tests	2026-09-16T05:24:19.7266180Z ^[[0m^[[32mDownload^[[0m https://esm.sh/typescript@5.9.3/denonext/typescript.mjs
Test on deno (macos-latest)	Run Deno tests	2026-09-16T05:24:19.7482780Z ^[[0m^[[32mDownload^[[0m https://esm.sh/source-map-support@0.5.21?target=denonext
Test on deno (macos-latest)	Run Deno tests	2026-09-16T05:24:20.0503450Z ^[[0m^[[32mDownload^[[0m https://esm.sh/buffer-from@^1.0.0?target=denonext
Test on deno (macos-latest)	Run Deno tests	2026-09-16T05:24:20.0605690Z ^[[0m^[[32mDownload^[[0m https://esm.sh/source-map@^0.6.0?target=denonext
Test on deno (macos-latest)	Run Deno tests	2026-09-16T05:24:20.0667790Z ^[[0m^[[32mDownload^[[0m https://esm.sh/source-map-support@0.5.21/denonext/source-map-support.mjs
Test on deno (macos-latest)	Run Deno tests	2026-09-16T05:24:20.0754770Z ^[[0m^[[32mDownload^[[0m https://esm.sh/buffer-from@1.1.2?target=denonext
Test on deno (macos-latest)	Run Deno tests	2026-09-16T05:24:20.0825420Z ^[[0m^[[32mDownload^[[0m https://esm.sh/source-map@0.6.1?target=denonext
Test on deno (macos-latest)	Run Deno tests	2026-09-16T05:24:20.0861060Z ^[[0m^[[32mDownload^[[0m https://esm.sh/buffer-from@1.1.2/denonext/buffer-from.mjs
Test on deno (macos-latest)	Run Deno tests	2026-09-16T05:24:20.0920820Z ^[[0m^[[32mDownload^[[0m https://esm.sh/source-map@0.6.1/denonext/source-map.mjs
Test on deno (macos-latest)	Run Deno tests	2026-09-16T05:24:20.4500530Z   [mjs module] use typescript ... ^[[0m^[[32mok^[[0m ^[[0m^[[38;5;245m(739ms)^[[0m
Test on deno (macos-latest)	Run Deno tests	2026-09-16T05:24:20.4901760Z [mjs module] typescript ... ^[[0m^[[32mok^[[0m ^[[0m^[[38;5;245m(787ms)^[[0m
Test on deno (macos-latest)	Run Deno tests	2026-09-16T05:24:20.5709480Z ^[[0m^[[38;5;245mrunning 1 test from ./tests/use.test.mjs^[[0m
Test on deno (macos-latest)	Run Deno tests	2026-09-16T05:24:20.5742680Z [mjs module] 'use' import strategies ...
Test on deno (macos-latest)	Run Deno tests	2026-09-16T05:24:20.6133550Z   [mjs module] Direct ESM Import lodash@4.17.21 ... ^[[0m^[[32mok^[[0m ^[[0m^[[38;5;245m(40ms)^[[0m
Test on deno (macos-latest)	Run Deno tests	2026-09-16T05:24:20.6171920Z   [mjs module] Dynamic ESM Import of CSJ ... ^[[0m^[[32mok^[[0m ^[[0m^[[38;5;245m(3ms)^[[0m
Test on deno (macos-latest)	Run Deno tests	2026-09-16T05:24:20.6173770Z   [mjs module] Dynamic ESM Import of MJS ... ^[[0m^[[32mok^[[0m ^[[0m^[[38;5;245m(1ms)^[[0m
Test on deno (macos-latest)	Run Deno tests	2026-09-16T05:24:20.6177060Z   [mjs module] Universal (then style) ... ^[[0m^[[32mok^[[0m ^[[0m^[[38;5;245m(0ms)^[[0m
Test on deno (macos-latest)	Run Deno tests	2026-09-16T05:24:20.6179300Z   [mjs module] Universal (then style, use inside) ... ^[[0m^[[32mok^[[0m ^[[0m^[[38;5;245m(0ms)^[[0m
Test on deno (macos-latest)	Run Deno tests	2026-09-16T05:24:20.6180590Z   [mjs module] Universal (eval style) ... ^[[0m^[[32mok^[[0m ^[[0m^[[38;5;245m(0ms)^[[0m
Test on deno (macos-latest)	Run Deno tests	2026-09-16T05:24:20.6181940Z   [mjs module] Universal (single then style) ... ^[[0m^[[32mok^[[0m ^[[0m^[[38;5;245m(0ms)^[[0m
Test on deno (macos-latest)	Run Deno tests	2026-09-16T05:24:20.6189390Z ^[[0m^[[32mDownload^[[0m https://esm.sh/lodash@3
Test on deno (macos-latest)	Run Deno tests	2026-09-16T05:24:20.6640430Z ^[[0m^[[32mDownload^[[0m https://esm.sh/lodash@3.10.1
Test on deno (macos-latest)	Run Deno tests	2026-09-16T05:24:20.6791800Z ^[[0m^[[32mDownload^[[0m https://esm.sh/lodash@3.10.1/denonext/lodash.mjs
Test on deno (macos-latest)	Run Deno tests	2026-09-16T05:24:20.7176450Z ^[[0m^[[32mDownload^[[0m https://esm.sh/lodash@4
Test on deno (macos-latest)	Run Deno tests	2026-09-16T05:24:20.7514750Z   [mjs module] use.all with require ... ^[[0m^[[32mok^[[0m ^[[0m^[[38;5;245m(133ms)^[[0m
Test on deno (macos-latest)	Run Deno tests	2026-09-16T05:24:20.7518950Z   [mjs module] use.all ... ^[[0m^[[32mok^[[0m ^[[0m^[[38;5;245m(0ms)^[[0m
Test on deno (macos-latest)	Run Deno tests	2026-09-16T05:24:20.7520730Z   [mjs module] use.all (script) ... ^[[0m^[[32mok^[[0m ^[[0m^[[38;5;245m(0ms)^[[0m
Test on deno (macos-latest)	Run Deno tests	2026-09-16T05:24:20.7522060Z   [mjs module] Universal (script) @octokit/core@6.1.5 ... ^[[0m^[[32mok^[[0m ^[[0m^[[38;5;245m(0ms)^[[0m
Test on deno (macos-latest)	Run Deno tests	2026-09-16T05:24:20.7523120Z   [mjs module] Universal (script) @octokit/core@5 ... ^[[0m^[[32mok^[[0m ^[[0m^[[38;5;245m(0ms)^[[0m
Test on deno (macos-latest)	Run Deno tests	2026-09-16T05:24:20.7523770Z   [mjs module] Universal (script) @octokit/core (latest) ... ^[[0m^[[32mok^[[0m ^[[0m^[[38;5;245m(0ms)^[[0m
Test on deno (macos-latest)	Run Deno tests	2026-09-16T05:24:20.7535660Z ^[[0m^[[32mDownload^[[0m https://esm.sh/@octokit/core@latest
Test on deno (macos-latest)	Run Deno tests	2026-09-16T05:24:20.7686990Z ^[[0m^[[32mDownload^[[0m https://esm.sh/@octokit/core@7.0.8
Test on deno (macos-latest)	Run Deno tests	2026-09-16T05:24:20.7855580Z ^[[0m^[[32mDownload^[[0m https://esm.sh/@octokit/auth-token@^6.0.0?target=denonext
Test on deno (macos-latest)	Run Deno tests	2026-09-16T05:24:20.7856530Z ^[[0m^[[32mDownload^[[0m https://esm.sh/@octokit/graphql@^9.0.5?target=denonext
Test on deno (macos-latest)	Run Deno tests	2026-09-16T05:24:20.7857740Z ^[[0m^[[32mDownload^[[0m https://esm.sh/@octokit/request@^10.0.16?target=denonext
Test on deno (macos-latest)	Run Deno tests	2026-09-16T05:24:20.7858410Z ^[[0m^[[32mDownload^[[0m https://esm.sh/before-after-hook@^4.0.0?target=denonext
Test on deno (macos-latest)	Run Deno tests	2026-09-16T05:24:20.7859000Z ^[[0m^[[32mDownload^[[0m https://esm.sh/universal-user-agent@^7.0.0?target=denonext
Test on deno (macos-latest)	Run Deno tests	2026-09-16T05:24:20.7859540Z ^[[0m^[[32mDownload^[[0m https://esm.sh/@octokit/core@7.0.8/denonext/core.mjs
Test on deno (macos-latest)	Run Deno tests	2026-09-16T05:24:20.8083720Z ^[[0m^[[32mDownload^[[0m https://esm.sh/@octokit/auth-token@6.0.0?target=denonext
Test on deno (macos-latest)	Run Deno tests	2026-09-16T05:24:20.8084520Z ^[[0m^[[32mDownload^[[0m https://esm.sh/@octokit/graphql@9.0.5?target=denonext
Test on deno (macos-latest)	Run Deno tests	2026-09-16T05:24:20.8113010Z ^[[0m^[[32mDownload^[[0m https://esm.sh/@octokit/request@10.0.16?target=denonext
Test on deno (macos-latest)	Run Deno tests	2026-09-16T05:24:20.8115270Z ^[[0m^[[32mDownload^[[0m https://esm.sh/before-after-hook@4.0.0?target=denonext
Test on deno (macos-latest)	Run Deno tests	2026-09-16T05:24:20.8115920Z ^[[0m^[[32mDownload^[[0m https://esm.sh/universal-user-agent@7.0.3?target=denonext
Test on deno (macos-latest)	Run Deno tests	2026-09-16T05:24:20.8176260Z ^[[0m^[[32mDownload^[[0m https://esm.sh/@octokit/auth-token@6.0.0/denonext/auth-token.mjs
Test on deno (macos-latest)	Run Deno tests	2026-09-16T05:24:20.8183980Z ^[[0m^[[32mDownload^[[0m https://esm.sh/@octokit/graphql@9.0.5/denonext/graphql.mjs
Test on deno (macos-latest)	Run Deno tests	2026-09-16T05:24:20.8212610Z ^[[0m^[[32mDownload^[[0m https://esm.sh/@octokit/endpoint@^11.0.5?target=denonext
Test on deno (macos-latest)	Run Deno tests	2026-09-16T05:24:20.8213500Z ^[[0m^[[32mDownload^[[0m https://esm.sh/@octokit/request-error@^7.1.2?target=denonext
Test on deno (macos-latest)	Run Deno tests	2026-09-16T05:24:20.8214870Z ^[[0m^[[32mDownload^[[0m https://esm.sh/content-type@^3.0.0?target=denonext
Test on deno (macos-latest)	Run Deno tests	2026-09-16T05:24:20.8215590Z ^[[0m^[[32mDownload^[[0m https://esm.sh/json-with-bigint@^3.5.12?target=denonext
Test on deno (macos-latest)	Run Deno tests	2026-09-16T05:24:20.8216140Z ^[[0m^[[32mDownload^[[0m https://esm.sh/universal-user-agent@^7.0.2?target=denonext
Test on deno (macos-latest)	Run Deno tests	2026-09-16T05:24:20.8216760Z ^[[0m^[[32mDownload^[[0m https://esm.sh/@octokit/request@10.0.16/denonext/request.mjs
Test on deno (macos-latest)	Run Deno tests	2026-09-16T05:24:20.8292230Z ^[[0m^[[32mDownload^[[0m https://esm.sh/before-after-hook@4.0.0/denonext/before-after-hook.mjs
Test on deno (macos-latest)	Run Deno tests	2026-09-16T05:24:20.8293860Z ^[[0m^[[32mDownload^[[0m https://esm.sh/universal-user-agent@7.0.3/denonext/universal-user-agent.mjs
Test on deno (macos-latest)	Run Deno tests	2026-09-16T05:24:20.8479620Z ^[[0m^[[32mDownload^[[0m https://esm.sh/@octokit/endpoint@11.0.5?target=denonext
Test on deno (macos-latest)	Run Deno tests	2026-09-16T05:24:20.8488700Z ^[[0m^[[32mDownload^[[0m https://esm.sh/@octokit/request-error@7.1.2?target=denonext
Test on deno (macos-latest)	Run Deno tests	2026-09-16T05:24:20.8506630Z ^[[0m^[[32mDownload^[[0m https://esm.sh/content-type@3.1.0?target=denonext
Test on deno (macos-latest)	Run Deno tests	2026-09-16T05:24:20.8507190Z ^[[0m^[[32mDownload^[[0m https://esm.sh/json-with-bigint@3.5.12?target=denonext
Test on deno (macos-latest)	Run Deno tests	2026-09-16T05:24:20.8595810Z ^[[0m^[[32mDownload^[[0m https://esm.sh/@octokit/endpoint@11.0.5/denonext/endpoint.mjs
Test on deno (macos-latest)	Run Deno tests	2026-09-16T05:24:20.8597340Z ^[[0m^[[32mDownload^[[0m https://esm.sh/@octokit/request-error@7.1.2/denonext/request-error.mjs
Test on deno (macos-latest)	Run Deno tests	2026-09-16T05:24:20.8632050Z ^[[0m^[[32mDownload^[[0m https://esm.sh/content-type@3.1.0/denonext/content-type.mjs
Test on deno (macos-latest)	Run Deno tests	2026-09-16T05:24:20.8632730Z ^[[0m^[[32mDownload^[[0m https://esm.sh/json-with-bigint@3.5.12/denonext/json-with-bigint.mjs
Test on deno (macos-latest)	Run Deno tests	2026-09-16T05:24:20.8788620Z   [mjs module] @octokit/core (latest) ... ^[[0m^[[32mok^[[0m ^[[0m^[[38;5;245m(126ms)^[[0m
Test on deno (macos-latest)	Run Deno tests	2026-09-16T05:24:20.8887850Z [mjs module] 'use' import strategies ... ^[[0m^[[32mok^[[0m ^[[0m^[[38;5;245m(319ms)^[[0m
Test on deno (macos-latest)	Run Deno tests	2026-09-16T05:24:20.8908600Z 
Test on deno (macos-latest)	Run Deno tests	2026-09-16T05:24:20.8909600Z ^[[0m^[[32mok^[[0m | 33 passed (202 steps) | 0 failed | 0 ignored (3 steps) ^[[0m^[[38;5;245m(9s)^[[0m
Test on deno (macos-latest)	Run Deno tests	2026-09-16T05:24:20.8909900Z 
Test on deno (macos-latest)	Post Setup Deno	﻿2026-09-16T05:24:20.9134310Z Post job cleanup.
Test on deno (macos-latest)	Post Setup Deno	2026-09-16T05:24:21.0424710Z Caching is not enabled. Caching is skipped.
Test on deno (macos-latest)	Post Setup Node.js	﻿2026-09-16T05:24:21.0495480Z Post job cleanup.
Test on deno (macos-latest)	Post Setup Node.js	2026-09-16T05:24:21.1608890Z [command]/opt/homebrew/bin/gtar --posix -cf cache.tzst --exclude cache.tzst -P -C /Users/runner/work/use-m/use-m --files-from manifest.txt --delay-directory-restore --use-compress-program zstdmt
Test on deno (macos-latest)	Post Setup Node.js	2026-09-16T05:24:21.7965620Z Sent 14454372 of 14454372 (100.0%), 43.6 MBs/sec
Test on deno (macos-latest)	Post Setup Node.js	2026-09-16T05:24:21.8773360Z Cache saved with the key: node-cache-macOS-arm64-npm-12813ae39a61b5fed7681502803cfede24735d033f8430fc26d535be6b212b6a
Test on deno (macos-latest)	Post Checkout code	﻿2026-09-16T05:24:21.8860430Z Post job cleanup.
Test on deno (macos-latest)	Post Checkout code	2026-09-16T05:24:21.9679170Z [command]/opt/homebrew/bin/git version
Test on deno (macos-latest)	Post Checkout code	2026-09-16T05:24:21.9825920Z git version 2.55.0
Test on deno (macos-latest)	Post Checkout code	2026-09-16T05:24:21.9845640Z Copying '/Users/runner/.gitconfig' to '/Users/runner/work/_temp/3f0d29bb-8118-4960-aa5a-4eeec2b1b116/.gitconfig'
Test on deno (macos-latest)	Post Checkout code	2026-09-16T05:24:21.9851940Z Temporarily overriding HOME='/Users/runner/work/_temp/3f0d29bb-8118-4960-aa5a-4eeec2b1b116' before making global git config changes
Test on deno (macos-latest)	Post Checkout code	2026-09-16T05:24:21.9852790Z Adding repository directory to the temporary git global config as a safe directory
Test on deno (macos-latest)	Post Checkout code	2026-09-16T05:24:21.9855860Z [command]/opt/homebrew/bin/git config --global --add safe.directory /Users/runner/work/use-m/use-m
Test on deno (macos-latest)	Post Checkout code	2026-09-16T05:24:21.9954720Z Removing SSH command configuration
Test on deno (macos-latest)	Post Checkout code	2026-09-16T05:24:21.9959760Z [command]/opt/homebrew/bin/git config --local --name-only --get-regexp core\.sshCommand
Test on deno (macos-latest)	Post Checkout code	2026-09-16T05:24:22.0017600Z [command]/opt/homebrew/bin/git submodule foreach --recursive sh -c "git config --local --name-only --get-regexp 'core\.sshCommand' && git config --local --unset-all 'core.sshCommand' || :"
Test on deno (macos-latest)	Post Checkout code	2026-09-16T05:24:22.0715810Z Removing HTTP extra header
Test on deno (macos-latest)	Post Checkout code	2026-09-16T05:24:22.0720060Z [command]/opt/homebrew/bin/git config --local --name-only --get-regexp http\.https\:\/\/github\.com\/\.extraheader
Test on deno (macos-latest)	Post Checkout code	2026-09-16T05:24:22.0773940Z [command]/opt/homebrew/bin/git submodule foreach --recursive sh -c "git config --local --name-only --get-regexp 'http\.https\:\/\/github\.com\/\.extraheader' && git config --local --unset-all 'http.https://github.com/.extraheader' || :"
Test on deno (macos-latest)	Post Checkout code	2026-09-16T05:24:22.1446760Z Removing includeIf entries pointing to credentials config files
Test on deno (macos-latest)	Post Checkout code	2026-09-16T05:24:22.1451610Z [command]/opt/homebrew/bin/git config --local --name-only --get-regexp ^includeIf\.gitdir:
Test on deno (macos-latest)	Post Checkout code	2026-09-16T05:24:22.1510870Z includeif.gitdir:/Users/runner/work/use-m/use-m/.git.path
Test on deno (macos-latest)	Post Checkout code	2026-09-16T05:24:22.1511540Z includeif.gitdir:/Users/runner/work/use-m/use-m/.git/worktrees/*.path
Test on deno (macos-latest)	Post Checkout code	2026-09-16T05:24:22.1512030Z includeif.gitdir:/github/workspace/.git.path
Test on deno (macos-latest)	Post Checkout code	2026-09-16T05:24:22.1512490Z includeif.gitdir:/github/workspace/.git/worktrees/*.path
Test on deno (macos-latest)	Post Checkout code	2026-09-16T05:24:22.1517370Z [command]/opt/homebrew/bin/git config --local --get-all includeif.gitdir:/Users/runner/work/use-m/use-m/.git.path
Test on deno (macos-latest)	Post Checkout code	2026-09-16T05:24:22.1564060Z /Users/runner/work/_temp/git-credentials-8d6efe5b-9c11-45d5-b7d0-cc2634481308.config
Test on deno (macos-latest)	Post Checkout code	2026-09-16T05:24:22.1576780Z [command]/opt/homebrew/bin/git config --local --unset includeif.gitdir:/Users/runner/work/use-m/use-m/.git.path /Users/runner/work/_temp/git-credentials-8d6efe5b-9c11-45d5-b7d0-cc2634481308.config
Test on deno (macos-latest)	Post Checkout code	2026-09-16T05:24:22.1626280Z [command]/opt/homebrew/bin/git config --local --get-all includeif.gitdir:/Users/runner/work/use-m/use-m/.git/worktrees/*.path
Test on deno (macos-latest)	Post Checkout code	2026-09-16T05:24:22.1678620Z /Users/runner/work/_temp/git-credentials-8d6efe5b-9c11-45d5-b7d0-cc2634481308.config
Test on deno (macos-latest)	Post Checkout code	2026-09-16T05:24:22.1684630Z [command]/opt/homebrew/bin/git config --local --unset includeif.gitdir:/Users/runner/work/use-m/use-m/.git/worktrees/*.path /Users/runner/work/_temp/git-credentials-8d6efe5b-9c11-45d5-b7d0-cc2634481308.config
Test on deno (macos-latest)	Post Checkout code	2026-09-16T05:24:22.1742640Z [command]/opt/homebrew/bin/git config --local --get-all includeif.gitdir:/github/workspace/.git.path
Test on deno (macos-latest)	Post Checkout code	2026-09-16T05:24:22.1788380Z /github/runner_temp/git-credentials-8d6efe5b-9c11-45d5-b7d0-cc2634481308.config
Test on deno (macos-latest)	Post Checkout code	2026-09-16T05:24:22.1793740Z [command]/opt/homebrew/bin/git config --local --unset includeif.gitdir:/github/workspace/.git.path /github/runner_temp/git-credentials-8d6efe5b-9c11-45d5-b7d0-cc2634481308.config
Test on deno (macos-latest)	Post Checkout code	2026-09-16T05:24:22.1865290Z [command]/opt/homebrew/bin/git config --local --get-all includeif.gitdir:/github/workspace/.git/worktrees/*.path
Test on deno (macos-latest)	Post Checkout code	2026-09-16T05:24:22.1911520Z /github/runner_temp/git-credentials-8d6efe5b-9c11-45d5-b7d0-cc2634481308.config
Test on deno (macos-latest)	Post Checkout code	2026-09-16T05:24:22.1917460Z [command]/opt/homebrew/bin/git config --local --unset includeif.gitdir:/github/workspace/.git/worktrees/*.path /github/runner_temp/git-credentials-8d6efe5b-9c11-45d5-b7d0-cc2634481308.config
Test on deno (macos-latest)	Post Checkout code	2026-09-16T05:24:22.1974330Z [command]/opt/homebrew/bin/git submodule foreach --recursive git config --local --show-origin --name-only --get-regexp remote.origin.url
Test on deno (macos-latest)	Post Checkout code	2026-09-16T05:24:22.2615030Z Removing credentials config '/Users/runner/work/_temp/git-credentials-8d6efe5b-9c11-45d5-b7d0-cc2634481308.config'
Test on deno (macos-latest)	Complete job	﻿2026-09-16T05:24:22.2693200Z Cleaning up orphan processes
Test on bun (macos-latest)	Set up job	﻿2026-09-16T05:23:52.8466730Z Current runner version: '2.337.0'
Test on bun (macos-latest)	Set up job	2026-09-16T05:23:52.8481620Z ##[group]Runner Image Provisioner
Test on bun (macos-latest)	Set up job	2026-09-16T05:23:52.8482170Z Hosted Compute Agent
Test on bun (macos-latest)	Set up job	2026-09-16T05:23:52.8482550Z Version: 20260828.587
Test on bun (macos-latest)	Set up job	2026-09-16T05:23:52.8483150Z Commit: abac92662cab4cc7352de4f9f9d2e2419aad9c29
Test on bun (macos-latest)	Set up job	2026-09-16T05:23:52.8483730Z Build Date: 2026-08-28T16:44:25Z
Test on bun (macos-latest)	Set up job	2026-09-16T05:23:52.8484210Z Worker ID: {af1305dd-d8e7-45e2-986f-4142c6d79bf8}
Test on bun (macos-latest)	Set up job	2026-09-16T05:23:52.8484710Z Azure Region: westus
Test on bun (macos-latest)	Set up job	2026-09-16T05:23:52.8485130Z ##[endgroup]
Test on bun (macos-latest)	Set up job	2026-09-16T05:23:52.8486110Z ##[group]Operating System
Test on bun (macos-latest)	Set up job	2026-09-16T05:23:52.8486560Z macOS
Test on bun (macos-latest)	Set up job	2026-09-16T05:23:52.8486920Z 26.6.2
Test on bun (macos-latest)	Set up job	2026-09-16T05:23:52.8487250Z 25G83
Test on bun (macos-latest)	Set up job	2026-09-16T05:23:52.8487590Z ##[endgroup]
Test on bun (macos-latest)	Set up job	2026-09-16T05:23:52.8487940Z ##[group]Runner Image
Test on bun (macos-latest)	Set up job	2026-09-16T05:23:52.8488370Z Image: macos-26-arm64
Test on bun (macos-latest)	Set up job	2026-09-16T05:23:52.8488790Z Version: 20260907.0351.1
Test on bun (macos-latest)	Set up job	2026-09-16T05:23:52.8489840Z Included Software: https://github.com/actions/runner-images/blob/macos-26-arm64/20260907.0351/images/macos/macos-26-arm64-Readme.md
Test on bun (macos-latest)	Set up job	2026-09-16T05:23:52.8491050Z Image Release: https://github.com/actions/runner-images/releases/tag/macos-26-arm64%2F20260907.0351
Test on bun (macos-latest)	Set up job	2026-09-16T05:23:52.8491750Z ##[endgroup]
Test on bun (macos-latest)	Set up job	2026-09-16T05:23:52.8492520Z ##[group]GITHUB_TOKEN Permissions
Test on bun (macos-latest)	Set up job	2026-09-16T05:23:52.8493790Z Contents: read
Test on bun (macos-latest)	Set up job	2026-09-16T05:23:52.8494170Z Metadata: read
Test on bun (macos-latest)	Set up job	2026-09-16T05:23:52.8494530Z ##[endgroup]
Test on bun (macos-latest)	Set up job	2026-09-16T05:23:52.8496320Z Secret source: Actions
Test on bun (macos-latest)	Set up job	2026-09-16T05:23:52.8496900Z Cache mode: write
Test on bun (macos-latest)	Set up job	2026-09-16T05:23:52.8497410Z Prepare workflow directory
Test on bun (macos-latest)	Set up job	2026-09-16T05:23:52.8717800Z Prepare all required actions
Test on bun (macos-latest)	Set up job	2026-09-16T05:23:52.8752150Z Getting action download info
Test on bun (macos-latest)	Set up job	2026-09-16T05:23:53.2790740Z Download action repository 'actions/checkout@v6' (SHA:d23441a48e516b6c34aea4fa41551a30e30af803)
Test on bun (macos-latest)	Set up job	2026-09-16T05:23:53.5145220Z Download action repository 'actions/setup-node@v6' (SHA:249970729cb0ef3589644e2896645e5dc5ba9c38)
Test on bun (macos-latest)	Set up job	2026-09-16T05:23:53.6763300Z Download action repository 'oven-sh/setup-bun@v2' (SHA:0c5077e51419868618aeaa5fe8019c62421857d6)
Test on bun (macos-latest)	Set up job	2026-09-16T05:23:54.0470160Z Download action repository 'denoland/setup-deno@v2' (SHA:22d081ff2d3a40755e97629de92e3bcbfa7cf2ed)
Test on bun (macos-latest)	Set up job	2026-09-16T05:23:54.4400820Z Complete job name: Test on bun (macos-latest)
Test on bun (macos-latest)	Checkout code	﻿2026-09-16T05:23:54.5041080Z ##[group]Run actions/checkout@v6
Test on bun (macos-latest)	Checkout code	2026-09-16T05:23:54.5041740Z with:
Test on bun (macos-latest)	Checkout code	2026-09-16T05:23:54.5042090Z   repository: link-foundation/use-m
Test on bun (macos-latest)	Checkout code	2026-09-16T05:23:54.5045010Z   token: ***
Test on bun (macos-latest)	Checkout code	2026-09-16T05:23:54.5045320Z   ssh-strict: true
Test on bun (macos-latest)	Checkout code	2026-09-16T05:23:54.5045640Z   ssh-user: git
Test on bun (macos-latest)	Checkout code	2026-09-16T05:23:54.5045980Z   persist-credentials: true
Test on bun (macos-latest)	Checkout code	2026-09-16T05:23:54.5046340Z   clean: true
Test on bun (macos-latest)	Checkout code	2026-09-16T05:23:54.5046670Z   sparse-checkout-cone-mode: true
Test on bun (macos-latest)	Checkout code	2026-09-16T05:23:54.5047050Z   fetch-depth: 1
Test on bun (macos-latest)	Checkout code	2026-09-16T05:23:54.5047380Z   fetch-tags: false
Test on bun (macos-latest)	Checkout code	2026-09-16T05:23:54.5047720Z   show-progress: true
Test on bun (macos-latest)	Checkout code	2026-09-16T05:23:54.5048050Z   lfs: false
Test on bun (macos-latest)	Checkout code	2026-09-16T05:23:54.5048360Z   submodules: false
Test on bun (macos-latest)	Checkout code	2026-09-16T05:23:54.5048690Z   set-safe-directory: true
Test on bun (macos-latest)	Checkout code	2026-09-16T05:23:54.5049070Z   allow-unsafe-pr-checkout: false
Test on bun (macos-latest)	Checkout code	2026-09-16T05:23:54.5049630Z ##[endgroup]
Test on bun (macos-latest)	Checkout code	2026-09-16T05:23:54.8883930Z Syncing repository: link-foundation/use-m
Test on bun (macos-latest)	Checkout code	2026-09-16T05:23:54.8885340Z ##[group]Getting Git version info
Test on bun (macos-latest)	Checkout code	2026-09-16T05:23:54.8885990Z Working directory is '/Users/runner/work/use-m/use-m'
Test on bun (macos-latest)	Checkout code	2026-09-16T05:23:54.8886910Z [command]/opt/homebrew/bin/git version
Test on bun (macos-latest)	Checkout code	2026-09-16T05:23:54.9407240Z git version 2.55.0
Test on bun (macos-latest)	Checkout code	2026-09-16T05:23:54.9423410Z ##[endgroup]
Test on bun (macos-latest)	Checkout code	2026-09-16T05:23:54.9430610Z Copying '/Users/runner/.gitconfig' to '/Users/runner/work/_temp/425d419a-ec88-4ec7-a624-26fb71caad26/.gitconfig'
Test on bun (macos-latest)	Checkout code	2026-09-16T05:23:54.9480770Z Temporarily overriding HOME='/Users/runner/work/_temp/425d419a-ec88-4ec7-a624-26fb71caad26' before making global git config changes
Test on bun (macos-latest)	Checkout code	2026-09-16T05:23:54.9504430Z Adding repository directory to the temporary git global config as a safe directory
Test on bun (macos-latest)	Checkout code	2026-09-16T05:23:54.9511740Z [command]/opt/homebrew/bin/git config --global --add safe.directory /Users/runner/work/use-m/use-m
Test on bun (macos-latest)	Checkout code	2026-09-16T05:23:54.9765250Z Deleting the contents of '/Users/runner/work/use-m/use-m'
Test on bun (macos-latest)	Checkout code	2026-09-16T05:23:54.9770300Z ##[group]Determining repository object format
Test on bun (macos-latest)	Checkout code	2026-09-16T05:23:54.9771270Z ##[endgroup]
Test on bun (macos-latest)	Checkout code	2026-09-16T05:23:54.9772660Z ##[group]Initializing the repository
Test on bun (macos-latest)	Checkout code	2026-09-16T05:23:54.9781390Z [command]/opt/homebrew/bin/git init /Users/runner/work/use-m/use-m
Test on bun (macos-latest)	Checkout code	2026-09-16T05:23:55.0027090Z hint: Using 'master' as the name for the initial branch. This default branch name
Test on bun (macos-latest)	Checkout code	2026-09-16T05:23:55.0028210Z hint: will change to "main" in Git 3.0. To configure the initial branch name
Test on bun (macos-latest)	Checkout code	2026-09-16T05:23:55.0029080Z hint: to use in all of your new repositories, which will suppress this warning,
Test on bun (macos-latest)	Checkout code	2026-09-16T05:23:55.0029730Z hint: call:
Test on bun (macos-latest)	Checkout code	2026-09-16T05:23:55.0030100Z hint:
Test on bun (macos-latest)	Checkout code	2026-09-16T05:23:55.0030600Z hint: 	git config --global init.defaultBranch <name>
Test on bun (macos-latest)	Checkout code	2026-09-16T05:23:55.0031150Z hint:
Test on bun (macos-latest)	Checkout code	2026-09-16T05:23:55.0031570Z hint: Names commonly chosen instead of 'master' are 'main', 'trunk' and
Test on bun (macos-latest)	Checkout code	2026-09-16T05:23:55.0032260Z hint: 'development'. The just-created branch can be renamed via this command:
Test on bun (macos-latest)	Checkout code	2026-09-16T05:23:55.0032900Z hint:
Test on bun (macos-latest)	Checkout code	2026-09-16T05:23:55.0033220Z hint: 	git branch -m <name>
Test on bun (macos-latest)	Checkout code	2026-09-16T05:23:55.0033570Z hint:
Test on bun (macos-latest)	Checkout code	2026-09-16T05:23:55.0034100Z hint: Disable this message with "git config set advice.defaultBranchName false"
Test on bun (macos-latest)	Checkout code	2026-09-16T05:23:55.0076900Z Initialized empty Git repository in /Users/runner/work/use-m/use-m/.git/
Test on bun (macos-latest)	Checkout code	2026-09-16T05:23:55.0078750Z [command]/opt/homebrew/bin/git remote add origin https://github.com/link-foundation/use-m
Test on bun (macos-latest)	Checkout code	2026-09-16T05:23:55.0179410Z ##[endgroup]
Test on bun (macos-latest)	Checkout code	2026-09-16T05:23:55.0180300Z ##[group]Disabling automatic garbage collection
Test on bun (macos-latest)	Checkout code	2026-09-16T05:23:55.0181310Z [command]/opt/homebrew/bin/git config --local gc.auto 0
Test on bun (macos-latest)	Checkout code	2026-09-16T05:23:55.0193420Z ##[endgroup]
Test on bun (macos-latest)	Checkout code	2026-09-16T05:23:55.0195040Z ##[group]Setting up auth
Test on bun (macos-latest)	Checkout code	2026-09-16T05:23:55.0195490Z Removing SSH command configuration
Test on bun (macos-latest)	Checkout code	2026-09-16T05:23:55.0198810Z [command]/opt/homebrew/bin/git config --local --name-only --get-regexp core\.sshCommand
Test on bun (macos-latest)	Checkout code	2026-09-16T05:23:55.0262930Z [command]/opt/homebrew/bin/git submodule foreach --recursive sh -c "git config --local --name-only --get-regexp 'core\.sshCommand' && git config --local --unset-all 'core.sshCommand' || :"
Test on bun (macos-latest)	Checkout code	2026-09-16T05:23:55.1101860Z Removing HTTP extra header
Test on bun (macos-latest)	Checkout code	2026-09-16T05:23:55.1102900Z [command]/opt/homebrew/bin/git config --local --name-only --get-regexp http\.https\:\/\/github\.com\/\.extraheader
Test on bun (macos-latest)	Checkout code	2026-09-16T05:23:55.1202960Z [command]/opt/homebrew/bin/git submodule foreach --recursive sh -c "git config --local --name-only --get-regexp 'http\.https\:\/\/github\.com\/\.extraheader' && git config --local --unset-all 'http.https://github.com/.extraheader' || :"
Test on bun (macos-latest)	Checkout code	2026-09-16T05:23:55.1913670Z Removing includeIf entries pointing to credentials config files
Test on bun (macos-latest)	Checkout code	2026-09-16T05:23:55.1915630Z [command]/opt/homebrew/bin/git config --local --name-only --get-regexp ^includeIf\.gitdir:
Test on bun (macos-latest)	Checkout code	2026-09-16T05:23:55.1973220Z [command]/opt/homebrew/bin/git submodule foreach --recursive git config --local --show-origin --name-only --get-regexp remote.origin.url
Test on bun (macos-latest)	Checkout code	2026-09-16T05:23:55.3641070Z [command]/opt/homebrew/bin/git config --file /Users/runner/work/_temp/git-credentials-7bb64766-28fa-4b19-af95-708ea2fd06a9.config http.https://github.com/.extraheader AUTHORIZATION: basic ***
Test on bun (macos-latest)	Checkout code	2026-09-16T05:23:55.3688390Z [command]/opt/homebrew/bin/git config --local includeIf.gitdir:/Users/runner/work/use-m/use-m/.git.path /Users/runner/work/_temp/git-credentials-7bb64766-28fa-4b19-af95-708ea2fd06a9.config
Test on bun (macos-latest)	Checkout code	2026-09-16T05:23:55.3696940Z [command]/opt/homebrew/bin/git config --local includeIf.gitdir:/Users/runner/work/use-m/use-m/.git/worktrees/*.path /Users/runner/work/_temp/git-credentials-7bb64766-28fa-4b19-af95-708ea2fd06a9.config
Test on bun (macos-latest)	Checkout code	2026-09-16T05:23:55.3723390Z [command]/opt/homebrew/bin/git config --local includeIf.gitdir:/github/workspace/.git.path /github/runner_temp/git-credentials-7bb64766-28fa-4b19-af95-708ea2fd06a9.config
Test on bun (macos-latest)	Checkout code	2026-09-16T05:23:55.3739130Z [command]/opt/homebrew/bin/git config --local includeIf.gitdir:/github/workspace/.git/worktrees/*.path /github/runner_temp/git-credentials-7bb64766-28fa-4b19-af95-708ea2fd06a9.config
Test on bun (macos-latest)	Checkout code	2026-09-16T05:23:55.3758490Z ##[endgroup]
Test on bun (macos-latest)	Checkout code	2026-09-16T05:23:55.3764510Z ##[group]Fetching the repository
Test on bun (macos-latest)	Checkout code	2026-09-16T05:23:55.3766570Z [command]/opt/homebrew/bin/git -c protocol.version=2 fetch --no-tags --prune --no-recurse-submodules --depth=1 origin +fa32204ca66803b71af0d8578abf5dda749fda71:refs/remotes/pull/51/merge
Test on bun (macos-latest)	Checkout code	2026-09-16T05:23:55.9601470Z From https://github.com/link-foundation/use-m
Test on bun (macos-latest)	Checkout code	2026-09-16T05:23:55.9705560Z  * [new ref]         fa32204ca66803b71af0d8578abf5dda749fda71 -> pull/51/merge
Test on bun (macos-latest)	Checkout code	2026-09-16T05:23:55.9709530Z ##[endgroup]
Test on bun (macos-latest)	Checkout code	2026-09-16T05:23:55.9710220Z ##[group]Determining the checkout info
Test on bun (macos-latest)	Checkout code	2026-09-16T05:23:55.9710940Z ##[endgroup]
Test on bun (macos-latest)	Checkout code	2026-09-16T05:23:55.9711430Z [command]/opt/homebrew/bin/git sparse-checkout disable
Test on bun (macos-latest)	Checkout code	2026-09-16T05:23:55.9979430Z [command]/opt/homebrew/bin/git config --local --unset-all extensions.worktreeConfig
Test on bun (macos-latest)	Checkout code	2026-09-16T05:23:56.0047090Z ##[group]Checking out the ref
Test on bun (macos-latest)	Checkout code	2026-09-16T05:23:56.0047770Z [command]/opt/homebrew/bin/git checkout --progress --force refs/remotes/pull/51/merge
Test on bun (macos-latest)	Checkout code	2026-09-16T05:23:56.0496570Z HEAD is now at fa32204 Merge 3895ecce42d1486b528a1bfbe15a750dcd0e2eab into 5378cba033e9105307a25e3f1a176ff689b716f0
Test on bun (macos-latest)	Checkout code	2026-09-16T05:23:56.0505010Z ##[endgroup]
Test on bun (macos-latest)	Checkout code	2026-09-16T05:23:56.0593630Z [command]/opt/homebrew/bin/git log -1 --format=%H
Test on bun (macos-latest)	Checkout code	2026-09-16T05:23:56.0658600Z fa32204ca66803b71af0d8578abf5dda749fda71
Test on bun (macos-latest)	Setup Node.js	﻿2026-09-16T05:23:56.0906310Z ##[group]Run actions/setup-node@v6
Test on bun (macos-latest)	Setup Node.js	2026-09-16T05:23:56.0906770Z with:
Test on bun (macos-latest)	Setup Node.js	2026-09-16T05:23:56.0907140Z   node-version: 20.x
Test on bun (macos-latest)	Setup Node.js	2026-09-16T05:23:56.0907470Z   cache: npm
Test on bun (macos-latest)	Setup Node.js	2026-09-16T05:23:56.0907770Z   check-latest: false
Test on bun (macos-latest)	Setup Node.js	2026-09-16T05:23:56.0910470Z   token: ***
Test on bun (macos-latest)	Setup Node.js	2026-09-16T05:23:56.0910810Z   package-manager-cache: true
Test on bun (macos-latest)	Setup Node.js	2026-09-16T05:23:56.0911180Z ##[endgroup]
Test on bun (macos-latest)	Setup Node.js	2026-09-16T05:23:56.2272960Z Attempting to download 20.x...
Test on bun (macos-latest)	Setup Node.js	2026-09-16T05:23:56.9354840Z Acquiring 20.20.2 - arm64 from https://github.com/actions/node-versions/releases/download/20.20.2-23521894959/node-20.20.2-darwin-arm64.tar.gz
Test on bun (macos-latest)	Setup Node.js	2026-09-16T05:23:57.7873260Z Extracting ...
Test on bun (macos-latest)	Setup Node.js	2026-09-16T05:23:57.8083930Z [command]/usr/bin/tar xz --strip 1 -C /Users/runner/work/_temp/b0206894-ab9b-430a-9ddb-42a43c43f266 -f /Users/runner/work/_temp/ab2b0b99-23d4-46b1-bec0-2d75551ff482
Test on bun (macos-latest)	Setup Node.js	2026-09-16T05:23:59.1415500Z Adding to the cache ...
Test on bun (macos-latest)	Setup Node.js	2026-09-16T05:24:01.1972900Z ##[group]Environment details
Test on bun (macos-latest)	Setup Node.js	2026-09-16T05:24:01.8092250Z node: v20.20.2
Test on bun (macos-latest)	Setup Node.js	2026-09-16T05:24:01.8093400Z npm: 10.8.2
Test on bun (macos-latest)	Setup Node.js	2026-09-16T05:24:01.8094330Z yarn: 1.22.22
Test on bun (macos-latest)	Setup Node.js	2026-09-16T05:24:01.8095250Z ##[endgroup]
Test on bun (macos-latest)	Setup Node.js	2026-09-16T05:24:01.8111810Z [command]/Users/runner/hostedtoolcache/node/20.20.2/arm64/bin/npm config get cache
Test on bun (macos-latest)	Setup Node.js	2026-09-16T05:24:01.9641260Z /Users/runner/.npm
Test on bun (macos-latest)	Setup Node.js	2026-09-16T05:24:02.2394250Z npm cache is not found
Test on bun (macos-latest)	Setup Bun	﻿2026-09-16T05:24:02.2507050Z ##[group]Run oven-sh/setup-bun@v2
Test on bun (macos-latest)	Setup Bun	2026-09-16T05:24:02.2507330Z with:
Test on bun (macos-latest)	Setup Bun	2026-09-16T05:24:02.2507530Z   bun-version: latest
Test on bun (macos-latest)	Setup Bun	2026-09-16T05:24:02.2507750Z   no-cache: false
Test on bun (macos-latest)	Setup Bun	2026-09-16T05:24:02.2509870Z   token: ***
Test on bun (macos-latest)	Setup Bun	2026-09-16T05:24:02.2510020Z ##[endgroup]
Test on bun (macos-latest)	Setup Bun	2026-09-16T05:24:02.8385250Z Downloading a new version of Bun: https://github.com/oven-sh/bun/releases/download/bun-v1.4.2/bun-darwin-aarch64.zip
Test on bun (macos-latest)	Setup Bun	2026-09-16T05:24:03.2172070Z [command]/usr/bin/unzip -o -q /Users/runner/work/_temp/b83cd490-7bcc-48ba-8247-19d09932ff91.zip
Test on bun (macos-latest)	Setup Bun	2026-09-16T05:24:03.7253910Z [command]/Users/runner/.bun/bin/bun --revision
Test on bun (macos-latest)	Setup Bun	2026-09-16T05:24:03.7366090Z 1.4.2+744846f84
Test on bun (macos-latest)	Install dependencies	﻿2026-09-16T05:24:03.7639540Z ##[group]Run npm ci --no-audit --no-fund
Test on bun (macos-latest)	Install dependencies	2026-09-16T05:24:03.7639940Z ^[[36;1mnpm ci --no-audit --no-fund^[[0m
Test on bun (macos-latest)	Install dependencies	2026-09-16T05:24:03.7694650Z shell: /bin/bash -e {0}
Test on bun (macos-latest)	Install dependencies	2026-09-16T05:24:03.7694950Z ##[endgroup]
Test on bun (macos-latest)	Install dependencies	2026-09-16T05:24:11.2656190Z 
Test on bun (macos-latest)	Install dependencies	2026-09-16T05:24:11.2658830Z added 477 packages in 7s
Test on bun (macos-latest)	Run Bun tests	﻿2026-09-16T05:24:11.2827180Z ##[group]Run bun test
Test on bun (macos-latest)	Run Bun tests	2026-09-16T05:24:11.2827530Z ^[[36;1mbun test^[[0m
Test on bun (macos-latest)	Run Bun tests	2026-09-16T05:24:11.2881000Z shell: /bin/bash -e {0}
Test on bun (macos-latest)	Run Bun tests	2026-09-16T05:24:11.2881400Z ##[endgroup]
Test on bun (macos-latest)	Run Bun tests	2026-09-16T05:24:11.3458290Z bun test v1.4.2 (744846f84)
Test on bun (macos-latest)	Run Bun tests	2026-09-16T05:24:11.3660940Z 
Test on bun (macos-latest)	Run Bun tests	2026-09-16T05:24:11.3662350Z ##[group]tests/builtin-universal.test.cjs:
Test on bun (macos-latest)	Run Bun tests	2026-09-16T05:24:11.4253920Z (pass) [cjs module] Universal built-in modules (work in all environments) > [cjs module] console module should work [23.93ms]
Test on bun (macos-latest)	Run Bun tests	2026-09-16T05:24:11.4383720Z (pass) [cjs module] Universal built-in modules (work in all environments) > [cjs module] crypto module should work [11.56ms]
Test on bun (macos-latest)	Run Bun tests	2026-09-16T05:24:11.4456840Z (pass) [cjs module] Universal built-in modules (work in all environments) > [cjs module] url module should work [7.35ms]
Test on bun (macos-latest)	Run Bun tests	2026-09-16T05:24:11.4476970Z (pass) [cjs module] Universal built-in modules (work in all environments) > [cjs module] performance module should work [2.06ms]
Test on bun (macos-latest)	Run Bun tests	2026-09-16T05:24:11.4482480Z (pass) [cjs module] Universal built-in modules (work in all environments) > [cjs module] modules should work with node: prefix [0.52ms]
Test on bun (macos-latest)	Run Bun tests	2026-09-16T05:24:11.4483020Z 
Test on bun (macos-latest)	Run Bun tests	2026-09-16T05:24:11.4483290Z ##[endgroup]
Test on bun (macos-latest)	Run Bun tests	2026-09-16T05:24:11.4485070Z 
Test on bun (macos-latest)	Run Bun tests	2026-09-16T05:24:11.4485400Z ##[group]tests/dynamic-builtins.test.mjs:
Test on bun (macos-latest)	Run Bun tests	2026-09-16T05:24:11.4559690Z (pass) [mjs module] Dynamic built-in module detection > [mjs module] tty module should work (dynamically detected) [3.51ms]
Test on bun (macos-latest)	Run Bun tests	2026-09-16T05:24:11.4570720Z (pass) [mjs module] Dynamic built-in module detection > [mjs module] cluster module should work (dynamically detected) [1.16ms]
Test on bun (macos-latest)	Run Bun tests	2026-09-16T05:24:11.4591640Z (pass) [mjs module] Dynamic built-in module detection > [mjs module] readline module should work (dynamically detected) [1.95ms]
Test on bun (macos-latest)	Run Bun tests	2026-09-16T05:24:11.4592710Z (pass) [mjs module] Dynamic built-in module detection > [mjs module] string_decoder module should work (dynamically detected) [0.08ms]
Test on bun (macos-latest)	Run Bun tests	2026-09-16T05:24:11.4593710Z (pass) [mjs module] Dynamic built-in module detection > [mjs module] timers module should work (dynamically detected) [0.15ms]
Test on bun (macos-latest)	Run Bun tests	2026-09-16T05:24:11.4618500Z (pass) [mjs module] Dynamic built-in module detection > [mjs module] worker_threads module should work (dynamically detected) [2.50ms]
Test on bun (macos-latest)	Run Bun tests	2026-09-16T05:24:11.4624250Z (pass) [mjs module] Dynamic built-in module detection > [mjs module] vm module should work (dynamically detected) [0.64ms]
Test on bun (macos-latest)	Run Bun tests	2026-09-16T05:24:11.4625100Z (pass) [mjs module] Dynamic built-in module detection > [mjs module] node:tty should work with prefix [0.07ms]
Test on bun (macos-latest)	Run Bun tests	2026-09-16T05:24:11.4631900Z (pass) [mjs module] Dynamic built-in module detection > [mjs module] subpath built-ins should work (dns/promises, stream/promises) [0.68ms]
Test on bun (macos-latest)	Run Bun tests	2026-09-16T05:24:11.4920570Z (node:79939) [DEP0125] DeprecationWarning: The _stream_wrap module is deprecated.
Test on bun (macos-latest)	Run Bun tests	2026-09-16T05:24:11.4921830Z (Use `bun --trace-warnings ...` to show where the warning was created)
Test on bun (macos-latest)	Run Bun tests	2026-09-16T05:24:11.4922590Z (node:79939) [DEP0192] DeprecationWarning: The _tls_common module is deprecated. Use `node:tls` instead.
Test on bun (macos-latest)	Run Bun tests	2026-09-16T05:24:11.4923420Z (node:79939) [DEP0192] DeprecationWarning: The _tls_wrap module is deprecated. Use `node:tls` instead.
Test on bun (macos-latest)	Run Bun tests	2026-09-16T05:24:11.4924560Z (pass) [mjs module] Dynamic built-in module detection > [mjs module] every built-in reported by node:module should be claimed by the builtin resolver [29.05ms]
Test on bun (macos-latest)	Run Bun tests	2026-09-16T05:24:11.4925600Z (pass) [mjs module] Dynamic built-in module detection > [mjs module] prefix-only built-ins should not shadow npm packages of the same name [0.10ms]
Test on bun (macos-latest)	Run Bun tests	2026-09-16T05:24:11.4926850Z (pass) [mjs module] Dynamic built-in module detection > [mjs module] unknown module names should not be claimed as built-ins [0.03ms]
Test on bun (macos-latest)	Run Bun tests	2026-09-16T05:24:11.4927320Z 
Test on bun (macos-latest)	Run Bun tests	2026-09-16T05:24:11.4927650Z ##[endgroup]
Test on bun (macos-latest)	Run Bun tests	2026-09-16T05:24:11.4927760Z 
Test on bun (macos-latest)	Run Bun tests	2026-09-16T05:24:11.4928030Z ##[group]tests/network-imports.test.mjs:
Test on bun (macos-latest)	Run Bun tests	2026-09-16T05:24:12.1907280Z (pass) [mjs module] imports using --experimental-network-imports > [mjs module] Import using --experimental-network-imports for CJS file [697.40ms]
Test on bun (macos-latest)	Run Bun tests	2026-09-16T05:24:12.7230910Z (pass) [mjs module] imports using --experimental-network-imports > [mjs module] Import using --experimental-network-imports for MJS file [532.25ms]
Test on bun (macos-latest)	Run Bun tests	2026-09-16T05:24:12.7311670Z 
Test on bun (macos-latest)	Run Bun tests	2026-09-16T05:24:12.7312330Z /Users/runner/work/use-m/use-m/tests
Test on bun (macos-latest)	Run Bun tests	2026-09-16T05:24:12.7333050Z ##[endgroup]
Test on bun (macos-latest)	Run Bun tests	2026-09-16T05:24:12.7358600Z 
Test on bun (macos-latest)	Run Bun tests	2026-09-16T05:24:12.7359320Z ##[group]tests/relative-paths.integration.test.mjs:
Test on bun (macos-latest)	Run Bun tests	2026-09-16T05:24:12.7608540Z Testing relative paths from tests directory...
Test on bun (macos-latest)	Run Bun tests	2026-09-16T05:24:12.7609600Z (pass) [mjs module] Relative Path Resolution (Integration) > [mjs module] relative paths should work when run directly with Node.js [32.34ms]
Test on bun (macos-latest)	Run Bun tests	2026-09-16T05:24:12.7610140Z 
Test on bun (macos-latest)	Run Bun tests	2026-09-16T05:24:12.7610500Z ##[endgroup]
Test on bun (macos-latest)	Run Bun tests	2026-09-16T05:24:12.7610670Z 
Test on bun (macos-latest)	Run Bun tests	2026-09-16T05:24:12.7611020Z ##[group]tests/builtin-universal.test.mjs:
Test on bun (macos-latest)	Run Bun tests	2026-09-16T05:24:12.7611250Z 
Test on bun (macos-latest)	Run Bun tests	2026-09-16T05:24:12.7611570Z 1. Testing ./browser-server/test-helper.js
Test on bun (macos-latest)	Run Bun tests	2026-09-16T05:24:12.7612730Z    ✓ Message: Helper module loaded
Test on bun (macos-latest)	Run Bun tests	2026-09-16T05:24:12.7613160Z 
Test on bun (macos-latest)	Run Bun tests	2026-09-16T05:24:12.7613470Z 2. Testing ./browser-server/test-data.json
Test on bun (macos-latest)	Run Bun tests	2026-09-16T05:24:12.7613890Z    ✓ Value: 123
Test on bun (macos-latest)	Run Bun tests	2026-09-16T05:24:12.7614210Z    ✓ Test: data
Test on bun (macos-latest)	Run Bun tests	2026-09-16T05:24:12.7614320Z 
Test on bun (macos-latest)	Run Bun tests	2026-09-16T05:24:12.7614490Z 3. Testing ../src/use.mjs
Test on bun (macos-latest)	Run Bun tests	2026-09-16T05:24:12.7614850Z    ✓ use function exists: true
Test on bun (macos-latest)	Run Bun tests	2026-09-16T05:24:12.7615070Z 
Test on bun (macos-latest)	Run Bun tests	2026-09-16T05:24:12.7615300Z 4. Testing ./browser-server/subfolder/nested.js
Test on bun (macos-latest)	Run Bun tests	2026-09-16T05:24:12.7615670Z    ✓ Nested: true Level: subfolder
Test on bun (macos-latest)	Run Bun tests	2026-09-16T05:24:12.7615810Z 
Test on bun (macos-latest)	Run Bun tests	2026-09-16T05:24:12.7616070Z 5. Testing ./browser-server/subfolder/nested-data.json
Test on bun (macos-latest)	Run Bun tests	2026-09-16T05:24:12.7616530Z    ✓ Level: nested Depth: 1
Test on bun (macos-latest)	Run Bun tests	2026-09-16T05:24:12.7616690Z 
Test on bun (macos-latest)	Run Bun tests	2026-09-16T05:24:12.7616790Z 6. Testing ../package.json
Test on bun (macos-latest)	Run Bun tests	2026-09-16T05:24:12.7617040Z    ✓ Package name: use-m
Test on bun (macos-latest)	Run Bun tests	2026-09-16T05:24:12.7617250Z 
Test on bun (macos-latest)	Run Bun tests	2026-09-16T05:24:12.7617460Z ✅ All direct tests passed!
Test on bun (macos-latest)	Run Bun tests	2026-09-16T05:24:12.7617570Z 
Test on bun (macos-latest)	Run Bun tests	2026-09-16T05:24:12.7618440Z (pass) [mjs module] Universal built-in modules (work in all environments) > [mjs module] console module should work [0.14ms]
Test on bun (macos-latest)	Run Bun tests	2026-09-16T05:24:12.7619340Z (pass) [mjs module] Universal built-in modules (work in all environments) > [mjs module] crypto module should work [0.08ms]
Test on bun (macos-latest)	Run Bun tests	2026-09-16T05:24:12.7621110Z (pass) [mjs module] Universal built-in modules (work in all environments) > [mjs module] url module should work [0.32ms]
Test on bun (macos-latest)	Run Bun tests	2026-09-16T05:24:12.7622070Z (pass) [mjs module] Universal built-in modules (work in all environments) > [mjs module] performance module should work [0.09ms]
Test on bun (macos-latest)	Run Bun tests	2026-09-16T05:24:12.7623490Z (pass) [mjs module] Universal built-in modules (work in all environments) > [mjs module] modules should work with node: prefix [0.05ms]
Test on bun (macos-latest)	Run Bun tests	2026-09-16T05:24:12.7623920Z 
Test on bun (macos-latest)	Run Bun tests	2026-09-16T05:24:12.7624270Z ##[endgroup]
Test on bun (macos-latest)	Run Bun tests	2026-09-16T05:24:12.7624370Z 
Test on bun (macos-latest)	Run Bun tests	2026-09-16T05:24:12.7624630Z ##[group]tests/dynamic-builtins.test.cjs:
Test on bun (macos-latest)	Run Bun tests	2026-09-16T05:24:12.7630610Z (pass) [cjs module] Dynamic built-in module detection > [cjs module] tty module should work (dynamically detected) [0.08ms]
Test on bun (macos-latest)	Run Bun tests	2026-09-16T05:24:12.7631650Z (pass) [cjs module] Dynamic built-in module detection > [cjs module] cluster module should work (dynamically detected) [0.05ms]
Test on bun (macos-latest)	Run Bun tests	2026-09-16T05:24:12.7632730Z (pass) [cjs module] Dynamic built-in module detection > [cjs module] readline module should work (dynamically detected) [0.04ms]
Test on bun (macos-latest)	Run Bun tests	2026-09-16T05:24:12.7635980Z (pass) [cjs module] Dynamic built-in module detection > [cjs module] string_decoder module should work (dynamically detected) [0.03ms]
Test on bun (macos-latest)	Run Bun tests	2026-09-16T05:24:12.7637820Z (pass) [cjs module] Dynamic built-in module detection > [cjs module] timers module should work (dynamically detected) [0.04ms]
Test on bun (macos-latest)	Run Bun tests	2026-09-16T05:24:12.7638810Z (pass) [cjs module] Dynamic built-in module detection > [cjs module] worker_threads module should work (dynamically detected) [0.04ms]
Test on bun (macos-latest)	Run Bun tests	2026-09-16T05:24:12.7639960Z (pass) [cjs module] Dynamic built-in module detection > [cjs module] vm module should work (dynamically detected) [0.05ms]
Test on bun (macos-latest)	Run Bun tests	2026-09-16T05:24:12.7641290Z (pass) [cjs module] Dynamic built-in module detection > [cjs module] node:tty should work with prefix [0.04ms]
Test on bun (macos-latest)	Run Bun tests	2026-09-16T05:24:12.7642840Z (pass) [cjs module] Dynamic built-in module detection > [cjs module] subpath built-ins should work (dns/promises, stream/promises) [0.06ms]
Test on bun (macos-latest)	Run Bun tests	2026-09-16T05:24:12.7648650Z (pass) [cjs module] Dynamic built-in module detection > [cjs module] every built-in reported by node:module should be claimed by the builtin resolver [1.20ms]
Test on bun (macos-latest)	Run Bun tests	2026-09-16T05:24:12.7650170Z (pass) [cjs module] Dynamic built-in module detection > [cjs module] prefix-only built-ins should not shadow npm packages of the same name [0.07ms]
Test on bun (macos-latest)	Run Bun tests	2026-09-16T05:24:12.7651600Z (pass) [cjs module] Dynamic built-in module detection > [cjs module] unknown module names should not be claimed as built-ins [0.03ms]
Test on bun (macos-latest)	Run Bun tests	2026-09-16T05:24:12.7652190Z 
Test on bun (macos-latest)	Run Bun tests	2026-09-16T05:24:12.7654270Z ##[endgroup]
Test on bun (macos-latest)	Run Bun tests	2026-09-16T05:24:12.7656430Z 
Test on bun (macos-latest)	Run Bun tests	2026-09-16T05:24:12.7656870Z ##[group]tests/network-imports.test.cjs:
Test on bun (macos-latest)	Run Bun tests	2026-09-16T05:24:12.9463230Z (pass) [cjs module] imports using --experimental-network-imports > [cjs module] Import using --experimental-network-imports for CJS file [181.09ms]
Test on bun (macos-latest)	Run Bun tests	2026-09-16T05:24:13.1095020Z (pass) [cjs module] imports using --experimental-network-imports > [cjs module] Import using --experimental-network-imports for MJS file [163.11ms]
Test on bun (macos-latest)	Run Bun tests	2026-09-16T05:24:13.1196230Z 
Test on bun (macos-latest)	Run Bun tests	2026-09-16T05:24:13.1252150Z ##[endgroup]
Test on bun (macos-latest)	Run Bun tests	2026-09-16T05:24:13.1252370Z 
Test on bun (macos-latest)	Run Bun tests	2026-09-16T05:24:13.1253000Z ##[group]tests/release-workflow-policy.test.mjs:
Test on bun (macos-latest)	Run Bun tests	2026-09-16T05:24:13.1253780Z (pass) release workflow policy > uses npm package metadata that matches registry and trusted publishing expectations [2.42ms]
Test on bun (macos-latest)	Run Bun tests	2026-09-16T05:24:13.1254580Z (pass) release workflow policy > keeps CI and publishing in the trusted-publisher release workflow [0.88ms]
Test on bun (macos-latest)	Run Bun tests	2026-09-16T05:24:13.1255410Z (pass) release workflow policy > publishes with npm trusted publishing instead of token auth [0.35ms]
Test on bun (macos-latest)	Run Bun tests	2026-09-16T05:24:13.1294850Z (pass) release workflow policy > runs tests before publishing and preserves main-branch release runs [0.23ms]
Test on bun (macos-latest)	Run Bun tests	2026-09-16T05:24:13.1295770Z (pass) release workflow policy > fails release runs when the package, tag, and GitHub release already exist [0.09ms]
Test on bun (macos-latest)	Run Bun tests	2026-09-16T05:24:13.1296600Z (pass) release workflow policy > keeps dependency install logs quiet while auditing shipped dependencies [0.04ms]
Test on bun (macos-latest)	Run Bun tests	2026-09-16T05:24:13.1297440Z (pass) release workflow policy > uses current action versions and explicit job timeouts [0.18ms]
Test on bun (macos-latest)	Run Bun tests	2026-09-16T05:24:13.1298350Z (pass) release workflow policy > retries Deno network-import tests without hiding persistent failures [0.03ms]
Test on bun (macos-latest)	Run Bun tests	2026-09-16T05:24:13.1298870Z 
Test on bun (macos-latest)	Run Bun tests	2026-09-16T05:24:13.1299180Z ##[endgroup]
Test on bun (macos-latest)	Run Bun tests	2026-09-16T05:24:13.1299430Z 
Test on bun (macos-latest)	Run Bun tests	2026-09-16T05:24:13.1299670Z ##[group]tests/builtin-nodejs.test.cjs:
Test on bun (macos-latest)	Run Bun tests	2026-09-16T05:24:13.1300290Z (pass) [cjs module] Node.js/Bun-only built-in modules > [cjs module] fs module should work [0.19ms]
Test on bun (macos-latest)	Run Bun tests	2026-09-16T05:24:13.1301110Z (pass) [cjs module] Node.js/Bun-only built-in modules > [cjs module] path module should work [0.10ms]
Test on bun (macos-latest)	Run Bun tests	2026-09-16T05:24:13.1301900Z (pass) [cjs module] Node.js/Bun-only built-in modules > [cjs module] os module should work [0.31ms]
Test on bun (macos-latest)	Run Bun tests	2026-09-16T05:24:13.1302660Z (pass) [cjs module] Node.js/Bun-only built-in modules > [cjs module] util module should work [1.36ms]
Test on bun (macos-latest)	Run Bun tests	2026-09-16T05:24:13.1303450Z (pass) [cjs module] Node.js/Bun-only built-in modules > [cjs module] events module should work [0.14ms]
Test on bun (macos-latest)	Run Bun tests	2026-09-16T05:24:13.1304150Z (pass) [cjs module] Node.js/Bun-only built-in modules > [cjs module] stream module should work [0.06ms]
Test on bun (macos-latest)	Run Bun tests	2026-09-16T05:24:13.1304900Z (pass) [cjs module] Node.js/Bun-only built-in modules > [cjs module] buffer module should work [0.06ms]
Test on bun (macos-latest)	Run Bun tests	2026-09-16T05:24:13.1305610Z (pass) [cjs module] Node.js/Bun-only built-in modules > [cjs module] process module should work [0.07ms]
Test on bun (macos-latest)	Run Bun tests	2026-09-16T05:24:13.1306340Z (pass) [cjs module] Node.js/Bun-only built-in modules > [cjs module] child_process module should work [0.04ms]
Test on bun (macos-latest)	Run Bun tests	2026-09-16T05:24:13.1307120Z (pass) [cjs module] Node.js/Bun-only built-in modules > [cjs module] http module should work [0.05ms]
Test on bun (macos-latest)	Run Bun tests	2026-09-16T05:24:13.1307860Z (pass) [cjs module] Node.js/Bun-only built-in modules > [cjs module] https module should work [0.04ms]
Test on bun (macos-latest)	Run Bun tests	2026-09-16T05:24:13.1309000Z (pass) [cjs module] Node.js/Bun-only built-in modules > [cjs module] net module should work [0.04ms]
Test on bun (macos-latest)	Run Bun tests	2026-09-16T05:24:13.1309690Z (pass) [cjs module] Node.js/Bun-only built-in modules > [cjs module] dns module should work [0.06ms]
Test on bun (macos-latest)	Run Bun tests	2026-09-16T05:24:13.1310390Z (pass) [cjs module] Node.js/Bun-only built-in modules > [cjs module] zlib module should work [0.05ms]
Test on bun (macos-latest)	Run Bun tests	2026-09-16T05:24:13.1311300Z (pass) [cjs module] Node.js/Bun-only built-in modules > [cjs module] querystring module should work [0.28ms]
Test on bun (macos-latest)	Run Bun tests	2026-09-16T05:24:13.1312020Z (pass) [cjs module] Node.js/Bun-only built-in modules > [cjs module] assert module should work [0.58ms]
Test on bun (macos-latest)	Run Bun tests	2026-09-16T05:24:13.1312810Z (pass) [cjs module] Node.js/Bun-only built-in modules > [cjs module] all modules should work with node: prefix [0.12ms]
Test on bun (macos-latest)	Run Bun tests	2026-09-16T05:24:13.1313220Z 
Test on bun (macos-latest)	Run Bun tests	2026-09-16T05:24:13.1313430Z ##[endgroup]
Test on bun (macos-latest)	Run Bun tests	2026-09-16T05:24:13.1313560Z 
Test on bun (macos-latest)	Run Bun tests	2026-09-16T05:24:13.1313780Z ##[group]tests/builtin-errors.test.cjs:
Test on bun (macos-latest)	Run Bun tests	2026-09-16T05:24:13.1314510Z (pass) [cjs module] Built-in module error handling > [cjs module] should return null for non-builtin modules from builtin resolver [0.03ms]
Test on bun (macos-latest)	Run Bun tests	2026-09-16T05:24:13.1315410Z (pass) [cjs module] Built-in module error handling > [cjs module] should throw error for unsupported builtin modules [0.04ms]
Test on bun (macos-latest)	Run Bun tests	2026-09-16T05:24:13.1316350Z (pass) [cjs module] Built-in module error handling > [cjs module] should handle modules not available in browser environment [0.53ms]
Test on bun (macos-latest)	Run Bun tests	2026-09-16T05:24:13.2214320Z (pass) [cjs module] Built-in module error handling > [cjs module] should only work with exact lowercase module names [100.63ms]
Test on bun (macos-latest)	Run Bun tests	2026-09-16T05:24:13.2215490Z (pass) [cjs module] Built-in module error handling > [cjs module] should handle node: prefix removal correctly [0.20ms]
Test on bun (macos-latest)	Run Bun tests	2026-09-16T05:24:13.2216640Z (pass) [cjs module] Built-in module error handling > [cjs module] should throw meaningful errors for import failures [0.07ms]
Test on bun (macos-latest)	Run Bun tests	2026-09-16T05:24:13.2217690Z (pass) [cjs module] Built-in module error handling > [cjs module] builtin resolver should handle empty/invalid module specifiers gracefully [0.06ms]
Test on bun (macos-latest)	Run Bun tests	2026-09-16T05:24:13.2218800Z (pass) [cjs module] Built-in module error handling > [cjs module] should handle modules with special characters in names [0.04ms]
Test on bun (macos-latest)	Run Bun tests	2026-09-16T05:24:13.2219200Z 
Test on bun (macos-latest)	Run Bun tests	2026-09-16T05:24:13.2219610Z ##[endgroup]
Test on bun (macos-latest)	Run Bun tests	2026-09-16T05:24:13.2219740Z 
Test on bun (macos-latest)	Run Bun tests	2026-09-16T05:24:13.2220020Z ##[group]tests/builtin-errors.test.mjs:
Test on bun (macos-latest)	Run Bun tests	2026-09-16T05:24:13.2223560Z (pass) [mjs module] Built-in module error handling > [mjs module] should return null for non-builtin modules from builtin resolver [0.06ms]
Test on bun (macos-latest)	Run Bun tests	2026-09-16T05:24:13.2224670Z (pass) [mjs module] Built-in module error handling > [mjs module] should throw error for unsupported builtin modules [0.06ms]
Test on bun (macos-latest)	Run Bun tests	2026-09-16T05:24:13.2226080Z (pass) [mjs module] Built-in module error handling > [mjs module] should handle modules not available in browser environment [0.14ms]
Test on bun (macos-latest)	Run Bun tests	2026-09-16T05:24:13.2727400Z (pass) [mjs module] Built-in module error handling > [mjs module] should only work with exact lowercase module names [50.14ms]
Test on bun (macos-latest)	Run Bun tests	2026-09-16T05:24:13.2728680Z (pass) [mjs module] Built-in module error handling > [mjs module] should handle node: prefix removal correctly [0.21ms]
Test on bun (macos-latest)	Run Bun tests	2026-09-16T05:24:13.2729570Z (pass) [mjs module] Built-in module error handling > [mjs module] should throw meaningful errors for import failures [0.06ms]
Test on bun (macos-latest)	Run Bun tests	2026-09-16T05:24:13.2730730Z (pass) [mjs module] Built-in module error handling > [mjs module] builtin resolver should handle empty/invalid module specifiers gracefully [0.07ms]
Test on bun (macos-latest)	Run Bun tests	2026-09-16T05:24:13.2731770Z (pass) [mjs module] Built-in module error handling > [mjs module] should handle modules with special characters in names [0.04ms]
Test on bun (macos-latest)	Run Bun tests	2026-09-16T05:24:13.2732140Z 
Test on bun (macos-latest)	Run Bun tests	2026-09-16T05:24:13.2732410Z ##[endgroup]
Test on bun (macos-latest)	Run Bun tests	2026-09-16T05:24:13.2732500Z 
Test on bun (macos-latest)	Run Bun tests	2026-09-16T05:24:13.2732790Z ##[group]tests/builtin-browser.test.mjs:
Test on bun (macos-latest)	Run Bun tests	2026-09-16T05:24:17.8525060Z (pass) [mjs module] Universal built-in modules in browser > [mjs module] console module should work in browser [2.44ms]
Test on bun (macos-latest)	Run Bun tests	2026-09-16T05:24:17.8552310Z (pass) [mjs module] Universal built-in modules in browser > [mjs module] crypto module should work in browser [0.97ms]
Test on bun (macos-latest)	Run Bun tests	2026-09-16T05:24:17.8553570Z (pass) [mjs module] Universal built-in modules in browser > [mjs module] url module should work in browser [0.64ms]
Test on bun (macos-latest)	Run Bun tests	2026-09-16T05:24:17.8554640Z (pass) [mjs module] Universal built-in modules in browser > [mjs module] performance module should work in browser [0.53ms]
Test on bun (macos-latest)	Run Bun tests	2026-09-16T05:24:17.8559910Z (pass) [mjs module] Universal built-in modules in browser > [mjs module] fs module should fail in browser with correct error [0.40ms]
Test on bun (macos-latest)	Run Bun tests	2026-09-16T05:24:17.8564270Z (pass) [mjs module] Universal built-in modules in browser > [mjs module] node: prefix should work with universal modules [0.46ms]
Test on bun (macos-latest)	Run Bun tests	2026-09-16T05:24:17.8567540Z (pass) [mjs module] Universal built-in modules in browser > [mjs module] uppercase module names should fail (strict lowercase only) [0.40ms]
Test on bun (macos-latest)	Run Bun tests	2026-09-16T05:24:17.8569550Z (pass) [mjs module] Universal built-in modules in browser > [mjs module] all browser tests should pass [0.48ms]
Test on bun (macos-latest)	Run Bun tests	2026-09-16T05:24:18.1170330Z 
Test on bun (macos-latest)	Run Bun tests	2026-09-16T05:24:18.1271550Z ##[endgroup]
Test on bun (macos-latest)	Run Bun tests	2026-09-16T05:24:18.1371940Z 
Test on bun (macos-latest)	Run Bun tests	2026-09-16T05:24:18.1473090Z ##[group]tests/relative-paths-browser.test.mjs:
Test on bun (macos-latest)	Run Bun tests	2026-09-16T05:24:20.3784600Z (pass) [mjs module] Relative path resolution in browser > [mjs module] ./ path for JS file in same directory should work [1.31ms]
Test on bun (macos-latest)	Run Bun tests	2026-09-16T05:24:20.3843400Z (pass) [mjs module] Relative path resolution in browser > [mjs module] ./ path for JSON file in same directory should work [0.54ms]
Test on bun (macos-latest)	Run Bun tests	2026-09-16T05:24:20.3844700Z (pass) [mjs module] Relative path resolution in browser > [mjs module] ../../ path for JS file in parent directory should work [0.35ms]
Test on bun (macos-latest)	Run Bun tests	2026-09-16T05:24:20.3845650Z (pass) [mjs module] Relative path resolution in browser > [mjs module] ./subfolder/ path for nested JS file should work [0.40ms]
Test on bun (macos-latest)	Run Bun tests	2026-09-16T05:24:20.3846600Z (pass) [mjs module] Relative path resolution in browser > [mjs module] ./subfolder/ path for nested JSON file should work [0.31ms]
Test on bun (macos-latest)	Run Bun tests	2026-09-16T05:24:20.3847720Z (pass) [mjs module] Relative path resolution in browser > [mjs module] mixed relative and npm imports should work [0.36ms]
Test on bun (macos-latest)	Run Bun tests	2026-09-16T05:24:20.3848680Z (pass) [mjs module] Relative path resolution in browser > [mjs module] all relative path browser tests should pass [0.32ms]
Test on bun (macos-latest)	Run Bun tests	2026-09-16T05:24:20.5369370Z 
Test on bun (macos-latest)	Run Bun tests	2026-09-16T05:24:20.5370230Z ##[endgroup]
Test on bun (macos-latest)	Run Bun tests	2026-09-16T05:24:20.5370370Z 
Test on bun (macos-latest)	Run Bun tests	2026-09-16T05:24:20.5370590Z ##[group]tests/builtin-nodejs.test.mjs:
Test on bun (macos-latest)	Run Bun tests	2026-09-16T05:24:20.5384200Z (pass) [mjs module] Node.js/Bun-only built-in modules > [mjs module] fs module should work [0.17ms]
Test on bun (macos-latest)	Run Bun tests	2026-09-16T05:24:20.5385110Z (pass) [mjs module] Node.js/Bun-only built-in modules > [mjs module] path module should work [0.10ms]
Test on bun (macos-latest)	Run Bun tests	2026-09-16T05:24:20.5385930Z (pass) [mjs module] Node.js/Bun-only built-in modules > [mjs module] os module should work [0.10ms]
Test on bun (macos-latest)	Run Bun tests	2026-09-16T05:24:20.5387660Z (pass) [mjs module] Node.js/Bun-only built-in modules > [mjs module] util module should work [0.15ms]
Test on bun (macos-latest)	Run Bun tests	2026-09-16T05:24:20.5388560Z (pass) [mjs module] Node.js/Bun-only built-in modules > [mjs module] events module should work [0.11ms]
Test on bun (macos-latest)	Run Bun tests	2026-09-16T05:24:20.5389400Z (pass) [mjs module] Node.js/Bun-only built-in modules > [mjs module] stream module should work [0.05ms]
Test on bun (macos-latest)	Run Bun tests	2026-09-16T05:24:20.5390190Z (pass) [mjs module] Node.js/Bun-only built-in modules > [mjs module] buffer module should work [0.06ms]
Test on bun (macos-latest)	Run Bun tests	2026-09-16T05:24:20.5390970Z (pass) [mjs module] Node.js/Bun-only built-in modules > [mjs module] process module should work [0.07ms]
Test on bun (macos-latest)	Run Bun tests	2026-09-16T05:24:20.5391780Z (pass) [mjs module] Node.js/Bun-only built-in modules > [mjs module] child_process module should work [0.05ms]
Test on bun (macos-latest)	Run Bun tests	2026-09-16T05:24:20.5392610Z (pass) [mjs module] Node.js/Bun-only built-in modules > [mjs module] http module should work [0.04ms]
Test on bun (macos-latest)	Run Bun tests	2026-09-16T05:24:20.5394000Z (pass) [mjs module] Node.js/Bun-only built-in modules > [mjs module] https module should work [0.04ms]
Test on bun (macos-latest)	Run Bun tests	2026-09-16T05:24:20.5394750Z (pass) [mjs module] Node.js/Bun-only built-in modules > [mjs module] net module should work [0.04ms]
Test on bun (macos-latest)	Run Bun tests	2026-09-16T05:24:20.5399170Z (pass) [mjs module] Node.js/Bun-only built-in modules > [mjs module] dns module should work [0.05ms]
Test on bun (macos-latest)	Run Bun tests	2026-09-16T05:24:20.5399930Z (pass) [mjs module] Node.js/Bun-only built-in modules > [mjs module] zlib module should work [0.06ms]
Test on bun (macos-latest)	Run Bun tests	2026-09-16T05:24:20.5400610Z (pass) [mjs module] Node.js/Bun-only built-in modules > [mjs module] querystring module should work [0.06ms]
Test on bun (macos-latest)	Run Bun tests	2026-09-16T05:24:20.5401700Z (pass) [mjs module] Node.js/Bun-only built-in modules > [mjs module] assert module should work [0.13ms]
Test on bun (macos-latest)	Run Bun tests	2026-09-16T05:24:20.5402530Z (pass) [mjs module] Node.js/Bun-only built-in modules > [mjs module] all modules should work with node: prefix [0.21ms]
Test on bun (macos-latest)	Run Bun tests	2026-09-16T05:24:20.5403020Z 
Test on bun (macos-latest)	Run Bun tests	2026-09-16T05:24:20.5403300Z ##[endgroup]
Test on bun (macos-latest)	Run Bun tests	2026-09-16T05:24:20.5403400Z 
Test on bun (macos-latest)	Run Bun tests	2026-09-16T05:24:20.5403600Z ##[group]tests/resolvers.test.mjs:
Test on bun (macos-latest)	Run Bun tests	2026-09-16T05:24:20.6636660Z (pass) [mjs module] resolvers tests > [mjs module] npm resolver resolves package path [122.72ms]
Test on bun (macos-latest)	Run Bun tests	2026-09-16T05:24:21.6852110Z (pass) [mjs module] resolvers tests > [mjs module] npm resolver resolves scoped package path for @octokit/core@6.1.5 [1021.51ms]
Test on bun (macos-latest)	Run Bun tests	2026-09-16T05:24:23.9325490Z (pass) [mjs module] resolvers tests > [mjs module] npm resolver resolves package path with version [2247.29ms]
Test on bun (macos-latest)	Run Bun tests	2026-09-16T05:24:24.5257190Z (pass) [mjs module] resolvers tests > [mjs module] npm resolver resolves yargs/helpers [593.21ms]
Test on bun (macos-latest)	Run Bun tests	2026-09-16T05:24:25.1044160Z (pass) [mjs module] resolvers tests > [mjs module] npm resolver resolves yargs@18.0.0/helpers [578.69ms]
Test on bun (macos-latest)	Run Bun tests	2026-09-16T05:24:25.5488090Z (pass) [mjs module] resolvers tests > [mjs module] npm resolver resolves yargs@latest/helpers [444.38ms]
Test on bun (macos-latest)	Run Bun tests	2026-09-16T05:24:25.5588420Z (pass) [mjs module] resolvers tests > [mjs module] skypack resolver resolves URL [0.13ms]
Test on bun (macos-latest)	Run Bun tests	2026-09-16T05:24:25.5617160Z (pass) [mjs module] resolvers tests > [mjs module] skypack resolver resolves subpath [0.03ms]
Test on bun (macos-latest)	Run Bun tests	2026-09-16T05:24:25.5619320Z (pass) [mjs module] resolvers tests > [mjs module] jsdelivr resolver resolves URL [0.07ms]
Test on bun (macos-latest)	Run Bun tests	2026-09-16T05:24:25.5620750Z (pass) [mjs module] resolvers tests > [mjs module] jsdelivr resolver resolves subpath [0.03ms]
Test on bun (macos-latest)	Run Bun tests	2026-09-16T05:24:25.5621730Z (pass) [mjs module] resolvers tests > [mjs module] unpkg resolver resolves URL [0.04ms]
Test on bun (macos-latest)	Run Bun tests	2026-09-16T05:24:25.5622400Z (pass) [mjs module] resolvers tests > [mjs module] unpkg resolver resolves subpath [0.03ms]
Test on bun (macos-latest)	Run Bun tests	2026-09-16T05:24:25.5623000Z (pass) [mjs module] resolvers tests > [mjs module] esm resolver resolves URL [0.02ms]
Test on bun (macos-latest)	Run Bun tests	2026-09-16T05:24:25.5623600Z (pass) [mjs module] resolvers tests > [mjs module] esm resolver resolves subpath [0.02ms]
Test on bun (macos-latest)	Run Bun tests	2026-09-16T05:24:25.5624270Z (pass) [mjs module] resolvers tests > [mjs module] jspm resolver resolves URL [0.03ms]
Test on bun (macos-latest)	Run Bun tests	2026-09-16T05:24:25.5624850Z (pass) [mjs module] resolvers tests > [mjs module] jspm resolver resolves subpath [0.02ms]
Test on bun (macos-latest)	Run Bun tests	2026-09-16T05:24:25.7320780Z (pass) [mjs module] resolvers tests > [mjs module] bun resolver resolves package path [182.83ms]
Test on bun (macos-latest)	Run Bun tests	2026-09-16T05:24:25.9634680Z (pass) [mjs module] resolvers tests > [mjs module] bun resolver resolves scoped package path for @octokit/core@6.1.5 [231.37ms]
Test on bun (macos-latest)	Run Bun tests	2026-09-16T05:24:26.2396040Z (pass) [mjs module] resolvers tests > [mjs module] bun resolver resolves yargs/helpers [275.60ms]
Test on bun (macos-latest)	Run Bun tests	2026-09-16T05:24:26.3490470Z (pass) [mjs module] resolvers tests > [mjs module] bun resolver resolves yargs@latest/helpers [109.91ms]
Test on bun (macos-latest)	Run Bun tests	2026-09-16T05:24:26.3490890Z 
Test on bun (macos-latest)	Run Bun tests	2026-09-16T05:24:26.3491180Z ##[endgroup]
Test on bun (macos-latest)	Run Bun tests	2026-09-16T05:24:26.3491280Z 
Test on bun (macos-latest)	Run Bun tests	2026-09-16T05:24:26.3491490Z ##[group]tests/module-specifier.test.cjs:
Test on bun (macos-latest)	Run Bun tests	2026-09-16T05:24:26.3591040Z (pass) [cjs module] parseModuleSpecifier > [cjs module] parses package with name and version [4.57ms]
Test on bun (macos-latest)	Run Bun tests	2026-09-16T05:24:26.3592730Z (pass) [cjs module] parseModuleSpecifier > [cjs module] parses scoped package with name and version [0.08ms]
Test on bun (macos-latest)	Run Bun tests	2026-09-16T05:24:26.3594390Z (pass) [cjs module] parseModuleSpecifier > [cjs module] parses package with name, version, and inner path [0.02ms]
Test on bun (macos-latest)	Run Bun tests	2026-09-16T05:24:26.3595230Z (pass) [cjs module] parseModuleSpecifier > [cjs module] parses package with name, version, and inner path with latest
Test on bun (macos-latest)	Run Bun tests	2026-09-16T05:24:26.3597080Z (pass) [cjs module] parseModuleSpecifier > [cjs module] parses scoped package with name, version, and inner path
Test on bun (macos-latest)	Run Bun tests	2026-09-16T05:24:26.3597770Z (pass) [cjs module] parseModuleSpecifier > [cjs module] parses package with name only
Test on bun (macos-latest)	Run Bun tests	2026-09-16T05:24:26.3598590Z (pass) [cjs module] parseModuleSpecifier > [cjs module] parses scoped package with name only
Test on bun (macos-latest)	Run Bun tests	2026-09-16T05:24:26.3599770Z (pass) [cjs module] parseModuleSpecifier > [cjs module] parses yargs@17.7.2/helpers
Test on bun (macos-latest)	Run Bun tests	2026-09-16T05:24:26.3600630Z (pass) [cjs module] parseModuleSpecifier > [cjs module] parses yargs@latest/helpers
Test on bun (macos-latest)	Run Bun tests	2026-09-16T05:24:26.3603340Z (pass) [cjs module] parseModuleSpecifier > [cjs module] parses yargs/helpers [0.01ms]
Test on bun (macos-latest)	Run Bun tests	2026-09-16T05:24:26.3604220Z (pass) [cjs module] parseModuleSpecifier > [cjs module] throws error for invalid package identifier [0.04ms]
Test on bun (macos-latest)	Run Bun tests	2026-09-16T05:24:26.3604720Z 
Test on bun (macos-latest)	Run Bun tests	2026-09-16T05:24:26.3612970Z ##[endgroup]
Test on bun (macos-latest)	Run Bun tests	2026-09-16T05:24:26.3613340Z 
Test on bun (macos-latest)	Run Bun tests	2026-09-16T05:24:26.3613660Z ##[group]tests/load.test.cjs:
Test on bun (macos-latest)	Run Bun tests	2026-09-16T05:24:26.3620710Z (pass) [cjs module] looksLikeUseModule > [cjs module] accepts the real shipped use.js [0.85ms]
Test on bun (macos-latest)	Run Bun tests	2026-09-16T05:24:26.3622720Z (pass) [cjs module] looksLikeUseModule > [cjs module] accepts a long module-like body [0.08ms]
Test on bun (macos-latest)	Run Bun tests	2026-09-16T05:24:26.3627420Z (pass) [cjs module] looksLikeUseModule > [cjs module] rejects common CDN plain-text error bodies [0.03ms]
Test on bun (macos-latest)	Run Bun tests	2026-09-16T05:24:26.3628990Z (pass) [cjs module] looksLikeUseModule > [cjs module] rejects HTML error pages
Test on bun (macos-latest)	Run Bun tests	2026-09-16T05:24:26.3629730Z (pass) [cjs module] looksLikeUseModule > [cjs module] rejects empty, whitespace, short, and non-string input [0.02ms]
Test on bun (macos-latest)	Run Bun tests	2026-09-16T05:24:26.3630490Z (pass) [cjs module] DEFAULT_SOURCES > [cjs module] lists unpkg, jsDelivr and esm.sh in priority order [0.01ms]
Test on bun (macos-latest)	Run Bun tests	2026-09-16T05:24:26.3633370Z (pass) [cjs module] loadUseM > [cjs module] resolves the use object from the first working source [1.09ms]
Test on bun (macos-latest)	Run Bun tests	2026-09-16T05:24:26.3654380Z (pass) [cjs module] loadUseM > [cjs module] evaluates the real shipped use.js into a working module [2.03ms]
Test on bun (macos-latest)	Run Bun tests	2026-09-16T05:24:26.3658100Z (pass) [cjs module] loadUseM > [cjs module] falls back to a later mirror when earlier ones fail [0.44ms]
Test on bun (macos-latest)	Run Bun tests	2026-09-16T05:24:26.3659060Z (pass) [cjs module] loadUseM > [cjs module] retries a flaky source before succeeding [0.09ms]
Test on bun (macos-latest)	Run Bun tests	2026-09-16T05:24:26.3665800Z (pass) [cjs module] loadUseM > [cjs module] throws a clear aggregated error (not SyntaxError) when every source fails [0.65ms]
Test on bun (macos-latest)	Run Bun tests	2026-09-16T05:24:26.3666700Z (pass) [cjs module] loadUseM > [cjs module] surfaces the HTTP status for non-ok responses [0.11ms]
Test on bun (macos-latest)	Run Bun tests	2026-09-16T05:24:26.3667740Z (pass) [cjs module] loadUseM > [cjs module] rejects when the evaluated module lacks a use function [0.09ms]
Test on bun (macos-latest)	Run Bun tests	2026-09-16T05:24:26.3671190Z (pass) [cjs module] loadUseM > [cjs module] does not let eval errors from a malformed body escape [0.15ms]
Test on bun (macos-latest)	Run Bun tests	2026-09-16T05:24:26.3671880Z (pass) [cjs module] loadUseM > [cjs module] reports a clear error when fetch is unavailable [0.07ms]
Test on bun (macos-latest)	Run Bun tests	2026-09-16T05:24:26.3672490Z (pass) [cjs module] loadUseM > [cjs module] honors a custom evaluate hook [0.05ms]
Test on bun (macos-latest)	Run Bun tests	2026-09-16T05:24:26.4199100Z (pass) [cjs module] loadUseM > [cjs module] times out a hanging request and reports it [52.74ms]
Test on bun (macos-latest)	Run Bun tests	2026-09-16T05:24:26.4199610Z 
Test on bun (macos-latest)	Run Bun tests	2026-09-16T05:24:26.4199960Z ##[endgroup]
Test on bun (macos-latest)	Run Bun tests	2026-09-16T05:24:26.4200070Z 
Test on bun (macos-latest)	Run Bun tests	2026-09-16T05:24:26.4200360Z ##[group]tests/esm-sh-polyfill-browser.test.mjs:
Test on bun (macos-latest)	Run Bun tests	2026-09-16T05:24:28.2995650Z (pass) [mjs module] esm.sh browser polyfill handling > [mjs module] process and filename browser shims still use CDN resolver [0.53ms]
Test on bun (macos-latest)	Run Bun tests	2026-09-16T05:24:28.3755140Z 
Test on bun (macos-latest)	Run Bun tests	2026-09-16T05:24:28.3755680Z ##[endgroup]
Test on bun (macos-latest)	Run Bun tests	2026-09-16T05:24:28.3755930Z 
Test on bun (macos-latest)	Run Bun tests	2026-09-16T05:24:28.3756300Z ##[group]tests/resolvers.test.cjs:
Test on bun (macos-latest)	Run Bun tests	2026-09-16T05:24:28.4951980Z (pass) [cjs module] resolvers tests > [cjs module] npm resolver resolves package path [117.13ms]
Test on bun (macos-latest)	Run Bun tests	2026-09-16T05:24:28.6076710Z (pass) [cjs module] resolvers tests > [cjs module] npm resolver resolves scoped package path for @octokit/core@6.1.5 [112.47ms]
Test on bun (macos-latest)	Run Bun tests	2026-09-16T05:24:30.1923730Z (pass) [cjs module] resolvers tests > [cjs module] npm resolver resolves package path with version [1584.63ms]
Test on bun (macos-latest)	Run Bun tests	2026-09-16T05:24:30.3456090Z (pass) [cjs module] resolvers tests > [cjs module] npm resolver resolves yargs/helpers [143.67ms]
Test on bun (macos-latest)	Run Bun tests	2026-09-16T05:24:30.4506620Z (pass) [cjs module] resolvers tests > [cjs module] npm resolver resolves yargs@18.0.0/helpers [114.65ms]
Test on bun (macos-latest)	Run Bun tests	2026-09-16T05:24:30.9262850Z (pass) [cjs module] resolvers tests > [cjs module] npm resolver resolves yargs@latest/helpers [475.61ms]
Test on bun (macos-latest)	Run Bun tests	2026-09-16T05:24:30.9363910Z (pass) [cjs module] resolvers tests > [cjs module] skypack resolver resolves URL [0.14ms]
Test on bun (macos-latest)	Run Bun tests	2026-09-16T05:24:30.9465620Z (pass) [cjs module] resolvers tests > [cjs module] skypack resolver resolves subpath [0.03ms]
Test on bun (macos-latest)	Run Bun tests	2026-09-16T05:24:30.9481630Z (pass) [cjs module] resolvers tests > [cjs module] jsdelivr resolver resolves URL [0.08ms]
Test on bun (macos-latest)	Run Bun tests	2026-09-16T05:24:30.9498120Z (pass) [cjs module] resolvers tests > [cjs module] jsdelivr resolver resolves subpath [0.03ms]
Test on bun (macos-latest)	Run Bun tests	2026-09-16T05:24:30.9499000Z (pass) [cjs module] resolvers tests > [cjs module] unpkg resolver resolves URL [0.04ms]
Test on bun (macos-latest)	Run Bun tests	2026-09-16T05:24:30.9499800Z (pass) [cjs module] resolvers tests > [cjs module] unpkg resolver resolves subpath [0.07ms]
Test on bun (macos-latest)	Run Bun tests	2026-09-16T05:24:30.9500630Z (pass) [cjs module] resolvers tests > [cjs module] esm resolver resolves URL [0.04ms]
Test on bun (macos-latest)	Run Bun tests	2026-09-16T05:24:30.9501380Z (pass) [cjs module] resolvers tests > [cjs module] esm resolver resolves subpath [0.02ms]
Test on bun (macos-latest)	Run Bun tests	2026-09-16T05:24:30.9503000Z (pass) [cjs module] resolvers tests > [cjs module] jspm resolver resolves URL [0.03ms]
Test on bun (macos-latest)	Run Bun tests	2026-09-16T05:24:30.9503770Z (pass) [cjs module] resolvers tests > [cjs module] jspm resolver resolves subpath [0.02ms]
Test on bun (macos-latest)	Run Bun tests	2026-09-16T05:24:30.9504670Z (pass) [cjs module] resolvers tests > [cjs module] bun resolver resolves package path [17.12ms]
Test on bun (macos-latest)	Run Bun tests	2026-09-16T05:24:30.9573300Z (pass) [cjs module] resolvers tests > [cjs module] bun resolver resolves yargs/helpers [13.39ms]
Test on bun (macos-latest)	Run Bun tests	2026-09-16T05:24:30.9817430Z (pass) [cjs module] resolvers tests > [cjs module] bun resolver resolves yargs@latest/helpers [24.41ms]
Test on bun (macos-latest)	Run Bun tests	2026-09-16T05:24:30.9818030Z 
Test on bun (macos-latest)	Run Bun tests	2026-09-16T05:24:30.9818330Z ##[endgroup]
Test on bun (macos-latest)	Run Bun tests	2026-09-16T05:24:30.9818420Z 
Test on bun (macos-latest)	Run Bun tests	2026-09-16T05:24:30.9818610Z ##[group]tests/loader.test.mjs:
Test on bun (macos-latest)	Run Bun tests	2026-09-16T05:24:30.9833920Z (pass) [mjs module] loader resolve hook > [mjs module] returns the default resolver's result when it succeeds [0.40ms]
Test on bun (macos-latest)	Run Bun tests	2026-09-16T05:24:31.1097900Z (pass) [mjs module] loader resolve hook > [mjs module] falls back to the npm resolver when the default resolver throws [126.37ms]
Test on bun (macos-latest)	Run Bun tests	2026-09-16T05:24:31.4862380Z (pass) [mjs module] loader resolve hook > [mjs module] surfaces a clear aggregated error when BOTH resolvers fail [368.96ms]
Test on bun (macos-latest)	Run Bun tests	2026-09-16T05:24:31.4963410Z 
Test on bun (macos-latest)	Run Bun tests	2026-09-16T05:24:31.4975190Z ##[endgroup]
Test on bun (macos-latest)	Run Bun tests	2026-09-16T05:24:31.4975470Z 
Test on bun (macos-latest)	Run Bun tests	2026-09-16T05:24:31.4975720Z ##[group]tests/module-specifier.test.mjs:
Test on bun (macos-latest)	Run Bun tests	2026-09-16T05:24:31.4976340Z (pass) [mjs module] parseModuleSpecifier > [mjs module] parses package with name and version [0.05ms]
Test on bun (macos-latest)	Run Bun tests	2026-09-16T05:24:31.4977120Z (pass) [mjs module] parseModuleSpecifier > [mjs module] parses scoped package with name and version [0.01ms]
Test on bun (macos-latest)	Run Bun tests	2026-09-16T05:24:31.4977920Z (pass) [mjs module] parseModuleSpecifier > [mjs module] parses package with name, version, and inner path [0.01ms]
Test on bun (macos-latest)	Run Bun tests	2026-09-16T05:24:31.4978730Z (pass) [mjs module] parseModuleSpecifier > [mjs module] parses package with name, version, and inner path with latest
Test on bun (macos-latest)	Run Bun tests	2026-09-16T05:24:31.4979540Z (pass) [mjs module] parseModuleSpecifier > [mjs module] parses scoped package with name, version, and inner path
Test on bun (macos-latest)	Run Bun tests	2026-09-16T05:24:31.4980260Z (pass) [mjs module] parseModuleSpecifier > [mjs module] parses package with name only
Test on bun (macos-latest)	Run Bun tests	2026-09-16T05:24:31.4981110Z (pass) [mjs module] parseModuleSpecifier > [mjs module] parses scoped package with name only
Test on bun (macos-latest)	Run Bun tests	2026-09-16T05:24:31.4981730Z (pass) [mjs module] parseModuleSpecifier > [mjs module] parses yargs@17.7.2/helpers
Test on bun (macos-latest)	Run Bun tests	2026-09-16T05:24:31.4982270Z (pass) [mjs module] parseModuleSpecifier > [mjs module] parses yargs@latest/helpers
Test on bun (macos-latest)	Run Bun tests	2026-09-16T05:24:31.4983420Z (pass) [mjs module] parseModuleSpecifier > [mjs module] parses yargs/helpers
Test on bun (macos-latest)	Run Bun tests	2026-09-16T05:24:31.4984050Z (pass) [mjs module] parseModuleSpecifier > [mjs module] throws error for invalid package identifier [0.03ms]
Test on bun (macos-latest)	Run Bun tests	2026-09-16T05:24:31.4984380Z 
Test on bun (macos-latest)	Run Bun tests	2026-09-16T05:24:31.4984550Z ##[endgroup]
Test on bun (macos-latest)	Run Bun tests	2026-09-16T05:24:31.4984630Z 
Test on bun (macos-latest)	Run Bun tests	2026-09-16T05:24:31.4985020Z ##[group]tests/load.test.mjs:
Test on bun (macos-latest)	Run Bun tests	2026-09-16T05:24:31.4985500Z (pass) [mjs module] looksLikeUseModule > [mjs module] accepts the real shipped use.js [0.22ms]
Test on bun (macos-latest)	Run Bun tests	2026-09-16T05:24:31.4986240Z (pass) [mjs module] looksLikeUseModule > [mjs module] accepts a long module-like body [0.02ms]
Test on bun (macos-latest)	Run Bun tests	2026-09-16T05:24:31.4987050Z (pass) [mjs module] looksLikeUseModule > [mjs module] rejects common CDN plain-text error bodies [0.03ms]
Test on bun (macos-latest)	Run Bun tests	2026-09-16T05:24:31.4987730Z (pass) [mjs module] looksLikeUseModule > [mjs module] rejects HTML error pages [0.01ms]
Test on bun (macos-latest)	Run Bun tests	2026-09-16T05:24:31.4988420Z (pass) [mjs module] looksLikeUseModule > [mjs module] rejects empty, whitespace, short, and non-string input [0.03ms]
Test on bun (macos-latest)	Run Bun tests	2026-09-16T05:24:31.4989160Z (pass) [mjs module] DEFAULT_SOURCES > [mjs module] lists unpkg, jsDelivr and esm.sh in priority order [0.01ms]
Test on bun (macos-latest)	Run Bun tests	2026-09-16T05:24:31.4989850Z (pass) [mjs module] loadUseM > [mjs module] resolves the use object from the first working source [0.40ms]
Test on bun (macos-latest)	Run Bun tests	2026-09-16T05:24:31.4990580Z (pass) [mjs module] loadUseM > [mjs module] evaluates the real shipped use.js into a working module [0.96ms]
Test on bun (macos-latest)	Run Bun tests	2026-09-16T05:24:31.4991300Z (pass) [mjs module] loadUseM > [mjs module] falls back to a later mirror when earlier ones fail [0.17ms]
Test on bun (macos-latest)	Run Bun tests	2026-09-16T05:24:31.4991920Z (pass) [mjs module] loadUseM > [mjs module] retries a flaky source before succeeding [0.08ms]
Test on bun (macos-latest)	Run Bun tests	2026-09-16T05:24:31.4992650Z (pass) [mjs module] loadUseM > [mjs module] throws a clear aggregated error (not SyntaxError) when every source fails [0.17ms]
Test on bun (macos-latest)	Run Bun tests	2026-09-16T05:24:31.4993350Z (pass) [mjs module] loadUseM > [mjs module] surfaces the HTTP status for non-ok responses [0.05ms]
Test on bun (macos-latest)	Run Bun tests	2026-09-16T05:24:31.4994010Z (pass) [mjs module] loadUseM > [mjs module] rejects when the evaluated module lacks a use function [0.06ms]
Test on bun (macos-latest)	Run Bun tests	2026-09-16T05:24:31.4994690Z (pass) [mjs module] loadUseM > [mjs module] does not let eval errors from a malformed body escape [0.13ms]
Test on bun (macos-latest)	Run Bun tests	2026-09-16T05:24:31.4995330Z (pass) [mjs module] loadUseM > [mjs module] reports a clear error when fetch is unavailable [0.05ms]
Test on bun (macos-latest)	Run Bun tests	2026-09-16T05:24:31.4995910Z (pass) [mjs module] loadUseM > [mjs module] honors a custom evaluate hook [0.05ms]
Test on bun (macos-latest)	Run Bun tests	2026-09-16T05:24:31.5364110Z (pass) [mjs module] loadUseM > [mjs module] times out a hanging request and reports it [52.28ms]
Test on bun (macos-latest)	Run Bun tests	2026-09-16T05:24:31.5364490Z 
Test on bun (macos-latest)	Run Bun tests	2026-09-16T05:24:31.5364780Z ##[endgroup]
Test on bun (macos-latest)	Run Bun tests	2026-09-16T05:24:31.5365100Z 
Test on bun (macos-latest)	Run Bun tests	2026-09-16T05:24:31.5365620Z ##[group]tests/lodash.test.cjs:
Test on bun (macos-latest)	Run Bun tests	2026-09-16T05:24:31.6995060Z (pass) [cjs module] 'lodash' imports tests > [cjs module] npm: lodash [162.48ms]
Test on bun (macos-latest)	Run Bun tests	2026-09-16T05:24:31.7190840Z (pass) [cjs module] 'lodash' imports tests > [cjs module] npm: lodash@latest [19.51ms]
Test on bun (macos-latest)	Run Bun tests	2026-09-16T05:24:31.7380880Z (pass) [cjs module] 'lodash' imports tests > [cjs module] npm: lodash@ [19.05ms]
Test on bun (macos-latest)	Run Bun tests	2026-09-16T05:24:31.7595400Z (pass) [cjs module] 'lodash' imports tests > [cjs module] npm: lodash@4.17.21 [21.43ms]
Test on bun (macos-latest)	Run Bun tests	2026-09-16T05:24:31.7761360Z (pass) [cjs module] 'lodash' imports tests > [cjs module] npm: lodash@4.17.21/add [16.07ms]
Test on bun (macos-latest)	Run Bun tests	2026-09-16T05:24:31.7856330Z (pass) [cjs module] 'lodash' imports tests > [cjs module] npm: lodash@4.17.21/add.js [10.01ms]
Test on bun (macos-latest)	Run Bun tests	2026-09-16T05:24:31.7945500Z (pass) [cjs module] 'lodash' imports tests > [cjs module] npm: lodash@4.17.21/not-found.js [8.85ms]
Test on bun (macos-latest)	Run Bun tests	2026-09-16T05:24:31.7945880Z 
Test on bun (macos-latest)	Run Bun tests	2026-09-16T05:24:31.7946160Z ##[endgroup]
Test on bun (macos-latest)	Run Bun tests	2026-09-16T05:24:31.7946250Z 
Test on bun (macos-latest)	Run Bun tests	2026-09-16T05:24:31.7946420Z ##[group]tests/filename.test.cjs:
Test on bun (macos-latest)	Run Bun tests	2026-09-16T05:24:31.7956820Z (pass) [cjs module] scriptPath detection in CJS (functional) > [cjs module] default pathResolver resolves modules relative to this test file [0.13ms]
Test on bun (macos-latest)	Run Bun tests	2026-09-16T05:24:31.7962700Z (pass) [cjs module] scriptPath detection in CJS (functional) > [cjs module] override scriptPath does not change pathResolver behavior [0.57ms]
Test on bun (macos-latest)	Run Bun tests	2026-09-16T05:24:31.7964550Z (pass) [cjs module] scriptPath detection in CJS (fallback) > [cjs module] fallback default resolves modules relative to this test file [0.07ms]
Test on bun (macos-latest)	Run Bun tests	2026-09-16T05:24:31.7965610Z (pass) [cjs module] scriptPath detection in CJS (fallback) > [cjs module] fallback override scriptPath does not change pathResolver behavior [0.09ms]
Test on bun (macos-latest)	Run Bun tests	2026-09-16T05:24:31.7967070Z (pass) [cjs module] scriptPath detection in CJS (fallback) > [cjs module] fallback meta override does not change pathResolver behavior [0.06ms]
Test on bun (macos-latest)	Run Bun tests	2026-09-16T05:24:31.7968050Z (pass) [cjs module] scriptPath detection in CJS (meta URL) > [cjs module] meta override with use.js URL resolves relative to use.js [0.10ms]
Test on bun (macos-latest)	Run Bun tests	2026-09-16T05:24:31.7968490Z 
Test on bun (macos-latest)	Run Bun tests	2026-09-16T05:24:31.7968720Z ##[endgroup]
Test on bun (macos-latest)	Run Bun tests	2026-09-16T05:24:31.7968800Z 
Test on bun (macos-latest)	Run Bun tests	2026-09-16T05:24:31.7968990Z ##[group]tests/get-script-url.test.mjs:
Test on bun (macos-latest)	Run Bun tests	2026-09-16T05:24:31.7972260Z (pass) [mjs module] import.meta.url workaround > [mjs module] scriptUrl matches import.meta.url [0.15ms]
Test on bun (macos-latest)	Run Bun tests	2026-09-16T05:24:31.7973140Z (pass) [mjs module] import.meta.url workaround > [mjs module] scriptUrl matches import.meta.url in eval [0.07ms]
Test on bun (macos-latest)	Run Bun tests	2026-09-16T05:24:31.7973570Z 
Test on bun (macos-latest)	Run Bun tests	2026-09-16T05:24:31.7973760Z ##[endgroup]
Test on bun (macos-latest)	Run Bun tests	2026-09-16T05:24:31.7973890Z 
Test on bun (macos-latest)	Run Bun tests	2026-09-16T05:24:31.7974080Z ##[group]tests/use.test.cjs:
Test on bun (macos-latest)	Run Bun tests	2026-09-16T05:24:31.8073400Z (pass) [cjs module] 'use' import strategies > [cjs module] Direct CJS Require [9.25ms]
Test on bun (macos-latest)	Run Bun tests	2026-09-16T05:24:31.8181320Z (pass) [cjs module] 'use' import strategies > [cjs module] Dynamic Import with await import() of CJS [10.78ms]
Test on bun (macos-latest)	Run Bun tests	2026-09-16T05:24:31.8286750Z (pass) [cjs module] 'use' import strategies > [cjs module] Dynamic Import with await import() of MJS [10.53ms]
Test on bun (macos-latest)	Run Bun tests	2026-09-16T05:24:31.8287500Z (pass) [cjs module] 'use' import strategies > [cjs module] Universal (then style)
Test on bun (macos-latest)	Run Bun tests	2026-09-16T05:24:31.8288130Z (pass) [cjs module] 'use' import strategies > [cjs module] Universal (then style, use inside)
Test on bun (macos-latest)	Run Bun tests	2026-09-16T05:24:31.8288690Z (pass) [cjs module] 'use' import strategies > [cjs module] Universal (eval style)
Test on bun (macos-latest)	Run Bun tests	2026-09-16T05:24:31.8289260Z (pass) [cjs module] 'use' import strategies > [cjs module] Universal (single then style)
Test on bun (macos-latest)	Run Bun tests	2026-09-16T05:24:31.9418190Z (pass) [cjs module] 'use' import strategies > [cjs module] use.all [113.12ms]
Test on bun (macos-latest)	Run Bun tests	2026-09-16T05:24:31.9511450Z (pass) [cjs module] 'use' import strategies > [cjs module] use.all with dynamic import [9.28ms]
Test on bun (macos-latest)	Run Bun tests	2026-09-16T05:24:31.9512400Z (pass) [cjs module] 'use' import strategies > [cjs module] use.all (script) [0.03ms]
Test on bun (macos-latest)	Run Bun tests	2026-09-16T05:24:31.9513840Z (pass) [cjs module] 'use' import strategies > [cjs module] Universal (script) @octokit/core@6.1.5
Test on bun (macos-latest)	Run Bun tests	2026-09-16T05:24:31.9514600Z (pass) [cjs module] 'use' import strategies > [cjs module] Universal (script) @octokit/core@5
Test on bun (macos-latest)	Run Bun tests	2026-09-16T05:24:31.9515240Z (pass) [cjs module] 'use' import strategies > [cjs module] Universal (script) @octokit/core (latest)
Test on bun (macos-latest)	Run Bun tests	2026-09-16T05:24:32.0825990Z (pass) [cjs module] 'use' import strategies > [cjs module] @octokit/core (latest) [131.40ms]
Test on bun (macos-latest)	Run Bun tests	2026-09-16T05:24:32.0828620Z 
Test on bun (macos-latest)	Run Bun tests	2026-09-16T05:24:32.0829030Z ##[endgroup]
Test on bun (macos-latest)	Run Bun tests	2026-09-16T05:24:32.0829230Z 
Test on bun (macos-latest)	Run Bun tests	2026-09-16T05:24:32.0829580Z ##[group]tests/use.test.mjs:
Test on bun (macos-latest)	Run Bun tests	2026-09-16T05:24:32.0925980Z (pass) [mjs module] 'use' import strategies > [mjs module] Direct ESM Import lodash@4.17.21 [9.18ms]
Test on bun (macos-latest)	Run Bun tests	2026-09-16T05:24:32.1026390Z (pass) [mjs module] 'use' import strategies > [mjs module] Dynamic ESM Import of CSJ [10.04ms]
Test on bun (macos-latest)	Run Bun tests	2026-09-16T05:24:32.1111820Z (pass) [mjs module] 'use' import strategies > [mjs module] Dynamic ESM Import of MJS [8.54ms]
Test on bun (macos-latest)	Run Bun tests	2026-09-16T05:24:32.1112530Z (pass) [mjs module] 'use' import strategies > [mjs module] Universal (then style) [0.04ms]
Test on bun (macos-latest)	Run Bun tests	2026-09-16T05:24:32.1113120Z (pass) [mjs module] 'use' import strategies > [mjs module] Universal (then style, use inside)
Test on bun (macos-latest)	Run Bun tests	2026-09-16T05:24:32.1113680Z (pass) [mjs module] 'use' import strategies > [mjs module] Universal (eval style)
Test on bun (macos-latest)	Run Bun tests	2026-09-16T05:24:32.1114230Z (pass) [mjs module] 'use' import strategies > [mjs module] Universal (single then style)
Test on bun (macos-latest)	Run Bun tests	2026-09-16T05:24:32.1213130Z (pass) [mjs module] 'use' import strategies > [mjs module] use.all with require [10.07ms]
Test on bun (macos-latest)	Run Bun tests	2026-09-16T05:24:32.1341970Z (pass) [mjs module] 'use' import strategies > [mjs module] use.all [12.87ms]
Test on bun (macos-latest)	Run Bun tests	2026-09-16T05:24:32.1342750Z (pass) [mjs module] 'use' import strategies > [mjs module] use.all (script) [0.04ms]
Test on bun (macos-latest)	Run Bun tests	2026-09-16T05:24:32.1343400Z (pass) [mjs module] 'use' import strategies > [mjs module] Universal (script) @octokit/core@6.1.5
Test on bun (macos-latest)	Run Bun tests	2026-09-16T05:24:32.1344930Z (pass) [mjs module] 'use' import strategies > [mjs module] Universal (script) @octokit/core@5
Test on bun (macos-latest)	Run Bun tests	2026-09-16T05:24:32.1345590Z (pass) [mjs module] 'use' import strategies > [mjs module] Universal (script) @octokit/core (latest)
Test on bun (macos-latest)	Run Bun tests	2026-09-16T05:24:32.1559460Z (pass) [mjs module] 'use' import strategies > [mjs module] @octokit/core (latest) [21.66ms]
Test on bun (macos-latest)	Run Bun tests	2026-09-16T05:24:32.1559950Z 
Test on bun (macos-latest)	Run Bun tests	2026-09-16T05:24:32.1560300Z ##[endgroup]
Test on bun (macos-latest)	Run Bun tests	2026-09-16T05:24:32.1560400Z 
Test on bun (macos-latest)	Run Bun tests	2026-09-16T05:24:32.1560600Z ##[group]tests/lodash.test.mjs:
Test on bun (macos-latest)	Run Bun tests	2026-09-16T05:24:32.1762760Z (pass) [mjs module] 'lodash' imports tests > [mjs module] npm: lodash [19.88ms]
Test on bun (macos-latest)	Run Bun tests	2026-09-16T05:24:32.1972230Z (pass) [mjs module] 'lodash' imports tests > [mjs module] npm: lodash@latest [20.95ms]
Test on bun (macos-latest)	Run Bun tests	2026-09-16T05:24:32.2201730Z (pass) [mjs module] 'lodash' imports tests > [mjs module] npm: lodash@ [22.90ms]
Test on bun (macos-latest)	Run Bun tests	2026-09-16T05:24:32.2311230Z (pass) [mjs module] 'lodash' imports tests > [mjs module] npm: lodash@4.17.21 [10.89ms]
Test on bun (macos-latest)	Run Bun tests	2026-09-16T05:24:32.2410580Z (pass) [mjs module] 'lodash' imports tests > [mjs module] npm: lodash@4.17.21/add [9.97ms]
Test on bun (macos-latest)	Run Bun tests	2026-09-16T05:24:32.2501230Z (pass) [mjs module] 'lodash' imports tests > [mjs module] npm: lodash@4.17.21/add.js [9.06ms]
Test on bun (macos-latest)	Run Bun tests	2026-09-16T05:24:32.2596700Z (pass) [mjs module] 'lodash' imports tests > [mjs module] npm: lodash@4.17.21/not-found.js [9.50ms]
Test on bun (macos-latest)	Run Bun tests	2026-09-16T05:24:32.2597150Z 
Test on bun (macos-latest)	Run Bun tests	2026-09-16T05:24:32.2597430Z ##[endgroup]
Test on bun (macos-latest)	Run Bun tests	2026-09-16T05:24:32.2597520Z 
Test on bun (macos-latest)	Run Bun tests	2026-09-16T05:24:32.2597700Z ##[group]tests/filename.test.mjs:
Test on bun (macos-latest)	Run Bun tests	2026-09-16T05:24:32.2606740Z (pass) [mjs module] scriptPath detection in ESM (functional) > [mjs module] default pathResolver resolves modules relative to use.mjs [0.19ms]
Test on bun (macos-latest)	Run Bun tests	2026-09-16T05:24:32.2607860Z (pass) [mjs module] scriptPath detection in ESM (functional) > [mjs module] override scriptPath resolves relative to provided path [0.14ms]
Test on bun (macos-latest)	Run Bun tests	2026-09-16T05:24:32.2608890Z (pass) [mjs module] scriptPath detection in ESM (createRequire fallback) > [mjs module] fallback default resolves modules relative to use.mjs [0.06ms]
Test on bun (macos-latest)	Run Bun tests	2026-09-16T05:24:32.2610040Z (pass) [mjs module] scriptPath detection in ESM (createRequire fallback) > [mjs module] fallback explicit scriptPath resolves relative to provided path [0.06ms]
Test on bun (macos-latest)	Run Bun tests	2026-09-16T05:24:32.2611300Z (pass) [mjs module] scriptPath detection in ESM (createRequire fallback) > [mjs module] fallback meta override changes pathResolver behavior in ESM [0.07ms]
Test on bun (macos-latest)	Run Bun tests	2026-09-16T05:24:32.2612380Z (pass) [mjs module] scriptPath detection in ESM (meta URL) > [mjs module] meta override resolves modules relative to provided meta URL (use.js) [0.06ms]
Test on bun (macos-latest)	Run Bun tests	2026-09-16T05:24:32.2612810Z 
Test on bun (macos-latest)	Run Bun tests	2026-09-16T05:24:32.2613010Z ##[endgroup]
Test on bun (macos-latest)	Run Bun tests	2026-09-16T05:24:32.2613090Z 
Test on bun (macos-latest)	Run Bun tests	2026-09-16T05:24:32.2613280Z ##[group]tests/get-script-url.test.cjs:
Test on bun (macos-latest)	Run Bun tests	2026-09-16T05:24:32.2615300Z (pass) [cjs module] __filename workaround > [cjs module] scriptUrl matches __filename as URL [0.10ms]
Test on bun (macos-latest)	Run Bun tests	2026-09-16T05:24:32.2616270Z (pass) [cjs module] __filename workaround > [cjs module] scriptUrl matches __filename as URL in eval [0.09ms]
Test on bun (macos-latest)	Run Bun tests	2026-09-16T05:24:32.2616690Z 
Test on bun (macos-latest)	Run Bun tests	2026-09-16T05:24:32.2616870Z ##[endgroup]
Test on bun (macos-latest)	Run Bun tests	2026-09-16T05:24:32.2616940Z 
Test on bun (macos-latest)	Run Bun tests	2026-09-16T05:24:32.2617110Z ##[group]tests/typescript.test.cjs:
Test on bun (macos-latest)	Run Bun tests	2026-09-16T05:24:32.7094170Z (pass) [cjs module] typescript > [cjs module] use typescript [447.26ms]
Test on bun (macos-latest)	Run Bun tests	2026-09-16T05:24:32.7094520Z 
Test on bun (macos-latest)	Run Bun tests	2026-09-16T05:24:32.7094770Z ##[endgroup]
Test on bun (macos-latest)	Run Bun tests	2026-09-16T05:24:32.7094850Z 
Test on bun (macos-latest)	Run Bun tests	2026-09-16T05:24:32.7095050Z ##[group]tests/import.test.cjs:
Test on bun (macos-latest)	Run Bun tests	2026-09-16T05:24:32.7098900Z (pass) [cjs module] dynamic import support > [cjs module] supportsDynamicImport returns true in .cjs file [0.14ms]
Test on bun (macos-latest)	Run Bun tests	2026-09-16T05:24:32.7099350Z 
Test on bun (macos-latest)	Run Bun tests	2026-09-16T05:24:32.7100020Z ##[endgroup]
Test on bun (macos-latest)	Run Bun tests	2026-09-16T05:24:32.7100100Z 
Test on bun (macos-latest)	Run Bun tests	2026-09-16T05:24:32.7100290Z ##[group]tests/npm-global-prefix.test.cjs:
Test on bun (macos-latest)	Run Bun tests	2026-09-16T05:24:32.7116490Z (pass) [cjs module] npm global prefix handling > [cjs module] keeps latest and pinned aliases loadable when they share a package binary [0.16ms]
Test on bun (macos-latest)	Run Bun tests	2026-09-16T05:24:32.7117550Z (pass) [cjs module] npm global prefix handling > [cjs module] never force-installs over an unrelated global executable [0.11ms]
Test on bun (macos-latest)	Run Bun tests	2026-09-16T05:24:32.7118960Z (pass) [cjs module] npm global prefix handling > [cjs module] redirects installs to use-m cache when npm global root is not writable [0.05ms]
Test on bun (macos-latest)	Run Bun tests	2026-09-16T05:24:32.7119850Z (pass) [cjs module] npm global prefix handling > [cjs module] keeps the configured npm root when it is writable [0.04ms]
Test on bun (macos-latest)	Run Bun tests	2026-09-16T05:24:32.7120690Z (pass) [cjs module] npm global prefix handling > [cjs module] respects an explicit npm_config_prefix override [0.05ms]
Test on bun (macos-latest)	Run Bun tests	2026-09-16T05:24:32.7121590Z (pass) [cjs module] npm global prefix handling > [cjs module] retries transient npm install failures and removes partial aliases [0.04ms]
Test on bun (macos-latest)	Run Bun tests	2026-09-16T05:24:32.7122530Z (pass) [cjs module] npm global prefix handling > [cjs module] reports captured npm output and cleans up after exhausted retries [0.06ms]
Test on bun (macos-latest)	Run Bun tests	2026-09-16T05:24:32.7123420Z (pass) [cjs module] npm global prefix handling > [cjs module] gives corrupt-alias cleanup a recursive rm retry budget [0.04ms]
Test on bun (macos-latest)	Run Bun tests	2026-09-16T05:24:32.7124670Z (pass) [cjs module] npm global prefix handling > [cjs module] repairs a truncated entry point and bypasses the cached syntax failure [0.04ms]
Test on bun (macos-latest)	Run Bun tests	2026-09-16T05:24:32.7125610Z (pass) [cjs module] npm global prefix handling > [cjs module] repairs an alias missing an internal ESM dependency [0.03ms]
Test on bun (macos-latest)	Run Bun tests	2026-09-16T05:24:32.7126530Z (pass) [cjs module] npm global prefix handling > [cjs module] repairs an alias with invalid package metadata [0.03ms]
Test on bun (macos-latest)	Run Bun tests	2026-09-16T05:24:32.7127440Z (pass) [cjs module] npm global prefix handling > [cjs module] repairs an alias whose declared entry point is missing [0.03ms]
Test on bun (macos-latest)	Run Bun tests	2026-09-16T05:24:32.7128490Z (pass) [cjs module] npm global prefix handling > [cjs module] does not reinstall for an unrelated unwrapped missing-module error [0.03ms]
Test on bun (macos-latest)	Run Bun tests	2026-09-16T05:24:32.7129500Z (pass) [cjs module] npm global prefix handling > [cjs module] collapses concurrent requests for one package into a single install [0.05ms]
Test on bun (macos-latest)	Run Bun tests	2026-09-16T05:24:32.7130400Z (pass) [cjs module] npm global prefix handling > [cjs module] keeps a shared failed install retryable [0.05ms]
Test on bun (macos-latest)	Run Bun tests	2026-09-16T05:24:32.7131210Z (pass) [cjs module] npm global prefix handling > [cjs module] never lets separate processes install one alias at the same time [0.07ms]
Test on bun (macos-latest)	Run Bun tests	2026-09-16T05:24:32.7131630Z 
Test on bun (macos-latest)	Run Bun tests	2026-09-16T05:24:32.7131880Z ##[endgroup]
Test on bun (macos-latest)	Run Bun tests	2026-09-16T05:24:32.7131970Z 
Test on bun (macos-latest)	Run Bun tests	2026-09-16T05:24:32.7132210Z ##[group]tests/fs-promises.test.mjs:
Test on bun (macos-latest)	Run Bun tests	2026-09-16T05:24:32.7133240Z (pass) mjs module fs/promises support > mjs module fs/promises should return promise-based functions [0.27ms]
Test on bun (macos-latest)	Run Bun tests	2026-09-16T05:24:32.7140060Z (pass) mjs module fs/promises support > mjs module fs/promises should work functionally [0.96ms]
Test on bun (macos-latest)	Run Bun tests	2026-09-16T05:24:32.7142100Z (pass) mjs module fs/promises support > mjs module fs/promises should expose every function the runtime ships [0.21ms]
Test on bun (macos-latest)	Run Bun tests	2026-09-16T05:24:32.7149380Z (pass) mjs module fs/promises support > mjs module fs/promises should forward arguments beyond the declared arity [0.71ms]
Test on bun (macos-latest)	Run Bun tests	2026-09-16T05:24:32.7151520Z (pass) mjs module fs/promises support > mjs module fs/promises should differ from regular fs [0.23ms]
Test on bun (macos-latest)	Run Bun tests	2026-09-16T05:24:32.7151890Z 
Test on bun (macos-latest)	Run Bun tests	2026-09-16T05:24:32.7152170Z ##[endgroup]
Test on bun (macos-latest)	Run Bun tests	2026-09-16T05:24:32.7152360Z 
Test on bun (macos-latest)	Run Bun tests	2026-09-16T05:24:32.7152570Z ##[group]tests/import.test.mjs:
Test on bun (macos-latest)	Run Bun tests	2026-09-16T05:24:32.7155850Z (pass) [mjs module] dynamic import support > [mjs module] supportsDynamicImport returns true in .mjs file [0.06ms]
Test on bun (macos-latest)	Run Bun tests	2026-09-16T05:24:32.7156230Z 
Test on bun (macos-latest)	Run Bun tests	2026-09-16T05:24:32.7156390Z ##[endgroup]
Test on bun (macos-latest)	Run Bun tests	2026-09-16T05:24:32.7156470Z 
Test on bun (macos-latest)	Run Bun tests	2026-09-16T05:24:32.7156650Z ##[group]tests/npm-global-prefix.test.mjs:
Test on bun (macos-latest)	Run Bun tests	2026-09-16T05:24:32.7172530Z (pass) [mjs module] npm global prefix handling > [mjs module] keeps latest and pinned aliases loadable when they share a package binary [0.11ms]
Test on bun (macos-latest)	Run Bun tests	2026-09-16T05:24:32.7173900Z (pass) [mjs module] npm global prefix handling > [mjs module] never force-installs over an unrelated global executable [0.10ms]
Test on bun (macos-latest)	Run Bun tests	2026-09-16T05:24:32.7174870Z (pass) [mjs module] npm global prefix handling > [mjs module] redirects installs to use-m cache when npm global root is not writable [0.07ms]
Test on bun (macos-latest)	Run Bun tests	2026-09-16T05:24:32.7175900Z (pass) [mjs module] npm global prefix handling > [mjs module] keeps the configured npm root when it is writable [0.04ms]
Test on bun (macos-latest)	Run Bun tests	2026-09-16T05:24:32.7176880Z (pass) [mjs module] npm global prefix handling > [mjs module] respects an explicit npm_config_prefix override [0.05ms]
Test on bun (macos-latest)	Run Bun tests	2026-09-16T05:24:32.7177780Z (pass) [mjs module] npm global prefix handling > [mjs module] retries transient npm install failures and removes partial aliases [0.04ms]
Test on bun (macos-latest)	Run Bun tests	2026-09-16T05:24:32.7178660Z (pass) [mjs module] npm global prefix handling > [mjs module] reports captured npm output and cleans up after exhausted retries [0.07ms]
Test on bun (macos-latest)	Run Bun tests	2026-09-16T05:24:32.7179630Z (pass) [mjs module] npm global prefix handling > [mjs module] gives corrupt-alias cleanup a recursive rm retry budget [0.04ms]
Test on bun (macos-latest)	Run Bun tests	2026-09-16T05:24:32.7180750Z (pass) [mjs module] npm global prefix handling > [mjs module] repairs a truncated entry point and bypasses the cached syntax failure [0.04ms]
Test on bun (macos-latest)	Run Bun tests	2026-09-16T05:24:32.7181690Z (pass) [mjs module] npm global prefix handling > [mjs module] repairs an alias missing an internal ESM dependency [0.03ms]
Test on bun (macos-latest)	Run Bun tests	2026-09-16T05:24:32.7182550Z (pass) [mjs module] npm global prefix handling > [mjs module] repairs an alias with invalid package metadata [0.04ms]
Test on bun (macos-latest)	Run Bun tests	2026-09-16T05:24:32.7183370Z (pass) [mjs module] npm global prefix handling > [mjs module] repairs an alias whose declared entry point is missing [0.03ms]
Test on bun (macos-latest)	Run Bun tests	2026-09-16T05:24:32.7184260Z (pass) [mjs module] npm global prefix handling > [mjs module] does not reinstall for an unrelated unwrapped missing-module error [0.03ms]
Test on bun (macos-latest)	Run Bun tests	2026-09-16T05:24:32.7185230Z (pass) [mjs module] npm global prefix handling > [mjs module] collapses concurrent requests for one package into a single install [0.04ms]
Test on bun (macos-latest)	Run Bun tests	2026-09-16T05:24:32.7202970Z (pass) [mjs module] npm global prefix handling > [mjs module] keeps a shared failed install retryable [0.05ms]
Test on bun (macos-latest)	Run Bun tests	2026-09-16T05:24:32.7203960Z (pass) [mjs module] npm global prefix handling > [mjs module] never lets separate processes install one alias at the same time [0.08ms]
Test on bun (macos-latest)	Run Bun tests	2026-09-16T05:24:32.7204370Z 
Test on bun (macos-latest)	Run Bun tests	2026-09-16T05:24:32.7204630Z ##[endgroup]
Test on bun (macos-latest)	Run Bun tests	2026-09-16T05:24:32.7204740Z 
Test on bun (macos-latest)	Run Bun tests	2026-09-16T05:24:32.7204970Z ##[group]tests/typescript.test.mjs:
Test on bun (macos-latest)	Run Bun tests	2026-09-16T05:24:32.7420760Z (pass) [mjs module] typescript > [mjs module] use typescript [23.74ms]
Test on bun (macos-latest)	Run Bun tests	2026-09-16T05:24:32.7421120Z 
Test on bun (macos-latest)	Run Bun tests	2026-09-16T05:24:32.7421410Z ##[endgroup]
Test on bun (macos-latest)	Run Bun tests	2026-09-16T05:24:32.7421510Z 
Test on bun (macos-latest)	Run Bun tests	2026-09-16T05:24:32.7421710Z ##[group]tests/deno-support.test.cjs:
Test on bun (macos-latest)	Run Bun tests	2026-09-16T05:24:32.7425890Z (pass) [cjs module] Deno support > [cjs module] Deno resolver should resolve npm packages to esm.sh [0.06ms]
Test on bun (macos-latest)	Run Bun tests	2026-09-16T05:24:32.7426750Z (pass) [cjs module] Deno support > [cjs module] Deno resolver should handle scoped packages [0.03ms]
Test on bun (macos-latest)	Run Bun tests	2026-09-16T05:24:32.7427500Z (pass) [cjs module] Deno support > [cjs module] Deno resolver should handle module paths [0.02ms]
Test on bun (macos-latest)	Run Bun tests	2026-09-16T05:24:32.7428260Z (pass) [cjs module] Deno support > [cjs module] Deno resolver should handle latest version [0.02ms]
Test on bun (macos-latest)	Run Bun tests	2026-09-16T05:24:32.7429140Z (pass) [cjs module] Deno support > [cjs module] makeUse should detect Deno runtime when Deno global is present [0.09ms]
Test on bun (macos-latest)	Run Bun tests	2026-09-16T05:24:32.7429860Z (pass) [cjs module] Deno support > [cjs module] Deno resolver should work with complex package names [0.03ms]
Test on bun (macos-latest)	Run Bun tests	2026-09-16T05:24:32.7430610Z (pass) [cjs module] Deno support > [cjs module] Deno resolver should handle packages without versions [0.02ms]
Test on bun (macos-latest)	Run Bun tests	2026-09-16T05:24:32.7431300Z (pass) [cjs module] Deno support > [cjs module] makeUse with explicit deno resolver [0.03ms]
Test on bun (macos-latest)	Run Bun tests	2026-09-16T05:24:32.7431570Z 
Test on bun (macos-latest)	Run Bun tests	2026-09-16T05:24:32.7431760Z ##[endgroup]
Test on bun (macos-latest)	Run Bun tests	2026-09-16T05:24:32.7432300Z 
Test on bun (macos-latest)	Run Bun tests	2026-09-16T05:24:32.7432500Z ##[group]tests/relative-paths.test.mjs:
Test on bun (macos-latest)	Run Bun tests	2026-09-16T05:24:32.7436970Z (pass) Relative Path Resolution > should import JS file from same directory using ./ [0.34ms]
Test on bun (macos-latest)	Run Bun tests	2026-09-16T05:24:32.7439200Z (pass) Relative Path Resolution > should import JSON file from same directory using ./ [0.24ms]
Test on bun (macos-latest)	Run Bun tests	2026-09-16T05:24:32.7439950Z (pass) Relative Path Resolution > should import JS file from parent directory using ../ [0.07ms]
Test on bun (macos-latest)	Run Bun tests	2026-09-16T05:24:32.7444270Z (pass) Relative Path Resolution > should import from subdirectory using ./subfolder/ [0.41ms]
Test on bun (macos-latest)	Run Bun tests	2026-09-16T05:24:32.7445720Z (pass) Relative Path Resolution > should import JSON from subdirectory [0.17ms]
Test on bun (macos-latest)	Run Bun tests	2026-09-16T05:24:32.7447030Z (pass) Relative Path Resolution > should handle complex relative paths (../) [0.13ms]
Test on bun (macos-latest)	Run Bun tests	2026-09-16T05:24:32.7536300Z (pass) Relative Path Resolution > should work with mixed relative and npm imports [8.83ms]
Test on bun (macos-latest)	Run Bun tests	2026-09-16T05:24:32.7537970Z (pass) Relative Path Resolution > should maintain correct context for nested relative imports [0.22ms]
Test on bun (macos-latest)	Run Bun tests	2026-09-16T05:24:32.7538410Z 
Test on bun (macos-latest)	Run Bun tests	2026-09-16T05:24:32.7538720Z ##[endgroup]
Test on bun (macos-latest)	Run Bun tests	2026-09-16T05:24:32.7538840Z 
Test on bun (macos-latest)	Run Bun tests	2026-09-16T05:24:32.7539160Z ##[group]tests/deno-support.test.mjs:
Test on bun (macos-latest)	Run Bun tests	2026-09-16T05:24:32.7543360Z (pass) [mjs module] Deno support > [mjs module] Deno resolver should resolve npm packages to esm.sh [0.05ms]
Test on bun (macos-latest)	Run Bun tests	2026-09-16T05:24:32.7544200Z (pass) [mjs module] Deno support > [mjs module] Deno resolver should handle scoped packages [0.03ms]
Test on bun (macos-latest)	Run Bun tests	2026-09-16T05:24:32.7545020Z (pass) [mjs module] Deno support > [mjs module] Deno resolver should handle module paths [0.03ms]
Test on bun (macos-latest)	Run Bun tests	2026-09-16T05:24:32.7545700Z (pass) [mjs module] Deno support > [mjs module] Deno resolver should handle latest version [0.03ms]
Test on bun (macos-latest)	Run Bun tests	2026-09-16T05:24:32.7546670Z (pass) [mjs module] Deno support > [mjs module] makeUse should detect Deno runtime when Deno global is present [0.10ms]
Test on bun (macos-latest)	Run Bun tests	2026-09-16T05:24:32.7547450Z (pass) [mjs module] Deno support > [mjs module] Deno resolver should work with complex package names [0.04ms]
Test on bun (macos-latest)	Run Bun tests	2026-09-16T05:24:32.7548200Z (pass) [mjs module] Deno support > [mjs module] Deno resolver should handle packages without versions [0.02ms]
Test on bun (macos-latest)	Run Bun tests	2026-09-16T05:24:32.7548890Z (pass) [mjs module] Deno support > [mjs module] makeUse with explicit deno resolver [0.03ms]
Test on bun (macos-latest)	Run Bun tests	2026-09-16T05:24:32.7549220Z 
Test on bun (macos-latest)	Run Bun tests	2026-09-16T05:24:32.7549460Z ##[endgroup]
Test on bun (macos-latest)	Run Bun tests	2026-09-16T05:24:32.7549560Z 
Test on bun (macos-latest)	Run Bun tests	2026-09-16T05:24:32.7549760Z ##[group]tests/script-sync.test.mjs:
Test on bun (macos-latest)	Run Bun tests	2026-09-16T05:24:32.7555860Z (pass) [mjs module] distributed script synchronization > [mjs module] npm recovery stays synchronized across mjs, cjs, and universal builds [0.64ms]
Test on bun (macos-latest)	Run Bun tests	2026-09-16T05:24:32.7556410Z 
Test on bun (macos-latest)	Run Bun tests	2026-09-16T05:24:32.7556590Z ##[endgroup]
Test on bun (macos-latest)	Run Bun tests	2026-09-16T05:24:32.7556680Z 
Test on bun (macos-latest)	Run Bun tests	2026-09-16T05:24:32.7556870Z ##[group]tests/relative-paths.test.cjs:
Test on bun (macos-latest)	Run Bun tests	2026-09-16T05:24:32.7560050Z (pass) Relative Path Resolution (CommonJS) > should import JS file from same directory using ./ [0.10ms]
Test on bun (macos-latest)	Run Bun tests	2026-09-16T05:24:32.7560940Z (pass) Relative Path Resolution (CommonJS) > should import JSON file from same directory using ./ [0.07ms]
Test on bun (macos-latest)	Run Bun tests	2026-09-16T05:24:32.7561820Z (pass) Relative Path Resolution (CommonJS) > should import JS file from parent directory using ../ [0.06ms]
Test on bun (macos-latest)	Run Bun tests	2026-09-16T05:24:32.7562630Z (pass) Relative Path Resolution (CommonJS) > should import from subdirectory using ./subfolder/ [0.05ms]
Test on bun (macos-latest)	Run Bun tests	2026-09-16T05:24:32.7563340Z (pass) Relative Path Resolution (CommonJS) > should import JSON from subdirectory [0.05ms]
Test on bun (macos-latest)	Run Bun tests	2026-09-16T05:24:32.7563980Z (pass) Relative Path Resolution (CommonJS) > should handle complex relative paths (../) [0.04ms]
Test on bun (macos-latest)	Run Bun tests	2026-09-16T05:24:32.7649550Z (pass) Relative Path Resolution (CommonJS) > should work with mixed relative and npm imports [8.59ms]
Test on bun (macos-latest)	Run Bun tests	2026-09-16T05:24:32.7651220Z (pass) Relative Path Resolution (CommonJS) > should maintain correct context for nested relative imports [0.21ms]
Test on bun (macos-latest)	Run Bun tests	2026-09-16T05:24:32.7651620Z 
Test on bun (macos-latest)	Run Bun tests	2026-09-16T05:24:32.7651880Z ##[endgroup]
Test on bun (macos-latest)	Run Bun tests	2026-09-16T05:24:32.7651970Z 
Test on bun (macos-latest)	Run Bun tests	2026-09-16T05:24:32.7652160Z ##[group]tests/command-stream.test.mjs:
Test on bun (macos-latest)	Run Bun tests	2026-09-16T05:24:32.9662610Z (pass) [mjs module] command-stream module import > [mjs module] Direct ESM Import [200.53ms]
Test on bun (macos-latest)	Run Bun tests	2026-09-16T05:24:32.9756160Z (pass) [mjs module] command-stream module import > [mjs module] Dynamic ESM Import of CJS [9.33ms]
Test on bun (macos-latest)	Run Bun tests	2026-09-16T05:24:32.9853730Z (pass) [mjs module] command-stream module import > [mjs module] Dynamic ESM Import of MJS [9.75ms]
Test on bun (macos-latest)	Run Bun tests	2026-09-16T05:24:32.9854270Z 
Test on bun (macos-latest)	Run Bun tests	2026-09-16T05:24:32.9855090Z ##[endgroup]
Test on bun (macos-latest)	Run Bun tests	2026-09-16T05:24:32.9855190Z 
Test on bun (macos-latest)	Run Bun tests	2026-09-16T05:24:32.9855400Z ##[group]tests/root-entries.test.mjs:
Test on bun (macos-latest)	Run Bun tests	2026-09-16T05:24:32.9866120Z (pass) [mjs module] root entry mirrors > [mjs module] mirrors exactly src/use.js, src/use.cjs and src/use.mjs [0.02ms]
Test on bun (macos-latest)	Run Bun tests	2026-09-16T05:24:32.9868340Z (pass) [mjs module] root entry mirrors > [mjs module] use.js exists at the package root [0.03ms]
Test on bun (macos-latest)	Run Bun tests	2026-09-16T05:24:32.9872200Z (pass) [mjs module] root entry mirrors > [mjs module] root use.js is in sync with src/use.js [0.58ms]
Test on bun (macos-latest)	Run Bun tests	2026-09-16T05:24:32.9874200Z (pass) [mjs module] root entry mirrors > [mjs module] root use.js contains the full src/use.js body [0.20ms]
Test on bun (macos-latest)	Run Bun tests	2026-09-16T05:24:32.9875030Z (pass) [mjs module] root entry mirrors > [mjs module] use.cjs exists at the package root [0.01ms]
Test on bun (macos-latest)	Run Bun tests	2026-09-16T05:24:32.9880280Z (pass) [mjs module] root entry mirrors > [mjs module] root use.cjs is in sync with src/use.cjs [0.58ms]
Test on bun (macos-latest)	Run Bun tests	2026-09-16T05:24:32.9882360Z (pass) [mjs module] root entry mirrors > [mjs module] root use.cjs contains the full src/use.cjs body [0.21ms]
Test on bun (macos-latest)	Run Bun tests	2026-09-16T05:24:32.9883180Z (pass) [mjs module] root entry mirrors > [mjs module] use.mjs exists at the package root [0.01ms]
Test on bun (macos-latest)	Run Bun tests	2026-09-16T05:24:32.9889420Z (pass) [mjs module] root entry mirrors > [mjs module] root use.mjs is in sync with src/use.mjs [0.66ms]
Test on bun (macos-latest)	Run Bun tests	2026-09-16T05:24:32.9890500Z (pass) [mjs module] root entry mirrors > [mjs module] root use.mjs contains the full src/use.mjs body [0.13ms]
Test on bun (macos-latest)	Run Bun tests	2026-09-16T05:24:32.9900030Z (pass) [mjs module] root entry mirrors > [mjs module] root use.js eval()s to a working use function [0.92ms]
Test on bun (macos-latest)	Run Bun tests	2026-09-16T05:24:32.9901740Z (pass) [mjs module] root entry mirrors > [mjs module] the 404 "Not found" body is not a valid module body [0.18ms]
Test on bun (macos-latest)	Run Bun tests	2026-09-16T05:24:32.9923990Z (pass) [mjs module] root entry mirrors > [mjs module] root use.mjs imports to a working use function [2.15ms]
Test on bun (macos-latest)	Run Bun tests	2026-09-16T05:24:32.9926160Z (pass) [mjs module] root entry mirrors > [mjs module] package.json ships the root mirrors and keeps src canonical [0.24ms]
Test on bun (macos-latest)	Run Bun tests	2026-09-16T05:24:32.9926760Z 
Test on bun (macos-latest)	Run Bun tests	2026-09-16T05:24:32.9927110Z ##[endgroup]
Test on bun (macos-latest)	Run Bun tests	2026-09-16T05:24:32.9927210Z 
Test on bun (macos-latest)	Run Bun tests	2026-09-16T05:24:32.9927460Z ##[group]tests/command-stream.test.cjs:
Test on bun (macos-latest)	Run Bun tests	2026-09-16T05:24:33.0028580Z (pass) [cjs module] command-stream module import > [cjs module] Direct CJS Require [9.79ms]
Test on bun (macos-latest)	Run Bun tests	2026-09-16T05:24:33.0129740Z (pass) [cjs module] command-stream module import > [cjs module] Dynamic Import with await import() of CJS [10.10ms]
Test on bun (macos-latest)	Run Bun tests	2026-09-16T05:24:33.0232840Z (pass) [cjs module] command-stream module import > [cjs module] Dynamic Import with await import() of MJS [10.30ms]
Test on bun (macos-latest)	Run Bun tests	2026-09-16T05:24:33.0233370Z 
Test on bun (macos-latest)	Run Bun tests	2026-09-16T05:24:33.0233670Z ##[endgroup]
Test on bun (macos-latest)	Run Bun tests	2026-09-16T05:24:33.0233800Z 
Test on bun (macos-latest)	Run Bun tests	2026-09-16T05:24:33.0234020Z ##[group]tests/fallback.test.cjs:
Test on bun (macos-latest)	Run Bun tests	2026-09-16T05:24:33.0245520Z (pass) [cjs module] loadWithFallback (shared engine) > [cjs module] returns the first source's result without trying later ones [0.10ms]
Test on bun (macos-latest)	Run Bun tests	2026-09-16T05:24:33.0246560Z (pass) [cjs module] loadWithFallback (shared engine) > [cjs module] falls back to a later source when earlier ones fail [0.10ms]
Test on bun (macos-latest)	Run Bun tests	2026-09-16T05:24:33.0247660Z (pass) [cjs module] loadWithFallback (shared engine) > [cjs module] retries a flaky source before succeeding [0.07ms]
Test on bun (macos-latest)	Run Bun tests	2026-09-16T05:24:33.0248780Z (pass) [cjs module] loadWithFallback (shared engine) > [cjs module] throws ONE aggregated error listing every attempt [0.15ms]
Test on bun (macos-latest)	Run Bun tests	2026-09-16T05:24:33.0249650Z (pass) [cjs module] loadWithFallback (shared engine) > [cjs module] rejects empty or non-array sources [0.08ms]
Test on bun (macos-latest)	Run Bun tests	2026-09-16T05:24:33.0250360Z (pass) [cjs module] loadWithFallback (shared engine) > [cjs module] rejects a missing load function [0.03ms]
Test on bun (macos-latest)	Run Bun tests	2026-09-16T05:24:33.0251580Z (pass) [cjs module] makeUse per-package CDN fallback > [cjs module] falls back to the next mirror when one import fails [0.17ms]
Test on bun (macos-latest)	Run Bun tests	2026-09-16T05:24:33.0252760Z (pass) [cjs module] makeUse per-package CDN fallback > [cjs module] throws a clear aggregated error when every mirror fails [0.14ms]
Test on bun (macos-latest)	Run Bun tests	2026-09-16T05:24:33.0254250Z (pass) [cjs module] makeUse per-package CDN fallback > [cjs module] a single explicit resolver imports directly with its raw error (no aggregation) [0.14ms]
Test on bun (macos-latest)	Run Bun tests	2026-09-16T05:24:33.0255600Z (pass) [cjs module] makeUse per-package CDN fallback > [cjs module] a single-entry specifierResolvers chain also imports directly [0.06ms]
Test on bun (macos-latest)	Run Bun tests	2026-09-16T05:24:33.0256540Z (pass) [cjs module] makeUse per-package CDN fallback > [cjs module] exposes the default mirror chains [0.01ms]
Test on bun (macos-latest)	Run Bun tests	2026-09-16T05:24:33.0256860Z 
Test on bun (macos-latest)	Run Bun tests	2026-09-16T05:24:33.0257090Z ##[endgroup]
Test on bun (macos-latest)	Run Bun tests	2026-09-16T05:24:33.0257230Z 
Test on bun (macos-latest)	Run Bun tests	2026-09-16T05:24:33.0257420Z ##[group]tests/fallback.test.mjs:
Test on bun (macos-latest)	Run Bun tests	2026-09-16T05:24:33.0263240Z (pass) [mjs module] loadWithFallback (shared engine) > [mjs module] returns the first source's result without trying later ones [0.06ms]
Test on bun (macos-latest)	Run Bun tests	2026-09-16T05:24:33.0264270Z (pass) [mjs module] loadWithFallback (shared engine) > [mjs module] falls back to a later source when earlier ones fail [0.08ms]
Test on bun (macos-latest)	Run Bun tests	2026-09-16T05:24:33.0265150Z (pass) [mjs module] loadWithFallback (shared engine) > [mjs module] retries a flaky source before succeeding [0.07ms]
Test on bun (macos-latest)	Run Bun tests	2026-09-16T05:24:33.0266080Z (pass) [mjs module] loadWithFallback (shared engine) > [mjs module] throws ONE aggregated error listing every attempt [0.09ms]
Test on bun (macos-latest)	Run Bun tests	2026-09-16T05:24:33.0266850Z (pass) [mjs module] loadWithFallback (shared engine) > [mjs module] rejects empty or non-array sources [0.05ms]
Test on bun (macos-latest)	Run Bun tests	2026-09-16T05:24:33.0267670Z (pass) [mjs module] loadWithFallback (shared engine) > [mjs module] rejects a missing load function [0.02ms]
Test on bun (macos-latest)	Run Bun tests	2026-09-16T05:24:33.0268490Z (pass) [mjs module] makeUse per-package CDN fallback > [mjs module] falls back to the next mirror when one import fails [0.15ms]
Test on bun (macos-latest)	Run Bun tests	2026-09-16T05:24:33.0269470Z (pass) [mjs module] makeUse per-package CDN fallback > [mjs module] throws a clear aggregated error when every mirror fails [0.11ms]
Test on bun (macos-latest)	Run Bun tests	2026-09-16T05:24:33.0270650Z (pass) [mjs module] makeUse per-package CDN fallback > [mjs module] a single explicit resolver imports directly with its raw error (no aggregation) [0.12ms]
Test on bun (macos-latest)	Run Bun tests	2026-09-16T05:24:33.0271720Z (pass) [mjs module] makeUse per-package CDN fallback > [mjs module] a single-entry specifierResolvers chain also imports directly [0.06ms]
Test on bun (macos-latest)	Run Bun tests	2026-09-16T05:24:33.0272520Z (pass) [mjs module] makeUse per-package CDN fallback > [mjs module] exposes the default mirror chains [0.01ms]
Test on bun (macos-latest)	Run Bun tests	2026-09-16T05:24:33.0272850Z 
Test on bun (macos-latest)	Run Bun tests	2026-09-16T05:24:33.0273040Z ##[endgroup]
Test on bun (macos-latest)	Run Bun tests	2026-09-16T05:24:33.0273120Z 
Test on bun (macos-latest)	Run Bun tests	2026-09-16T05:24:33.0273190Z  385 pass
Test on bun (macos-latest)	Run Bun tests	2026-09-16T05:24:33.0273310Z  0 fail
Test on bun (macos-latest)	Run Bun tests	2026-09-16T05:24:33.0273480Z  787 expect() calls
Test on bun (macos-latest)	Run Bun tests	2026-09-16T05:24:33.0273710Z Ran 385 tests across 47 files. [21.69s]
Test on bun (macos-latest)	Post Setup Bun	﻿2026-09-16T05:24:33.0364500Z Post job cleanup.
Test on bun (macos-latest)	Post Setup Node.js	﻿2026-09-16T05:24:33.2159530Z Post job cleanup.
Test on bun (macos-latest)	Post Setup Node.js	2026-09-16T05:24:33.3508790Z [command]/opt/homebrew/bin/gtar --posix -cf cache.tzst --exclude cache.tzst -P -C /Users/runner/work/use-m/use-m --files-from manifest.txt --delay-directory-restore --use-compress-program zstdmt
Test on bun (macos-latest)	Post Setup Node.js	2026-09-16T05:24:33.9281440Z Failed to save: Unable to reserve cache with key node-cache-macOS-arm64-npm-12813ae39a61b5fed7681502803cfede24735d033f8430fc26d535be6b212b6a, another job may be creating this cache.
Test on bun (macos-latest)	Post Checkout code	﻿2026-09-16T05:24:33.9379040Z Post job cleanup.
Test on bun (macos-latest)	Post Checkout code	2026-09-16T05:24:34.0303090Z [command]/opt/homebrew/bin/git version
Test on bun (macos-latest)	Post Checkout code	2026-09-16T05:24:34.0490220Z git version 2.55.0
Test on bun (macos-latest)	Post Checkout code	2026-09-16T05:24:34.0510390Z Copying '/Users/runner/.gitconfig' to '/Users/runner/work/_temp/7254a73f-d818-45c8-bcb3-4834295da6db/.gitconfig'
Test on bun (macos-latest)	Post Checkout code	2026-09-16T05:24:34.0518900Z Temporarily overriding HOME='/Users/runner/work/_temp/7254a73f-d818-45c8-bcb3-4834295da6db' before making global git config changes
Test on bun (macos-latest)	Post Checkout code	2026-09-16T05:24:34.0519910Z Adding repository directory to the temporary git global config as a safe directory
Test on bun (macos-latest)	Post Checkout code	2026-09-16T05:24:34.0522100Z [command]/opt/homebrew/bin/git config --global --add safe.directory /Users/runner/work/use-m/use-m
Test on bun (macos-latest)	Post Checkout code	2026-09-16T05:24:34.0635700Z Removing SSH command configuration
Test on bun (macos-latest)	Post Checkout code	2026-09-16T05:24:34.0640930Z [command]/opt/homebrew/bin/git config --local --name-only --get-regexp core\.sshCommand
Test on bun (macos-latest)	Post Checkout code	2026-09-16T05:24:34.0709030Z [command]/opt/homebrew/bin/git submodule foreach --recursive sh -c "git config --local --name-only --get-regexp 'core\.sshCommand' && git config --local --unset-all 'core.sshCommand' || :"
Test on bun (macos-latest)	Post Checkout code	2026-09-16T05:24:34.1564750Z Removing HTTP extra header
Test on bun (macos-latest)	Post Checkout code	2026-09-16T05:24:34.1568720Z [command]/opt/homebrew/bin/git config --local --name-only --get-regexp http\.https\:\/\/github\.com\/\.extraheader
Test on bun (macos-latest)	Post Checkout code	2026-09-16T05:24:34.1635160Z [command]/opt/homebrew/bin/git submodule foreach --recursive sh -c "git config --local --name-only --get-regexp 'http\.https\:\/\/github\.com\/\.extraheader' && git config --local --unset-all 'http.https://github.com/.extraheader' || :"
Test on bun (macos-latest)	Post Checkout code	2026-09-16T05:24:34.2406760Z Removing includeIf entries pointing to credentials config files
Test on bun (macos-latest)	Post Checkout code	2026-09-16T05:24:34.2411370Z [command]/opt/homebrew/bin/git config --local --name-only --get-regexp ^includeIf\.gitdir:
Test on bun (macos-latest)	Post Checkout code	2026-09-16T05:24:34.2466590Z includeif.gitdir:/Users/runner/work/use-m/use-m/.git.path
Test on bun (macos-latest)	Post Checkout code	2026-09-16T05:24:34.2467260Z includeif.gitdir:/Users/runner/work/use-m/use-m/.git/worktrees/*.path
Test on bun (macos-latest)	Post Checkout code	2026-09-16T05:24:34.2467780Z includeif.gitdir:/github/workspace/.git.path
Test on bun (macos-latest)	Post Checkout code	2026-09-16T05:24:34.2468250Z includeif.gitdir:/github/workspace/.git/worktrees/*.path
Test on bun (macos-latest)	Post Checkout code	2026-09-16T05:24:34.2472940Z [command]/opt/homebrew/bin/git config --local --get-all includeif.gitdir:/Users/runner/work/use-m/use-m/.git.path
Test on bun (macos-latest)	Post Checkout code	2026-09-16T05:24:34.2526830Z /Users/runner/work/_temp/git-credentials-7bb64766-28fa-4b19-af95-708ea2fd06a9.config
Test on bun (macos-latest)	Post Checkout code	2026-09-16T05:24:34.2537170Z [command]/opt/homebrew/bin/git config --local --unset includeif.gitdir:/Users/runner/work/use-m/use-m/.git.path /Users/runner/work/_temp/git-credentials-7bb64766-28fa-4b19-af95-708ea2fd06a9.config
Test on bun (macos-latest)	Post Checkout code	2026-09-16T05:24:34.2607990Z [command]/opt/homebrew/bin/git config --local --get-all includeif.gitdir:/Users/runner/work/use-m/use-m/.git/worktrees/*.path
Test on bun (macos-latest)	Post Checkout code	2026-09-16T05:24:34.2663410Z /Users/runner/work/_temp/git-credentials-7bb64766-28fa-4b19-af95-708ea2fd06a9.config
Test on bun (macos-latest)	Post Checkout code	2026-09-16T05:24:34.2671270Z [command]/opt/homebrew/bin/git config --local --unset includeif.gitdir:/Users/runner/work/use-m/use-m/.git/worktrees/*.path /Users/runner/work/_temp/git-credentials-7bb64766-28fa-4b19-af95-708ea2fd06a9.config
Test on bun (macos-latest)	Post Checkout code	2026-09-16T05:24:34.2737810Z [command]/opt/homebrew/bin/git config --local --get-all includeif.gitdir:/github/workspace/.git.path
Test on bun (macos-latest)	Post Checkout code	2026-09-16T05:24:34.2794420Z /github/runner_temp/git-credentials-7bb64766-28fa-4b19-af95-708ea2fd06a9.config
Test on bun (macos-latest)	Post Checkout code	2026-09-16T05:24:34.2800390Z [command]/opt/homebrew/bin/git config --local --unset includeif.gitdir:/github/workspace/.git.path /github/runner_temp/git-credentials-7bb64766-28fa-4b19-af95-708ea2fd06a9.config
Test on bun (macos-latest)	Post Checkout code	2026-09-16T05:24:34.2865830Z [command]/opt/homebrew/bin/git config --local --get-all includeif.gitdir:/github/workspace/.git/worktrees/*.path
Test on bun (macos-latest)	Post Checkout code	2026-09-16T05:24:34.2925690Z /github/runner_temp/git-credentials-7bb64766-28fa-4b19-af95-708ea2fd06a9.config
Test on bun (macos-latest)	Post Checkout code	2026-09-16T05:24:34.2929630Z [command]/opt/homebrew/bin/git config --local --unset includeif.gitdir:/github/workspace/.git/worktrees/*.path /github/runner_temp/git-credentials-7bb64766-28fa-4b19-af95-708ea2fd06a9.config
Test on bun (macos-latest)	Post Checkout code	2026-09-16T05:24:34.2997650Z [command]/opt/homebrew/bin/git submodule foreach --recursive git config --local --show-origin --name-only --get-regexp remote.origin.url
Test on bun (macos-latest)	Post Checkout code	2026-09-16T05:24:34.3763820Z Removing credentials config '/Users/runner/work/_temp/git-credentials-7bb64766-28fa-4b19-af95-708ea2fd06a9.config'
Test on bun (macos-latest)	Complete job	﻿2026-09-16T05:24:34.3843610Z Cleaning up orphan processes
Test on deno (ubuntu-latest)	Set up job	﻿2026-09-16T05:23:48.1269765Z Current runner version: '2.337.0'
Test on deno (ubuntu-latest)	Set up job	2026-09-16T05:23:48.1296863Z ##[group]Runner Image Provisioner
Test on deno (ubuntu-latest)	Set up job	2026-09-16T05:23:48.1297762Z Hosted Compute Agent
Test on deno (ubuntu-latest)	Set up job	2026-09-16T05:23:48.1298537Z Version: 20260828.587
Test on deno (ubuntu-latest)	Set up job	2026-09-16T05:23:48.1299193Z Commit: abac92662cab4cc7352de4f9f9d2e2419aad9c29
Test on deno (ubuntu-latest)	Set up job	2026-09-16T05:23:48.1299983Z Build Date: 2026-08-28T16:44:25Z
Test on deno (ubuntu-latest)	Set up job	2026-09-16T05:23:48.1300710Z Worker ID: {c4ce98f1-e364-423c-98d1-039837bc9250}
Test on deno (ubuntu-latest)	Set up job	2026-09-16T05:23:48.1301453Z Azure Region: westcentralus
Test on deno (ubuntu-latest)	Set up job	2026-09-16T05:23:48.1302168Z ##[endgroup]
Test on deno (ubuntu-latest)	Set up job	2026-09-16T05:23:48.1304074Z ##[group]Operating System
Test on deno (ubuntu-latest)	Set up job	2026-09-16T05:23:48.1304830Z Ubuntu
Test on deno (ubuntu-latest)	Set up job	2026-09-16T05:23:48.1305395Z 24.04.5
Test on deno (ubuntu-latest)	Set up job	2026-09-16T05:23:48.1305932Z LTS
Test on deno (ubuntu-latest)	Set up job	2026-09-16T05:23:48.1306579Z ##[endgroup]
Test on deno (ubuntu-latest)	Set up job	2026-09-16T05:23:48.1307160Z ##[group]Runner Image
Test on deno (ubuntu-latest)	Set up job	2026-09-16T05:23:48.1307760Z Image: ubuntu-24.04
Test on deno (ubuntu-latest)	Set up job	2026-09-16T05:23:48.1308417Z Version: 20260907.300.1
Test on deno (ubuntu-latest)	Set up job	2026-09-16T05:23:48.1309509Z Included Software: https://github.com/actions/runner-images/blob/ubuntu24/20260907.300/images/ubuntu/Ubuntu2404-Readme.md
Test on deno (ubuntu-latest)	Set up job	2026-09-16T05:23:48.1311368Z Image Release: https://github.com/actions/runner-images/releases/tag/ubuntu24%2F20260907.300
Test on deno (ubuntu-latest)	Set up job	2026-09-16T05:23:48.1312348Z ##[endgroup]
Test on deno (ubuntu-latest)	Set up job	2026-09-16T05:23:48.1313965Z ##[group]GITHUB_TOKEN Permissions
Test on deno (ubuntu-latest)	Set up job	2026-09-16T05:23:48.1315921Z Contents: read
Test on deno (ubuntu-latest)	Set up job	2026-09-16T05:23:48.1316676Z Metadata: read
Test on deno (ubuntu-latest)	Set up job	2026-09-16T05:23:48.1317300Z ##[endgroup]
Test on deno (ubuntu-latest)	Set up job	2026-09-16T05:23:48.1319542Z Secret source: Actions
Test on deno (ubuntu-latest)	Set up job	2026-09-16T05:23:48.1320564Z Cache mode: write
Test on deno (ubuntu-latest)	Set up job	2026-09-16T05:23:48.1321510Z Prepare workflow directory
Test on deno (ubuntu-latest)	Set up job	2026-09-16T05:23:48.1665188Z Prepare all required actions
Test on deno (ubuntu-latest)	Set up job	2026-09-16T05:23:48.1714771Z Getting action download info
Test on deno (ubuntu-latest)	Set up job	2026-09-16T05:23:48.5070489Z Download action repository 'actions/checkout@v6' (SHA:d23441a48e516b6c34aea4fa41551a30e30af803)
Test on deno (ubuntu-latest)	Set up job	2026-09-16T05:23:48.5914580Z Download action repository 'actions/setup-node@v6' (SHA:249970729cb0ef3589644e2896645e5dc5ba9c38)
Test on deno (ubuntu-latest)	Set up job	2026-09-16T05:23:48.6936896Z Download action repository 'oven-sh/setup-bun@v2' (SHA:0c5077e51419868618aeaa5fe8019c62421857d6)
Test on deno (ubuntu-latest)	Set up job	2026-09-16T05:23:49.2327549Z Download action repository 'denoland/setup-deno@v2' (SHA:22d081ff2d3a40755e97629de92e3bcbfa7cf2ed)
Test on deno (ubuntu-latest)	Set up job	2026-09-16T05:23:49.7986689Z Complete job name: Test on deno (ubuntu-latest)
Test on deno (ubuntu-latest)	Checkout code	﻿2026-09-16T05:23:49.8761140Z ##[group]Run actions/checkout@v6
Test on deno (ubuntu-latest)	Checkout code	2026-09-16T05:23:49.8762015Z with:
Test on deno (ubuntu-latest)	Checkout code	2026-09-16T05:23:49.8762471Z   repository: link-foundation/use-m
Test on deno (ubuntu-latest)	Checkout code	2026-09-16T05:23:49.8766764Z   token: ***
Test on deno (ubuntu-latest)	Checkout code	2026-09-16T05:23:49.8767211Z   ssh-strict: true
Test on deno (ubuntu-latest)	Checkout code	2026-09-16T05:23:49.8767650Z   ssh-user: git
Test on deno (ubuntu-latest)	Checkout code	2026-09-16T05:23:49.8768095Z   persist-credentials: true
Test on deno (ubuntu-latest)	Checkout code	2026-09-16T05:23:49.8768588Z   clean: true
Test on deno (ubuntu-latest)	Checkout code	2026-09-16T05:23:49.8769036Z   sparse-checkout-cone-mode: true
Test on deno (ubuntu-latest)	Checkout code	2026-09-16T05:23:49.8769558Z   fetch-depth: 1
Test on deno (ubuntu-latest)	Checkout code	2026-09-16T05:23:49.8769977Z   fetch-tags: false
Test on deno (ubuntu-latest)	Checkout code	2026-09-16T05:23:49.8770423Z   show-progress: true
Test on deno (ubuntu-latest)	Checkout code	2026-09-16T05:23:49.8770872Z   lfs: false
Test on deno (ubuntu-latest)	Checkout code	2026-09-16T05:23:49.8771295Z   submodules: false
Test on deno (ubuntu-latest)	Checkout code	2026-09-16T05:23:49.8771746Z   set-safe-directory: true
Test on deno (ubuntu-latest)	Checkout code	2026-09-16T05:23:49.8772242Z   allow-unsafe-pr-checkout: false
Test on deno (ubuntu-latest)	Checkout code	2026-09-16T05:23:49.8773241Z ##[endgroup]
Test on deno (ubuntu-latest)	Checkout code	2026-09-16T05:23:49.9798101Z Syncing repository: link-foundation/use-m
Test on deno (ubuntu-latest)	Checkout code	2026-09-16T05:23:49.9800664Z ##[group]Getting Git version info
Test on deno (ubuntu-latest)	Checkout code	2026-09-16T05:23:49.9801704Z Working directory is '/home/runner/work/use-m/use-m'
Test on deno (ubuntu-latest)	Checkout code	2026-09-16T05:23:49.9803561Z [command]/usr/bin/git version
Test on deno (ubuntu-latest)	Checkout code	2026-09-16T05:23:49.9824325Z git version 2.55.0
Test on deno (ubuntu-latest)	Checkout code	2026-09-16T05:23:49.9847895Z ##[endgroup]
Test on deno (ubuntu-latest)	Checkout code	2026-09-16T05:23:49.9862215Z Temporarily overriding HOME='/home/runner/work/_temp/0cdd2c98-9673-4203-a793-0721643ebcaf' before making global git config changes
Test on deno (ubuntu-latest)	Checkout code	2026-09-16T05:23:49.9867776Z Adding repository directory to the temporary git global config as a safe directory
Test on deno (ubuntu-latest)	Checkout code	2026-09-16T05:23:49.9869048Z [command]/usr/bin/git config --global --add safe.directory /home/runner/work/use-m/use-m
Test on deno (ubuntu-latest)	Checkout code	2026-09-16T05:23:49.9913060Z Deleting the contents of '/home/runner/work/use-m/use-m'
Test on deno (ubuntu-latest)	Checkout code	2026-09-16T05:23:49.9917091Z ##[group]Determining repository object format
Test on deno (ubuntu-latest)	Checkout code	2026-09-16T05:23:49.9919471Z ##[endgroup]
Test on deno (ubuntu-latest)	Checkout code	2026-09-16T05:23:49.9925365Z ##[group]Initializing the repository
Test on deno (ubuntu-latest)	Checkout code	2026-09-16T05:23:49.9926573Z [command]/usr/bin/git init /home/runner/work/use-m/use-m
Test on deno (ubuntu-latest)	Checkout code	2026-09-16T05:23:50.0002140Z hint: Using 'master' as the name for the initial branch. This default branch name
Test on deno (ubuntu-latest)	Checkout code	2026-09-16T05:23:50.0004180Z hint: will change to "main" in Git 3.0. To configure the initial branch name
Test on deno (ubuntu-latest)	Checkout code	2026-09-16T05:23:50.0005565Z hint: to use in all of your new repositories, which will suppress this warning,
Test on deno (ubuntu-latest)	Checkout code	2026-09-16T05:23:50.0006596Z hint: call:
Test on deno (ubuntu-latest)	Checkout code	2026-09-16T05:23:50.0007271Z hint:
Test on deno (ubuntu-latest)	Checkout code	2026-09-16T05:23:50.0008144Z hint: 	git config --global init.defaultBranch <name>
Test on deno (ubuntu-latest)	Checkout code	2026-09-16T05:23:50.0009111Z hint:
Test on deno (ubuntu-latest)	Checkout code	2026-09-16T05:23:50.0010040Z hint: Names commonly chosen instead of 'master' are 'main', 'trunk' and
Test on deno (ubuntu-latest)	Checkout code	2026-09-16T05:23:50.0011366Z hint: 'development'. The just-created branch can be renamed via this command:
Test on deno (ubuntu-latest)	Checkout code	2026-09-16T05:23:50.0012372Z hint:
Test on deno (ubuntu-latest)	Checkout code	2026-09-16T05:23:50.0013311Z hint: 	git branch -m <name>
Test on deno (ubuntu-latest)	Checkout code	2026-09-16T05:23:50.0014200Z hint:
Test on deno (ubuntu-latest)	Checkout code	2026-09-16T05:23:50.0015137Z hint: Disable this message with "git config set advice.defaultBranchName false"
Test on deno (ubuntu-latest)	Checkout code	2026-09-16T05:23:50.0020679Z Initialized empty Git repository in /home/runner/work/use-m/use-m/.git/
Test on deno (ubuntu-latest)	Checkout code	2026-09-16T05:23:50.0031003Z [command]/usr/bin/git remote add origin https://github.com/link-foundation/use-m
Test on deno (ubuntu-latest)	Checkout code	2026-09-16T05:23:50.0107604Z ##[endgroup]
Test on deno (ubuntu-latest)	Checkout code	2026-09-16T05:23:50.0108434Z ##[group]Disabling automatic garbage collection
Test on deno (ubuntu-latest)	Checkout code	2026-09-16T05:23:50.0111551Z [command]/usr/bin/git config --local gc.auto 0
Test on deno (ubuntu-latest)	Checkout code	2026-09-16T05:23:50.0144281Z ##[endgroup]
Test on deno (ubuntu-latest)	Checkout code	2026-09-16T05:23:50.0146043Z ##[group]Setting up auth
Test on deno (ubuntu-latest)	Checkout code	2026-09-16T05:23:50.0146629Z Removing SSH command configuration
Test on deno (ubuntu-latest)	Checkout code	2026-09-16T05:23:50.0154431Z [command]/usr/bin/git config --local --name-only --get-regexp core\.sshCommand
Test on deno (ubuntu-latest)	Checkout code	2026-09-16T05:23:50.0192770Z [command]/usr/bin/git submodule foreach --recursive sh -c "git config --local --name-only --get-regexp 'core\.sshCommand' && git config --local --unset-all 'core.sshCommand' || :"
Test on deno (ubuntu-latest)	Checkout code	2026-09-16T05:23:50.0517959Z Removing HTTP extra header
Test on deno (ubuntu-latest)	Checkout code	2026-09-16T05:23:50.0527707Z [command]/usr/bin/git config --local --name-only --get-regexp http\.https\:\/\/github\.com\/\.extraheader
Test on deno (ubuntu-latest)	Checkout code	2026-09-16T05:23:50.0570063Z [command]/usr/bin/git submodule foreach --recursive sh -c "git config --local --name-only --get-regexp 'http\.https\:\/\/github\.com\/\.extraheader' && git config --local --unset-all 'http.https://github.com/.extraheader' || :"
Test on deno (ubuntu-latest)	Checkout code	2026-09-16T05:23:50.0908235Z Removing includeIf entries pointing to credentials config files
Test on deno (ubuntu-latest)	Checkout code	2026-09-16T05:23:50.0910041Z [command]/usr/bin/git config --local --name-only --get-regexp ^includeIf\.gitdir:
Test on deno (ubuntu-latest)	Checkout code	2026-09-16T05:23:50.0913045Z [command]/usr/bin/git submodule foreach --recursive git config --local --show-origin --name-only --get-regexp remote.origin.url
Test on deno (ubuntu-latest)	Checkout code	2026-09-16T05:23:50.1133386Z [command]/usr/bin/git config --file /home/runner/work/_temp/git-credentials-878ac6e8-1440-40be-b006-ccbcd6e9726a.config http.https://github.com/.extraheader AUTHORIZATION: basic ***
Test on deno (ubuntu-latest)	Checkout code	2026-09-16T05:23:50.1180271Z [command]/usr/bin/git config --local includeIf.gitdir:/home/runner/work/use-m/use-m/.git.path /home/runner/work/_temp/git-credentials-878ac6e8-1440-40be-b006-ccbcd6e9726a.config
Test on deno (ubuntu-latest)	Checkout code	2026-09-16T05:23:50.1218342Z [command]/usr/bin/git config --local includeIf.gitdir:/home/runner/work/use-m/use-m/.git/worktrees/*.path /home/runner/work/_temp/git-credentials-878ac6e8-1440-40be-b006-ccbcd6e9726a.config
Test on deno (ubuntu-latest)	Checkout code	2026-09-16T05:23:50.1258871Z [command]/usr/bin/git config --local includeIf.gitdir:/github/workspace/.git.path /github/runner_temp/git-credentials-878ac6e8-1440-40be-b006-ccbcd6e9726a.config
Test on deno (ubuntu-latest)	Checkout code	2026-09-16T05:23:50.1294593Z [command]/usr/bin/git config --local includeIf.gitdir:/github/workspace/.git/worktrees/*.path /github/runner_temp/git-credentials-878ac6e8-1440-40be-b006-ccbcd6e9726a.config
Test on deno (ubuntu-latest)	Checkout code	2026-09-16T05:23:50.1329351Z ##[endgroup]
Test on deno (ubuntu-latest)	Checkout code	2026-09-16T05:23:50.1330553Z ##[group]Fetching the repository
Test on deno (ubuntu-latest)	Checkout code	2026-09-16T05:23:50.1339259Z [command]/usr/bin/git -c protocol.version=2 fetch --no-tags --prune --no-recurse-submodules --depth=1 origin +fa32204ca66803b71af0d8578abf5dda749fda71:refs/remotes/pull/51/merge
Test on deno (ubuntu-latest)	Checkout code	2026-09-16T05:23:51.2196026Z From https://github.com/link-foundation/use-m
Test on deno (ubuntu-latest)	Checkout code	2026-09-16T05:23:51.2198234Z  * [new ref]         fa32204ca66803b71af0d8578abf5dda749fda71 -> pull/51/merge
Test on deno (ubuntu-latest)	Checkout code	2026-09-16T05:23:51.2202786Z ##[endgroup]
Test on deno (ubuntu-latest)	Checkout code	2026-09-16T05:23:51.2204588Z ##[group]Determining the checkout info
Test on deno (ubuntu-latest)	Checkout code	2026-09-16T05:23:51.2206415Z ##[endgroup]
Test on deno (ubuntu-latest)	Checkout code	2026-09-16T05:23:51.2208176Z [command]/usr/bin/git sparse-checkout disable
Test on deno (ubuntu-latest)	Checkout code	2026-09-16T05:23:51.2260714Z [command]/usr/bin/git config --local --unset-all extensions.worktreeConfig
Test on deno (ubuntu-latest)	Checkout code	2026-09-16T05:23:51.2294410Z ##[group]Checking out the ref
Test on deno (ubuntu-latest)	Checkout code	2026-09-16T05:23:51.2297353Z [command]/usr/bin/git checkout --progress --force refs/remotes/pull/51/merge
Test on deno (ubuntu-latest)	Checkout code	2026-09-16T05:23:51.2653682Z Note: switching to 'refs/remotes/pull/51/merge'.
Test on deno (ubuntu-latest)	Checkout code	2026-09-16T05:23:51.2654567Z 
Test on deno (ubuntu-latest)	Checkout code	2026-09-16T05:23:51.2655282Z You are in 'detached HEAD' state. You can look around, make experimental
Test on deno (ubuntu-latest)	Checkout code	2026-09-16T05:23:51.2657046Z changes and commit them, and you can discard any commits you make in this
Test on deno (ubuntu-latest)	Checkout code	2026-09-16T05:23:51.2658796Z state without impacting any branches by switching back to a branch.
Test on deno (ubuntu-latest)	Checkout code	2026-09-16T05:23:51.2659819Z 
Test on deno (ubuntu-latest)	Checkout code	2026-09-16T05:23:51.2660666Z If you want to create a new branch to retain commits you create, you may
Test on deno (ubuntu-latest)	Checkout code	2026-09-16T05:23:51.2663153Z do so (now or later) by using -c with the switch command. Example:
Test on deno (ubuntu-latest)	Checkout code	2026-09-16T05:23:51.2664443Z 
Test on deno (ubuntu-latest)	Checkout code	2026-09-16T05:23:51.2664984Z   git switch -c <new-branch-name>
Test on deno (ubuntu-latest)	Checkout code	2026-09-16T05:23:51.2665865Z 
Test on deno (ubuntu-latest)	Checkout code	2026-09-16T05:23:51.2666500Z Or undo this operation with:
Test on deno (ubuntu-latest)	Checkout code	2026-09-16T05:23:51.2667552Z 
Test on deno (ubuntu-latest)	Checkout code	2026-09-16T05:23:51.2668219Z   git switch -
Test on deno (ubuntu-latest)	Checkout code	2026-09-16T05:23:51.2669091Z 
Test on deno (ubuntu-latest)	Checkout code	2026-09-16T05:23:51.2670458Z Turn off this advice by setting config variable advice.detachedHead to false
Test on deno (ubuntu-latest)	Checkout code	2026-09-16T05:23:51.2672315Z 
Test on deno (ubuntu-latest)	Checkout code	2026-09-16T05:23:51.2674510Z HEAD is now at fa32204 Merge 3895ecce42d1486b528a1bfbe15a750dcd0e2eab into 5378cba033e9105307a25e3f1a176ff689b716f0
Test on deno (ubuntu-latest)	Checkout code	2026-09-16T05:23:51.2681181Z ##[endgroup]
Test on deno (ubuntu-latest)	Checkout code	2026-09-16T05:23:51.2716820Z [command]/usr/bin/git log -1 --format=%H
Test on deno (ubuntu-latest)	Checkout code	2026-09-16T05:23:51.2746760Z fa32204ca66803b71af0d8578abf5dda749fda71
Test on deno (ubuntu-latest)	Setup Node.js	﻿2026-09-16T05:23:51.3138504Z ##[group]Run actions/setup-node@v6
Test on deno (ubuntu-latest)	Setup Node.js	2026-09-16T05:23:51.3139702Z with:
Test on deno (ubuntu-latest)	Setup Node.js	2026-09-16T05:23:51.3140588Z   node-version: 20.x
Test on deno (ubuntu-latest)	Setup Node.js	2026-09-16T05:23:51.3141552Z   cache: npm
Test on deno (ubuntu-latest)	Setup Node.js	2026-09-16T05:23:51.3142448Z   check-latest: false
Test on deno (ubuntu-latest)	Setup Node.js	2026-09-16T05:23:51.3152310Z   token: ***
Test on deno (ubuntu-latest)	Setup Node.js	2026-09-16T05:23:51.3153452Z   package-manager-cache: true
Test on deno (ubuntu-latest)	Setup Node.js	2026-09-16T05:23:51.3154588Z ##[endgroup]
Test on deno (ubuntu-latest)	Setup Node.js	2026-09-16T05:23:51.4567806Z Attempting to download 20.x...
Test on deno (ubuntu-latest)	Setup Node.js	2026-09-16T05:23:52.4478183Z Acquiring 20.20.2 - x64 from https://github.com/actions/node-versions/releases/download/20.20.2-23521894959/node-20.20.2-linux-x64.tar.gz
Test on deno (ubuntu-latest)	Setup Node.js	2026-09-16T05:23:53.0834675Z Extracting ...
Test on deno (ubuntu-latest)	Setup Node.js	2026-09-16T05:23:53.0949811Z [command]/usr/bin/tar xz --strip 1 --warning=no-unknown-keyword --overwrite -C /home/runner/work/_temp/342c156c-c0df-4565-830d-f0b70da77766 -f /home/runner/work/_temp/768c7db5-ad15-4e47-b5e0-4b2e651cad69
Test on deno (ubuntu-latest)	Setup Node.js	2026-09-16T05:23:54.1811607Z Adding to the cache ...
Test on deno (ubuntu-latest)	Setup Node.js	2026-09-16T05:23:55.7023092Z ##[group]Environment details
Test on deno (ubuntu-latest)	Setup Node.js	2026-09-16T05:23:55.9254811Z node: v20.20.2
Test on deno (ubuntu-latest)	Setup Node.js	2026-09-16T05:23:55.9255360Z npm: 10.8.2
Test on deno (ubuntu-latest)	Setup Node.js	2026-09-16T05:23:55.9255646Z yarn: 1.22.22
Test on deno (ubuntu-latest)	Setup Node.js	2026-09-16T05:23:55.9256255Z ##[endgroup]
Test on deno (ubuntu-latest)	Setup Node.js	2026-09-16T05:23:55.9273146Z [command]/opt/hostedtoolcache/node/20.20.2/x64/bin/npm config get cache
Test on deno (ubuntu-latest)	Setup Node.js	2026-09-16T05:23:56.0295220Z /home/runner/.npm
Test on deno (ubuntu-latest)	Setup Node.js	2026-09-16T05:23:56.2110618Z npm cache is not found
Test on deno (ubuntu-latest)	Setup Deno	﻿2026-09-16T05:23:56.2320654Z ##[group]Run denoland/setup-deno@v2
Test on deno (ubuntu-latest)	Setup Deno	2026-09-16T05:23:56.2320947Z with:
Test on deno (ubuntu-latest)	Setup Deno	2026-09-16T05:23:56.2321149Z   deno-version: v2.x
Test on deno (ubuntu-latest)	Setup Deno	2026-09-16T05:23:56.2321383Z   deno-binary-name: deno
Test on deno (ubuntu-latest)	Setup Deno	2026-09-16T05:23:56.2321609Z   cache: false
Test on deno (ubuntu-latest)	Setup Deno	2026-09-16T05:23:56.2321818Z ##[endgroup]
Test on deno (ubuntu-latest)	Setup Deno	2026-09-16T05:23:56.8058571Z Going to install stable version 2.9.6.
Test on deno (ubuntu-latest)	Setup Deno	2026-09-16T05:23:56.8062893Z Downloading Deno from https://github.com/denoland/deno/releases/download/v2.9.6/deno-x86_64-unknown-linux-gnu.zip.
Test on deno (ubuntu-latest)	Setup Deno	2026-09-16T05:23:57.3465799Z [command]/usr/bin/unzip -o -q /home/runner/work/_temp/481af510-154c-4cf6-8a8a-31827d373f8c
Test on deno (ubuntu-latest)	Setup Deno	2026-09-16T05:23:58.1889444Z Cached Deno to /opt/hostedtoolcache/deno/2.9.6/x64.
Test on deno (ubuntu-latest)	Setup Deno	2026-09-16T05:23:58.1899774Z Installation complete.
Test on deno (ubuntu-latest)	Install dependencies	﻿2026-09-16T05:23:58.2075464Z ##[group]Run npm ci --no-audit --no-fund
Test on deno (ubuntu-latest)	Install dependencies	2026-09-16T05:23:58.2075884Z ^[[36;1mnpm ci --no-audit --no-fund^[[0m
Test on deno (ubuntu-latest)	Install dependencies	2026-09-16T05:23:58.2121507Z shell: /usr/bin/bash -e {0}
Test on deno (ubuntu-latest)	Install dependencies	2026-09-16T05:23:58.2121790Z ##[endgroup]
Test on deno (ubuntu-latest)	Install dependencies	2026-09-16T05:24:07.3162136Z 
Test on deno (ubuntu-latest)	Install dependencies	2026-09-16T05:24:07.3163077Z added 476 packages in 9s
Test on deno (ubuntu-latest)	Run Deno tests	﻿2026-09-16T05:24:07.3426430Z ##[group]Run for attempt in 1 2 3; do
Test on deno (ubuntu-latest)	Run Deno tests	2026-09-16T05:24:07.3426789Z ^[[36;1mfor attempt in 1 2 3; do^[[0m
Test on deno (ubuntu-latest)	Run Deno tests	2026-09-16T05:24:07.3427272Z ^[[36;1m  deno test --allow-net --allow-env --allow-run --allow-read --allow-write --allow-sys && exit 0^[[0m
Test on deno (ubuntu-latest)	Run Deno tests	2026-09-16T05:24:07.3427754Z ^[[36;1m  status=$?^[[0m
Test on deno (ubuntu-latest)	Run Deno tests	2026-09-16T05:24:07.3427972Z ^[[36;1m^[[0m
Test on deno (ubuntu-latest)	Run Deno tests	2026-09-16T05:24:07.3428190Z ^[[36;1m  if [ "$attempt" = "3" ]; then^[[0m
Test on deno (ubuntu-latest)	Run Deno tests	2026-09-16T05:24:07.3428486Z ^[[36;1m    exit "$status"^[[0m
Test on deno (ubuntu-latest)	Run Deno tests	2026-09-16T05:24:07.3428716Z ^[[36;1m  fi^[[0m
Test on deno (ubuntu-latest)	Run Deno tests	2026-09-16T05:24:07.3428913Z ^[[36;1m^[[0m
Test on deno (ubuntu-latest)	Run Deno tests	2026-09-16T05:24:07.3429267Z ^[[36;1m  echo "Deno tests failed on attempt ${attempt}/3; retrying after a short delay."^[[0m
Test on deno (ubuntu-latest)	Run Deno tests	2026-09-16T05:24:07.3429708Z ^[[36;1m  sleep $((attempt * 15))^[[0m
Test on deno (ubuntu-latest)	Run Deno tests	2026-09-16T05:24:07.3429963Z ^[[36;1mdone^[[0m
Test on deno (ubuntu-latest)	Run Deno tests	2026-09-16T05:24:07.3470062Z shell: /usr/bin/bash -e {0}
Test on deno (ubuntu-latest)	Run Deno tests	2026-09-16T05:24:07.3470331Z ##[endgroup]
Test on deno (ubuntu-latest)	Run Deno tests	2026-09-16T05:24:07.3808182Z ^[[0m^[[32mDownload^[[0m https://deno.land/std@0.224.0/expect/mod.ts
Test on deno (ubuntu-latest)	Run Deno tests	2026-09-16T05:24:07.3809703Z ^[[0m^[[32mDownload^[[0m https://deno.land/std@0.224.0/testing/bdd.ts
Test on deno (ubuntu-latest)	Run Deno tests	2026-09-16T05:24:07.6819353Z ^[[0m^[[32mDownload^[[0m https://deno.land/std@0.224.0/expect/expect.ts
Test on deno (ubuntu-latest)	Run Deno tests	2026-09-16T05:24:07.6820175Z ^[[0m^[[32mDownload^[[0m https://deno.land/std@0.224.0/expect/fn.ts
Test on deno (ubuntu-latest)	Run Deno tests	2026-09-16T05:24:07.6823650Z ^[[0m^[[32mDownload^[[0m https://deno.land/std@0.224.0/testing/_test_suite.ts
Test on deno (ubuntu-latest)	Run Deno tests	2026-09-16T05:24:07.7123051Z ^[[0m^[[32mDownload^[[0m https://deno.land/std@0.224.0/expect/_types.ts
Test on deno (ubuntu-latest)	Run Deno tests	2026-09-16T05:24:07.7124139Z ^[[0m^[[32mDownload^[[0m https://deno.land/std@0.224.0/assert/assertion_error.ts
Test on deno (ubuntu-latest)	Run Deno tests	2026-09-16T05:24:07.7125229Z ^[[0m^[[32mDownload^[[0m https://deno.land/std@0.224.0/expect/_custom_equality_tester.ts
Test on deno (ubuntu-latest)	Run Deno tests	2026-09-16T05:24:07.7126256Z ^[[0m^[[32mDownload^[[0m https://deno.land/std@0.224.0/expect/_equal.ts
Test on deno (ubuntu-latest)	Run Deno tests	2026-09-16T05:24:07.7126879Z ^[[0m^[[32mDownload^[[0m https://deno.land/std@0.224.0/expect/_extend.ts
Test on deno (ubuntu-latest)	Run Deno tests	2026-09-16T05:24:07.7127466Z ^[[0m^[[32mDownload^[[0m https://deno.land/std@0.224.0/expect/_matchers.ts
Test on deno (ubuntu-latest)	Run Deno tests	2026-09-16T05:24:07.7128108Z ^[[0m^[[32mDownload^[[0m https://deno.land/std@0.224.0/expect/_snapshot_serializer.ts
Test on deno (ubuntu-latest)	Run Deno tests	2026-09-16T05:24:07.7128724Z ^[[0m^[[32mDownload^[[0m https://deno.land/std@0.224.0/expect/_utils.ts
Test on deno (ubuntu-latest)	Run Deno tests	2026-09-16T05:24:07.7129347Z ^[[0m^[[32mDownload^[[0m https://deno.land/std@0.224.0/expect/_asymmetric_matchers.ts
Test on deno (ubuntu-latest)	Run Deno tests	2026-09-16T05:24:07.7129957Z ^[[0m^[[32mDownload^[[0m https://deno.land/std@0.224.0/expect/_mock_util.ts
Test on deno (ubuntu-latest)	Run Deno tests	2026-09-16T05:24:07.8009556Z ^[[0m^[[32mDownload^[[0m https://deno.land/std@0.224.0/assert/assert_not_strict_equals.ts
Test on deno (ubuntu-latest)	Run Deno tests	2026-09-16T05:24:07.8010400Z ^[[0m^[[32mDownload^[[0m https://deno.land/std@0.224.0/assert/assert_strict_equals.ts
Test on deno (ubuntu-latest)	Run Deno tests	2026-09-16T05:24:07.8011604Z ^[[0m^[[32mDownload^[[0m https://deno.land/std@0.224.0/assert/assert_instance_of.ts
Test on deno (ubuntu-latest)	Run Deno tests	2026-09-16T05:24:07.8012555Z ^[[0m^[[32mDownload^[[0m https://deno.land/std@0.224.0/assert/assert_is_error.ts
Test on deno (ubuntu-latest)	Run Deno tests	2026-09-16T05:24:07.8013770Z ^[[0m^[[32mDownload^[[0m https://deno.land/std@0.224.0/assert/assert_not_instance_of.ts
Test on deno (ubuntu-latest)	Run Deno tests	2026-09-16T05:24:07.8014767Z ^[[0m^[[32mDownload^[[0m https://deno.land/std@0.224.0/assert/assert_match.ts
Test on deno (ubuntu-latest)	Run Deno tests	2026-09-16T05:24:07.8015718Z ^[[0m^[[32mDownload^[[0m https://deno.land/std@0.224.0/assert/assert_object_match.ts
Test on deno (ubuntu-latest)	Run Deno tests	2026-09-16T05:24:07.8016639Z ^[[0m^[[32mDownload^[[0m https://deno.land/std@0.224.0/assert/assert_not_match.ts
Test on deno (ubuntu-latest)	Run Deno tests	2026-09-16T05:24:07.8017540Z ^[[0m^[[32mDownload^[[0m https://deno.land/std@0.224.0/expect/_assert_equals.ts
Test on deno (ubuntu-latest)	Run Deno tests	2026-09-16T05:24:07.8018478Z ^[[0m^[[32mDownload^[[0m https://deno.land/std@0.224.0/expect/_assert_not_equals.ts
Test on deno (ubuntu-latest)	Run Deno tests	2026-09-16T05:24:07.8019395Z ^[[0m^[[32mDownload^[[0m https://deno.land/std@0.224.0/internal/format.ts
Test on deno (ubuntu-latest)	Run Deno tests	2026-09-16T05:24:07.8020173Z ^[[0m^[[32mDownload^[[0m https://deno.land/std@0.224.0/expect/_inspect_args.ts
Test on deno (ubuntu-latest)	Run Deno tests	2026-09-16T05:24:07.8321387Z ^[[0m^[[32mDownload^[[0m https://deno.land/std@0.224.0/internal/mod.ts
Test on deno (ubuntu-latest)	Run Deno tests	2026-09-16T05:24:07.8322517Z ^[[0m^[[32mDownload^[[0m https://deno.land/std@0.224.0/assert/_constants.ts
Test on deno (ubuntu-latest)	Run Deno tests	2026-09-16T05:24:07.8323763Z ^[[0m^[[32mDownload^[[0m https://deno.land/std@0.224.0/fmt/colors.ts
Test on deno (ubuntu-latest)	Run Deno tests	2026-09-16T05:24:07.8339615Z ^[[0m^[[32mDownload^[[0m https://deno.land/std@0.224.0/assert/assert_false.ts
Test on deno (ubuntu-latest)	Run Deno tests	2026-09-16T05:24:07.8341033Z ^[[0m^[[32mDownload^[[0m https://deno.land/std@0.224.0/assert/assert_equals.ts
Test on deno (ubuntu-latest)	Run Deno tests	2026-09-16T05:24:07.8342039Z ^[[0m^[[32mDownload^[[0m https://deno.land/std@0.224.0/expect/_build_message.ts
Test on deno (ubuntu-latest)	Run Deno tests	2026-09-16T05:24:07.8628247Z ^[[0m^[[32mDownload^[[0m https://deno.land/std@0.224.0/internal/diff.ts
Test on deno (ubuntu-latest)	Run Deno tests	2026-09-16T05:24:07.8919662Z ^[[0m^[[32mDownload^[[0m https://deno.land/std@0.224.0/assert/equal.ts
Test on deno (ubuntu-latest)	Run Deno tests	2026-09-16T05:24:07.8920376Z ^[[0m^[[32mDownload^[[0m https://deno.land/std@0.224.0/expect/_constants.ts
Test on deno (ubuntu-latest)	Run Deno tests	2026-09-16T05:24:07.9511231Z ^[[0m^[[32mCheck^[[0m tests/builtin-browser.test.mjs
Test on deno (ubuntu-latest)	Run Deno tests	2026-09-16T05:24:07.9512048Z ^[[0m^[[32mCheck^[[0m tests/builtin-errors.test.mjs
Test on deno (ubuntu-latest)	Run Deno tests	2026-09-16T05:24:07.9512947Z ^[[0m^[[32mCheck^[[0m tests/builtin-nodejs.test.mjs
Test on deno (ubuntu-latest)	Run Deno tests	2026-09-16T05:24:07.9513660Z ^[[0m^[[32mCheck^[[0m tests/builtin-universal.test.mjs
Test on deno (ubuntu-latest)	Run Deno tests	2026-09-16T05:24:07.9514345Z ^[[0m^[[32mCheck^[[0m tests/command-stream.test.mjs
Test on deno (ubuntu-latest)	Run Deno tests	2026-09-16T05:24:07.9515006Z ^[[0m^[[32mCheck^[[0m tests/deno-support.test.mjs
Test on deno (ubuntu-latest)	Run Deno tests	2026-09-16T05:24:07.9515612Z ^[[0m^[[32mCheck^[[0m tests/dynamic-builtins.test.mjs
Test on deno (ubuntu-latest)	Run Deno tests	2026-09-16T05:24:07.9516334Z ^[[0m^[[32mCheck^[[0m tests/esm-sh-polyfill-browser.test.mjs
Test on deno (ubuntu-latest)	Run Deno tests	2026-09-16T05:24:07.9517014Z ^[[0m^[[32mCheck^[[0m tests/fallback.test.mjs
Test on deno (ubuntu-latest)	Run Deno tests	2026-09-16T05:24:07.9517593Z ^[[0m^[[32mCheck^[[0m tests/filename.test.mjs
Test on deno (ubuntu-latest)	Run Deno tests	2026-09-16T05:24:07.9518237Z ^[[0m^[[32mCheck^[[0m tests/fs-promises.test.mjs
Test on deno (ubuntu-latest)	Run Deno tests	2026-09-16T05:24:07.9518690Z ^[[0m^[[32mCheck^[[0m tests/get-script-url.test.mjs
Test on deno (ubuntu-latest)	Run Deno tests	2026-09-16T05:24:07.9519087Z ^[[0m^[[32mCheck^[[0m tests/import.test.mjs
Test on deno (ubuntu-latest)	Run Deno tests	2026-09-16T05:24:07.9519452Z ^[[0m^[[32mCheck^[[0m tests/load.test.mjs
Test on deno (ubuntu-latest)	Run Deno tests	2026-09-16T05:24:07.9519814Z ^[[0m^[[32mCheck^[[0m tests/loader.test.mjs
Test on deno (ubuntu-latest)	Run Deno tests	2026-09-16T05:24:07.9520165Z ^[[0m^[[32mCheck^[[0m tests/lodash.test.mjs
Test on deno (ubuntu-latest)	Run Deno tests	2026-09-16T05:24:07.9520567Z ^[[0m^[[32mCheck^[[0m tests/module-specifier.test.mjs
Test on deno (ubuntu-latest)	Run Deno tests	2026-09-16T05:24:07.9520998Z ^[[0m^[[32mCheck^[[0m tests/network-imports.test.mjs
Test on deno (ubuntu-latest)	Run Deno tests	2026-09-16T05:24:07.9521428Z ^[[0m^[[32mCheck^[[0m tests/npm-global-prefix.test.mjs
Test on deno (ubuntu-latest)	Run Deno tests	2026-09-16T05:24:07.9521890Z ^[[0m^[[32mCheck^[[0m tests/relative-paths-browser.test.mjs
Test on deno (ubuntu-latest)	Run Deno tests	2026-09-16T05:24:07.9523003Z ^[[0m^[[32mCheck^[[0m tests/relative-paths.integration.test.mjs
Test on deno (ubuntu-latest)	Run Deno tests	2026-09-16T05:24:07.9523781Z ^[[0m^[[32mCheck^[[0m tests/relative-paths.test.mjs
Test on deno (ubuntu-latest)	Run Deno tests	2026-09-16T05:24:07.9524537Z ^[[0m^[[32mCheck^[[0m tests/release-workflow-policy.test.mjs
Test on deno (ubuntu-latest)	Run Deno tests	2026-09-16T05:24:07.9525257Z ^[[0m^[[32mCheck^[[0m tests/resolvers.test.mjs
Test on deno (ubuntu-latest)	Run Deno tests	2026-09-16T05:24:07.9525907Z ^[[0m^[[32mCheck^[[0m tests/root-entries.test.mjs
Test on deno (ubuntu-latest)	Run Deno tests	2026-09-16T05:24:07.9526591Z ^[[0m^[[32mCheck^[[0m tests/script-sync.test.mjs
Test on deno (ubuntu-latest)	Run Deno tests	2026-09-16T05:24:07.9527257Z ^[[0m^[[32mCheck^[[0m tests/typescript.test.mjs
Test on deno (ubuntu-latest)	Run Deno tests	2026-09-16T05:24:07.9527912Z ^[[0m^[[32mCheck^[[0m tests/use.test.mjs
Test on deno (ubuntu-latest)	Run Deno tests	2026-09-16T05:24:09.2654674Z ^[[0m^[[38;5;245mrunning 1 test from ./tests/builtin-browser.test.mjs^[[0m
Test on deno (ubuntu-latest)	Run Deno tests	2026-09-16T05:24:09.2664246Z [mjs module] Universal built-in modules in browser ...
Test on deno (ubuntu-latest)	Run Deno tests	2026-09-16T05:24:09.2665841Z   Browser tests are skipped in Deno environment ... ^[[0m^[[33mignored^[[0m ^[[0m^[[38;5;245m(0ms)^[[0m
Test on deno (ubuntu-latest)	Run Deno tests	2026-09-16T05:24:09.2667563Z [mjs module] Universal built-in modules in browser ... ^[[0m^[[32mok^[[0m ^[[0m^[[38;5;245m(1ms)^[[0m
Test on deno (ubuntu-latest)	Run Deno tests	2026-09-16T05:24:09.3086494Z ^[[0m^[[38;5;245mrunning 1 test from ./tests/builtin-errors.test.mjs^[[0m
Test on deno (ubuntu-latest)	Run Deno tests	2026-09-16T05:24:09.3096126Z [mjs module] Built-in module error handling ...
Test on deno (ubuntu-latest)	Run Deno tests	2026-09-16T05:24:09.3357668Z   [mjs module] should return null for non-builtin modules from builtin resolver ... ^[[0m^[[32mok^[[0m ^[[0m^[[38;5;245m(26ms)^[[0m
Test on deno (ubuntu-latest)	Run Deno tests	2026-09-16T05:24:09.3367502Z   [mjs module] should throw error for unsupported builtin modules ... ^[[0m^[[32mok^[[0m ^[[0m^[[38;5;245m(1ms)^[[0m
Test on deno (ubuntu-latest)	Run Deno tests	2026-09-16T05:24:09.3388101Z   [mjs module] should handle modules not available in browser environment ... ^[[0m^[[32mok^[[0m ^[[0m^[[38;5;245m(2ms)^[[0m
Test on deno (ubuntu-latest)	Run Deno tests	2026-09-16T05:24:09.3400671Z ^[[0m^[[32mDownload^[[0m https://esm.sh/URL@latest
Test on deno (ubuntu-latest)	Run Deno tests	2026-09-16T05:24:09.5499712Z   [mjs module] should only work with exact lowercase module names ... ^[[0m^[[32mok^[[0m ^[[0m^[[38;5;245m(211ms)^[[0m
Test on deno (ubuntu-latest)	Run Deno tests	2026-09-16T05:24:09.5592047Z   [mjs module] should handle node: prefix removal correctly ... ^[[0m^[[32mok^[[0m ^[[0m^[[38;5;245m(9ms)^[[0m
Test on deno (ubuntu-latest)	Run Deno tests	2026-09-16T05:24:09.5594657Z   [mjs module] should throw meaningful errors for import failures ... ^[[0m^[[32mok^[[0m ^[[0m^[[38;5;245m(0ms)^[[0m
Test on deno (ubuntu-latest)	Run Deno tests	2026-09-16T05:24:09.5602785Z   [mjs module] builtin resolver should handle empty/invalid module specifiers gracefully ... ^[[0m^[[32mok^[[0m ^[[0m^[[38;5;245m(1ms)^[[0m
Test on deno (ubuntu-latest)	Run Deno tests	2026-09-16T05:24:09.5604950Z   [mjs module] should handle modules with special characters in names ... ^[[0m^[[32mok^[[0m ^[[0m^[[38;5;245m(0ms)^[[0m
Test on deno (ubuntu-latest)	Run Deno tests	2026-09-16T05:24:09.5718344Z [mjs module] Built-in module error handling ... ^[[0m^[[32mok^[[0m ^[[0m^[[38;5;245m(263ms)^[[0m
Test on deno (ubuntu-latest)	Run Deno tests	2026-09-16T05:24:09.6135620Z ^[[0m^[[38;5;245mrunning 1 test from ./tests/builtin-nodejs.test.mjs^[[0m
Test on deno (ubuntu-latest)	Run Deno tests	2026-09-16T05:24:09.6147482Z [mjs module] Node.js/Bun-only built-in modules ...
Test on deno (ubuntu-latest)	Run Deno tests	2026-09-16T05:24:09.6570228Z   [mjs module] fs module should work ... ^[[0m^[[32mok^[[0m ^[[0m^[[38;5;245m(42ms)^[[0m
Test on deno (ubuntu-latest)	Run Deno tests	2026-09-16T05:24:09.6581001Z   [mjs module] path module should work ... ^[[0m^[[32mok^[[0m ^[[0m^[[38;5;245m(1ms)^[[0m
Test on deno (ubuntu-latest)	Run Deno tests	2026-09-16T05:24:09.6594273Z   [mjs module] os module should work ... ^[[0m^[[32mok^[[0m ^[[0m^[[38;5;245m(1ms)^[[0m
Test on deno (ubuntu-latest)	Run Deno tests	2026-09-16T05:24:09.6605741Z   [mjs module] util module should work ... ^[[0m^[[32mok^[[0m ^[[0m^[[38;5;245m(1ms)^[[0m
Test on deno (ubuntu-latest)	Run Deno tests	2026-09-16T05:24:09.6614003Z   [mjs module] events module should work ... ^[[0m^[[32mok^[[0m ^[[0m^[[38;5;245m(1ms)^[[0m
Test on deno (ubuntu-latest)	Run Deno tests	2026-09-16T05:24:09.6619548Z   [mjs module] stream module should work ... ^[[0m^[[32mok^[[0m ^[[0m^[[38;5;245m(0ms)^[[0m
Test on deno (ubuntu-latest)	Run Deno tests	2026-09-16T05:24:09.6626831Z   [mjs module] buffer module should work ... ^[[0m^[[32mok^[[0m ^[[0m^[[38;5;245m(1ms)^[[0m
Test on deno (ubuntu-latest)	Run Deno tests	2026-09-16T05:24:09.6632586Z   [mjs module] process module should work ... ^[[0m^[[32mok^[[0m ^[[0m^[[38;5;245m(1ms)^[[0m
Test on deno (ubuntu-latest)	Run Deno tests	2026-09-16T05:24:09.6666979Z   [mjs module] child_process module should work ... ^[[0m^[[32mok^[[0m ^[[0m^[[38;5;245m(3ms)^[[0m
Test on deno (ubuntu-latest)	Run Deno tests	2026-09-16T05:24:09.6748542Z   [mjs module] http module should work ... ^[[0m^[[32mok^[[0m ^[[0m^[[38;5;245m(8ms)^[[0m
Test on deno (ubuntu-latest)	Run Deno tests	2026-09-16T05:24:09.6789907Z   [mjs module] https module should work ... ^[[0m^[[32mok^[[0m ^[[0m^[[38;5;245m(4ms)^[[0m
Test on deno (ubuntu-latest)	Run Deno tests	2026-09-16T05:24:09.6795878Z   [mjs module] net module should work ... ^[[0m^[[32mok^[[0m ^[[0m^[[38;5;245m(1ms)^[[0m
Test on deno (ubuntu-latest)	Run Deno tests	2026-09-16T05:24:09.6801164Z   [mjs module] dns module should work ... ^[[0m^[[32mok^[[0m ^[[0m^[[38;5;245m(0ms)^[[0m
Test on deno (ubuntu-latest)	Run Deno tests	2026-09-16T05:24:09.6822193Z   [mjs module] zlib module should work ... ^[[0m^[[32mok^[[0m ^[[0m^[[38;5;245m(2ms)^[[0m
Test on deno (ubuntu-latest)	Run Deno tests	2026-09-16T05:24:09.6830766Z   [mjs module] querystring module should work ... ^[[0m^[[32mok^[[0m ^[[0m^[[38;5;245m(0ms)^[[0m
Test on deno (ubuntu-latest)	Run Deno tests	2026-09-16T05:24:09.6845135Z   [mjs module] assert module should work ... ^[[0m^[[32mok^[[0m ^[[0m^[[38;5;245m(1ms)^[[0m
Test on deno (ubuntu-latest)	Run Deno tests	2026-09-16T05:24:09.6854044Z   [mjs module] all modules should work with node: prefix ... ^[[0m^[[32mok^[[0m ^[[0m^[[38;5;245m(1ms)^[[0m
Test on deno (ubuntu-latest)	Run Deno tests	2026-09-16T05:24:09.6861623Z [mjs module] Node.js/Bun-only built-in modules ... ^[[0m^[[32mok^[[0m ^[[0m^[[38;5;245m(72ms)^[[0m
Test on deno (ubuntu-latest)	Run Deno tests	2026-09-16T05:24:09.7271741Z ^[[0m^[[38;5;245mrunning 1 test from ./tests/builtin-universal.test.mjs^[[0m
Test on deno (ubuntu-latest)	Run Deno tests	2026-09-16T05:24:09.7283413Z [mjs module] Universal built-in modules (work in all environments) ...
Test on deno (ubuntu-latest)	Run Deno tests	2026-09-16T05:24:09.7568019Z   [mjs module] console module should work ... ^[[0m^[[32mok^[[0m ^[[0m^[[38;5;245m(28ms)^[[0m
Test on deno (ubuntu-latest)	Run Deno tests	2026-09-16T05:24:09.7654548Z   [mjs module] crypto module should work ... ^[[0m^[[32mok^[[0m ^[[0m^[[38;5;245m(9ms)^[[0m
Test on deno (ubuntu-latest)	Run Deno tests	2026-09-16T05:24:09.7664386Z   [mjs module] url module should work ... ^[[0m^[[32mok^[[0m ^[[0m^[[38;5;245m(1ms)^[[0m
Test on deno (ubuntu-latest)	Run Deno tests	2026-09-16T05:24:09.7675569Z   [mjs module] performance module should work ... ^[[0m^[[32mok^[[0m ^[[0m^[[38;5;245m(1ms)^[[0m
Test on deno (ubuntu-latest)	Run Deno tests	2026-09-16T05:24:09.7682458Z   [mjs module] modules should work with node: prefix ... ^[[0m^[[32mok^[[0m ^[[0m^[[38;5;245m(1ms)^[[0m
Test on deno (ubuntu-latest)	Run Deno tests	2026-09-16T05:24:09.7787923Z [mjs module] Universal built-in modules (work in all environments) ... ^[[0m^[[32mok^[[0m ^[[0m^[[38;5;245m(51ms)^[[0m
Test on deno (ubuntu-latest)	Run Deno tests	2026-09-16T05:24:09.8174390Z ^[[0m^[[38;5;245mrunning 1 test from ./tests/command-stream.test.mjs^[[0m
Test on deno (ubuntu-latest)	Run Deno tests	2026-09-16T05:24:09.8184166Z [mjs module] command-stream module import ...
Test on deno (ubuntu-latest)	Run Deno tests	2026-09-16T05:24:09.8476075Z ^[[0m^[[32mDownload^[[0m https://esm.sh/command-stream@0.0.5
Test on deno (ubuntu-latest)	Run Deno tests	2026-09-16T05:24:09.9688144Z ^[[0m^[[32mDownload^[[0m https://esm.sh/command-stream@0.0.5/denonext/command-stream.mjs
Test on deno (ubuntu-latest)	Run Deno tests	2026-09-16T05:24:10.0646622Z   [mjs module] Direct ESM Import ... ^[[0m^[[32mok^[[0m ^[[0m^[[38;5;245m(246ms)^[[0m
Test on deno (ubuntu-latest)	Run Deno tests	2026-09-16T05:24:10.0695828Z   [mjs module] Dynamic ESM Import of CJS ... ^[[0m^[[32mok^[[0m ^[[0m^[[38;5;245m(5ms)^[[0m
Test on deno (ubuntu-latest)	Run Deno tests	2026-09-16T05:24:10.0702448Z   [mjs module] Dynamic ESM Import of MJS ... ^[[0m^[[32mok^[[0m ^[[0m^[[38;5;245m(1ms)^[[0m
Test on deno (ubuntu-latest)	Run Deno tests	2026-09-16T05:24:10.0812763Z [mjs module] command-stream module import ... ^[[0m^[[32mok^[[0m ^[[0m^[[38;5;245m(263ms)^[[0m
Test on deno (ubuntu-latest)	Run Deno tests	2026-09-16T05:24:10.1234037Z ^[[0m^[[38;5;245mrunning 1 test from ./tests/deno-support.test.mjs^[[0m
Test on deno (ubuntu-latest)	Run Deno tests	2026-09-16T05:24:10.1245122Z [mjs module] Deno support ...
Test on deno (ubuntu-latest)	Run Deno tests	2026-09-16T05:24:10.1253631Z   [mjs module] Deno resolver should resolve npm packages to esm.sh ... ^[[0m^[[32mok^[[0m ^[[0m^[[38;5;245m(1ms)^[[0m
Test on deno (ubuntu-latest)	Run Deno tests	2026-09-16T05:24:10.1258827Z   [mjs module] Deno resolver should handle scoped packages ... ^[[0m^[[32mok^[[0m ^[[0m^[[38;5;245m(0ms)^[[0m
Test on deno (ubuntu-latest)	Run Deno tests	2026-09-16T05:24:10.1261190Z   [mjs module] Deno resolver should handle module paths ... ^[[0m^[[32mok^[[0m ^[[0m^[[38;5;245m(0ms)^[[0m
Test on deno (ubuntu-latest)	Run Deno tests	2026-09-16T05:24:10.1265395Z   [mjs module] Deno resolver should handle latest version ... ^[[0m^[[32mok^[[0m ^[[0m^[[38;5;245m(0ms)^[[0m
Test on deno (ubuntu-latest)	Run Deno tests	2026-09-16T05:24:10.1526267Z   [mjs module] makeUse should detect Deno runtime when Deno global is present ... ^[[0m^[[32mok^[[0m ^[[0m^[[38;5;245m(26ms)^[[0m
Test on deno (ubuntu-latest)	Run Deno tests	2026-09-16T05:24:10.1528564Z   [mjs module] Deno resolver should work with complex package names ... ^[[0m^[[32mok^[[0m ^[[0m^[[38;5;245m(0ms)^[[0m
Test on deno (ubuntu-latest)	Run Deno tests	2026-09-16T05:24:10.1530177Z   [mjs module] Deno resolver should handle packages without versions ... ^[[0m^[[32mok^[[0m ^[[0m^[[38;5;245m(0ms)^[[0m
Test on deno (ubuntu-latest)	Run Deno tests	2026-09-16T05:24:10.1532894Z   [mjs module] makeUse with explicit deno resolver ... ^[[0m^[[32mok^[[0m ^[[0m^[[38;5;245m(1ms)^[[0m
Test on deno (ubuntu-latest)	Run Deno tests	2026-09-16T05:24:10.1704925Z [mjs module] Deno support ... ^[[0m^[[32mok^[[0m ^[[0m^[[38;5;245m(46ms)^[[0m
Test on deno (ubuntu-latest)	Run Deno tests	2026-09-16T05:24:10.2396616Z ^[[0m^[[38;5;245mrunning 1 test from ./tests/dynamic-builtins.test.mjs^[[0m
Test on deno (ubuntu-latest)	Run Deno tests	2026-09-16T05:24:10.2405112Z [mjs module] Dynamic built-in module detection ...
Test on deno (ubuntu-latest)	Run Deno tests	2026-09-16T05:24:10.2504990Z   [mjs module] tty module should work (dynamically detected) ... ^[[0m^[[32mok^[[0m ^[[0m^[[38;5;245m(10ms)^[[0m
Test on deno (ubuntu-latest)	Run Deno tests	2026-09-16T05:24:10.2521504Z   [mjs module] cluster module should work (dynamically detected) ... ^[[0m^[[32mok^[[0m ^[[0m^[[38;5;245m(1ms)^[[0m
Test on deno (ubuntu-latest)	Run Deno tests	2026-09-16T05:24:10.2541351Z   [mjs module] readline module should work (dynamically detected) ... ^[[0m^[[32mok^[[0m ^[[0m^[[38;5;245m(1ms)^[[0m
Test on deno (ubuntu-latest)	Run Deno tests	2026-09-16T05:24:10.2547509Z   [mjs module] string_decoder module should work (dynamically detected) ... ^[[0m^[[32mok^[[0m ^[[0m^[[38;5;245m(0ms)^[[0m
Test on deno (ubuntu-latest)	Run Deno tests	2026-09-16T05:24:10.2556211Z   [mjs module] timers module should work (dynamically detected) ... ^[[0m^[[32mok^[[0m ^[[0m^[[38;5;245m(1ms)^[[0m
Test on deno (ubuntu-latest)	Run Deno tests	2026-09-16T05:24:10.2561943Z   [mjs module] worker_threads module should work (dynamically detected) ... ^[[0m^[[32mok^[[0m ^[[0m^[[38;5;245m(0ms)^[[0m
Test on deno (ubuntu-latest)	Run Deno tests	2026-09-16T05:24:10.2575612Z   [mjs module] vm module should work (dynamically detected) ... ^[[0m^[[32mok^[[0m ^[[0m^[[38;5;245m(1ms)^[[0m
Test on deno (ubuntu-latest)	Run Deno tests	2026-09-16T05:24:10.2580840Z   [mjs module] node:tty should work with prefix ... ^[[0m^[[32mok^[[0m ^[[0m^[[38;5;245m(0ms)^[[0m
Test on deno (ubuntu-latest)	Run Deno tests	2026-09-16T05:24:10.2592969Z   [mjs module] subpath built-ins should work (dns/promises, stream/promises) ... ^[[0m^[[32mok^[[0m ^[[0m^[[38;5;245m(1ms)^[[0m
Test on deno (ubuntu-latest)	Run Deno tests	2026-09-16T05:24:10.2993073Z   [mjs module] every built-in reported by node:module should be claimed by the builtin resolver ... ^[[0m^[[32mok^[[0m ^[[0m^[[38;5;245m(39ms)^[[0m
Test on deno (ubuntu-latest)	Run Deno tests	2026-09-16T05:24:10.2995102Z   [mjs module] prefix-only built-ins should not shadow npm packages of the same name ... ^[[0m^[[32mok^[[0m ^[[0m^[[38;5;245m(0ms)^[[0m
Test on deno (ubuntu-latest)	Run Deno tests	2026-09-16T05:24:10.2997268Z   [mjs module] unknown module names should not be claimed as built-ins ... ^[[0m^[[32mok^[[0m ^[[0m^[[38;5;245m(0ms)^[[0m
Test on deno (ubuntu-latest)	Run Deno tests	2026-09-16T05:24:10.3004625Z [mjs module] Dynamic built-in module detection ... ^[[0m^[[32mok^[[0m ^[[0m^[[38;5;245m(60ms)^[[0m
Test on deno (ubuntu-latest)	Run Deno tests	2026-09-16T05:24:10.3756974Z ^[[0m^[[38;5;245mrunning 1 test from ./tests/esm-sh-polyfill-browser.test.mjs^[[0m
Test on deno (ubuntu-latest)	Run Deno tests	2026-09-16T05:24:10.3766295Z [mjs module] esm.sh browser polyfill handling ...
Test on deno (ubuntu-latest)	Run Deno tests	2026-09-16T05:24:10.3767944Z   Browser tests are skipped in Deno environment ... ^[[0m^[[33mignored^[[0m ^[[0m^[[38;5;245m(0ms)^[[0m
Test on deno (ubuntu-latest)	Run Deno tests	2026-09-16T05:24:10.3769199Z [mjs module] esm.sh browser polyfill handling ... ^[[0m^[[32mok^[[0m ^[[0m^[[38;5;245m(1ms)^[[0m
Test on deno (ubuntu-latest)	Run Deno tests	2026-09-16T05:24:10.4179650Z ^[[0m^[[38;5;245mrunning 2 tests from ./tests/fallback.test.mjs^[[0m
Test on deno (ubuntu-latest)	Run Deno tests	2026-09-16T05:24:10.4190452Z [mjs module] loadWithFallback (shared engine) ...
Test on deno (ubuntu-latest)	Run Deno tests	2026-09-16T05:24:10.4209859Z   [mjs module] returns the first source's result without trying later ones ... ^[[0m^[[32mok^[[0m ^[[0m^[[38;5;245m(2ms)^[[0m
Test on deno (ubuntu-latest)	Run Deno tests	2026-09-16T05:24:10.4213377Z   [mjs module] falls back to a later source when earlier ones fail ... ^[[0m^[[32mok^[[0m ^[[0m^[[38;5;245m(1ms)^[[0m
Test on deno (ubuntu-latest)	Run Deno tests	2026-09-16T05:24:10.4217828Z   [mjs module] retries a flaky source before succeeding ... ^[[0m^[[32mok^[[0m ^[[0m^[[38;5;245m(0ms)^[[0m
Test on deno (ubuntu-latest)	Run Deno tests	2026-09-16T05:24:10.4223795Z   [mjs module] throws ONE aggregated error listing every attempt ... ^[[0m^[[32mok^[[0m ^[[0m^[[38;5;245m(1ms)^[[0m
Test on deno (ubuntu-latest)	Run Deno tests	2026-09-16T05:24:10.4229613Z   [mjs module] rejects empty or non-array sources ... ^[[0m^[[32mok^[[0m ^[[0m^[[38;5;245m(0ms)^[[0m
Test on deno (ubuntu-latest)	Run Deno tests	2026-09-16T05:24:10.4231919Z   [mjs module] rejects a missing load function ... ^[[0m^[[32mok^[[0m ^[[0m^[[38;5;245m(1ms)^[[0m
Test on deno (ubuntu-latest)	Run Deno tests	2026-09-16T05:24:10.4236072Z [mjs module] loadWithFallback (shared engine) ... ^[[0m^[[32mok^[[0m ^[[0m^[[38;5;245m(5ms)^[[0m
Test on deno (ubuntu-latest)	Run Deno tests	2026-09-16T05:24:10.4237157Z [mjs module] makeUse per-package CDN fallback ...
Test on deno (ubuntu-latest)	Run Deno tests	2026-09-16T05:24:10.4514481Z   [mjs module] falls back to the next mirror when one import fails ... ^[[0m^[[32mok^[[0m ^[[0m^[[38;5;245m(28ms)^[[0m
Test on deno (ubuntu-latest)	Run Deno tests	2026-09-16T05:24:10.4521892Z   [mjs module] throws a clear aggregated error when every mirror fails ... ^[[0m^[[32mok^[[0m ^[[0m^[[38;5;245m(0ms)^[[0m
Test on deno (ubuntu-latest)	Run Deno tests	2026-09-16T05:24:10.4530991Z   [mjs module] a single explicit resolver imports directly with its raw error (no aggregation) ... ^[[0m^[[32mok^[[0m ^[[0m^[[38;5;245m(0ms)^[[0m
Test on deno (ubuntu-latest)	Run Deno tests	2026-09-16T05:24:10.4537124Z   [mjs module] a single-entry specifierResolvers chain also imports directly ... ^[[0m^[[32mok^[[0m ^[[0m^[[38;5;245m(0ms)^[[0m
Test on deno (ubuntu-latest)	Run Deno tests	2026-09-16T05:24:10.4538636Z   [mjs module] exposes the default mirror chains ... ^[[0m^[[32mok^[[0m ^[[0m^[[38;5;245m(0ms)^[[0m
Test on deno (ubuntu-latest)	Run Deno tests	2026-09-16T05:24:10.4695087Z [mjs module] makeUse per-package CDN fallback ... ^[[0m^[[32mok^[[0m ^[[0m^[[38;5;245m(45ms)^[[0m
Test on deno (ubuntu-latest)	Run Deno tests	2026-09-16T05:24:10.5224612Z ^[[0m^[[38;5;245mrunning 3 tests from ./tests/filename.test.mjs^[[0m
Test on deno (ubuntu-latest)	Run Deno tests	2026-09-16T05:24:10.5233473Z [mjs module] scriptPath detection in ESM (functional) ...
Test on deno (ubuntu-latest)	Run Deno tests	2026-09-16T05:24:10.5395267Z   [mjs module] default pathResolver resolves modules relative to use.mjs ... ^[[0m^[[32mok^[[0m ^[[0m^[[38;5;245m(16ms)^[[0m
Test on deno (ubuntu-latest)	Run Deno tests	2026-09-16T05:24:10.5406453Z   [mjs module] override scriptPath resolves relative to provided path ... ^[[0m^[[32mok^[[0m ^[[0m^[[38;5;245m(1ms)^[[0m
Test on deno (ubuntu-latest)	Run Deno tests	2026-09-16T05:24:10.5570977Z [mjs module] scriptPath detection in ESM (functional) ... ^[[0m^[[32mok^[[0m ^[[0m^[[38;5;245m(34ms)^[[0m
Test on deno (ubuntu-latest)	Run Deno tests	2026-09-16T05:24:10.5574049Z [mjs module] scriptPath detection in ESM (createRequire fallback) ...
Test on deno (ubuntu-latest)	Run Deno tests	2026-09-16T05:24:10.5577441Z   [mjs module] fallback default resolves modules relative to use.mjs ... ^[[0m^[[32mok^[[0m ^[[0m^[[38;5;245m(0ms)^[[0m
Test on deno (ubuntu-latest)	Run Deno tests	2026-09-16T05:24:10.5584221Z   [mjs module] fallback explicit scriptPath resolves relative to provided path ... ^[[0m^[[32mok^[[0m ^[[0m^[[38;5;245m(1ms)^[[0m
Test on deno (ubuntu-latest)	Run Deno tests	2026-09-16T05:24:10.5590893Z   [mjs module] fallback meta override changes pathResolver behavior in ESM ... ^[[0m^[[32mok^[[0m ^[[0m^[[38;5;245m(0ms)^[[0m
Test on deno (ubuntu-latest)	Run Deno tests	2026-09-16T05:24:10.5595010Z [mjs module] scriptPath detection in ESM (createRequire fallback) ... ^[[0m^[[32mok^[[0m ^[[0m^[[38;5;245m(2ms)^[[0m
Test on deno (ubuntu-latest)	Run Deno tests	2026-09-16T05:24:10.5595906Z [mjs module] scriptPath detection in ESM (meta URL) ...
Test on deno (ubuntu-latest)	Run Deno tests	2026-09-16T05:24:10.5602259Z   [mjs module] meta override resolves modules relative to provided meta URL (use.js) ... ^[[0m^[[32mok^[[0m ^[[0m^[[38;5;245m(0ms)^[[0m
Test on deno (ubuntu-latest)	Run Deno tests	2026-09-16T05:24:10.5603947Z [mjs module] scriptPath detection in ESM (meta URL) ... ^[[0m^[[32mok^[[0m ^[[0m^[[38;5;245m(788µs)^[[0m
Test on deno (ubuntu-latest)	Run Deno tests	2026-09-16T05:24:10.6005470Z ^[[0m^[[38;5;245mrunning 1 test from ./tests/fs-promises.test.mjs^[[0m
Test on deno (ubuntu-latest)	Run Deno tests	2026-09-16T05:24:10.6016188Z mjs module fs/promises support ...
Test on deno (ubuntu-latest)	Run Deno tests	2026-09-16T05:24:10.6441629Z   mjs module fs/promises should return promise-based functions ... ^[[0m^[[32mok^[[0m ^[[0m^[[38;5;245m(42ms)^[[0m
Test on deno (ubuntu-latest)	Run Deno tests	2026-09-16T05:24:10.6478580Z   mjs module fs/promises should work functionally ... ^[[0m^[[32mok^[[0m ^[[0m^[[38;5;245m(4ms)^[[0m
Test on deno (ubuntu-latest)	Run Deno tests	2026-09-16T05:24:10.6491478Z   mjs module fs/promises should expose every function the runtime ships ... ^[[0m^[[32mok^[[0m ^[[0m^[[38;5;245m(1ms)^[[0m
Test on deno (ubuntu-latest)	Run Deno tests	2026-09-16T05:24:10.6522936Z   mjs module fs/promises should forward arguments beyond the declared arity ... ^[[0m^[[32mok^[[0m ^[[0m^[[38;5;245m(2ms)^[[0m
Test on deno (ubuntu-latest)	Run Deno tests	2026-09-16T05:24:10.6533938Z   mjs module fs/promises should differ from regular fs ... ^[[0m^[[32mok^[[0m ^[[0m^[[38;5;245m(1ms)^[[0m
Test on deno (ubuntu-latest)	Run Deno tests	2026-09-16T05:24:10.6646649Z mjs module fs/promises support ... ^[[0m^[[32mok^[[0m ^[[0m^[[38;5;245m(63ms)^[[0m
Test on deno (ubuntu-latest)	Run Deno tests	2026-09-16T05:24:10.7049218Z ^[[0m^[[38;5;245mrunning 1 test from ./tests/get-script-url.test.mjs^[[0m
Test on deno (ubuntu-latest)	Run Deno tests	2026-09-16T05:24:10.7059109Z [mjs module] import.meta.url workaround ...
Test on deno (ubuntu-latest)	Run Deno tests	2026-09-16T05:24:10.7203751Z   [mjs module] scriptUrl matches import.meta.url ... ^[[0m^[[32mok^[[0m ^[[0m^[[38;5;245m(15ms)^[[0m
Test on deno (ubuntu-latest)	Run Deno tests	2026-09-16T05:24:10.7209130Z   [mjs module] scriptUrl matches import.meta.url in eval ... ^[[0m^[[32mok^[[0m ^[[0m^[[38;5;245m(0ms)^[[0m
Test on deno (ubuntu-latest)	Run Deno tests	2026-09-16T05:24:10.7210997Z [mjs module] import.meta.url workaround ... ^[[0m^[[32mok^[[0m ^[[0m^[[38;5;245m(16ms)^[[0m
Test on deno (ubuntu-latest)	Run Deno tests	2026-09-16T05:24:10.7608068Z ^[[0m^[[38;5;245mrunning 1 test from ./tests/import.test.mjs^[[0m
Test on deno (ubuntu-latest)	Run Deno tests	2026-09-16T05:24:10.7617700Z [mjs module] dynamic import support ...
Test on deno (ubuntu-latest)	Run Deno tests	2026-09-16T05:24:10.7632327Z   [mjs module] supportsDynamicImport returns true in .mjs file ... ^[[0m^[[32mok^[[0m ^[[0m^[[38;5;245m(1ms)^[[0m
Test on deno (ubuntu-latest)	Run Deno tests	2026-09-16T05:24:10.7634008Z [mjs module] dynamic import support ... ^[[0m^[[32mok^[[0m ^[[0m^[[38;5;245m(2ms)^[[0m
Test on deno (ubuntu-latest)	Run Deno tests	2026-09-16T05:24:10.8398026Z ^[[0m^[[38;5;245mrunning 3 tests from ./tests/load.test.mjs^[[0m
Test on deno (ubuntu-latest)	Run Deno tests	2026-09-16T05:24:10.8407303Z [mjs module] looksLikeUseModule ...
Test on deno (ubuntu-latest)	Run Deno tests	2026-09-16T05:24:10.8430662Z   [mjs module] accepts the real shipped use.js ... ^[[0m^[[32mok^[[0m ^[[0m^[[38;5;245m(2ms)^[[0m
Test on deno (ubuntu-latest)	Run Deno tests	2026-09-16T05:24:10.8436769Z   [mjs module] accepts a long module-like body ... ^[[0m^[[32mok^[[0m ^[[0m^[[38;5;245m(0ms)^[[0m
Test on deno (ubuntu-latest)	Run Deno tests	2026-09-16T05:24:10.8441385Z   [mjs module] rejects common CDN plain-text error bodies ... ^[[0m^[[32mok^[[0m ^[[0m^[[38;5;245m(0ms)^[[0m
Test on deno (ubuntu-latest)	Run Deno tests	2026-09-16T05:24:10.8444520Z   [mjs module] rejects HTML error pages ... ^[[0m^[[32mok^[[0m ^[[0m^[[38;5;245m(0ms)^[[0m
Test on deno (ubuntu-latest)	Run Deno tests	2026-09-16T05:24:10.8447092Z   [mjs module] rejects empty, whitespace, short, and non-string input ... ^[[0m^[[32mok^[[0m ^[[0m^[[38;5;245m(0ms)^[[0m
Test on deno (ubuntu-latest)	Run Deno tests	2026-09-16T05:24:10.8450114Z [mjs module] looksLikeUseModule ... ^[[0m^[[32mok^[[0m ^[[0m^[[38;5;245m(5ms)^[[0m
Test on deno (ubuntu-latest)	Run Deno tests	2026-09-16T05:24:10.8451214Z [mjs module] DEFAULT_SOURCES ...
Test on deno (ubuntu-latest)	Run Deno tests	2026-09-16T05:24:10.8458712Z   [mjs module] lists unpkg, jsDelivr and esm.sh in priority order ... ^[[0m^[[32mok^[[0m ^[[0m^[[38;5;245m(0ms)^[[0m
Test on deno (ubuntu-latest)	Run Deno tests	2026-09-16T05:24:10.8459864Z [mjs module] DEFAULT_SOURCES ... ^[[0m^[[32mok^[[0m ^[[0m^[[38;5;245m(836µs)^[[0m
Test on deno (ubuntu-latest)	Run Deno tests	2026-09-16T05:24:10.8463717Z [mjs module] loadUseM ...
Test on deno (ubuntu-latest)	Run Deno tests	2026-09-16T05:24:10.8476128Z   [mjs module] resolves the use object from the first working source ... ^[[0m^[[32mok^[[0m ^[[0m^[[38;5;245m(1ms)^[[0m
Test on deno (ubuntu-latest)	Run Deno tests	2026-09-16T05:24:10.8495556Z   [mjs module] evaluates the real shipped use.js into a working module ... ^[[0m^[[32mok^[[0m ^[[0m^[[38;5;245m(2ms)^[[0m
Test on deno (ubuntu-latest)	Run Deno tests	2026-09-16T05:24:10.8502326Z   [mjs module] falls back to a later mirror when earlier ones fail ... ^[[0m^[[32mok^[[0m ^[[0m^[[38;5;245m(1ms)^[[0m
Test on deno (ubuntu-latest)	Run Deno tests	2026-09-16T05:24:10.8507411Z   [mjs module] retries a flaky source before succeeding ... ^[[0m^[[32mok^[[0m ^[[0m^[[38;5;245m(0ms)^[[0m
Test on deno (ubuntu-latest)	Run Deno tests	2026-09-16T05:24:10.8514868Z   [mjs module] throws a clear aggregated error (not SyntaxError) when every source fails ... ^[[0m^[[32mok^[[0m ^[[0m^[[38;5;245m(1ms)^[[0m
Test on deno (ubuntu-latest)	Run Deno tests	2026-09-16T05:24:10.8522220Z   [mjs module] surfaces the HTTP status for non-ok responses ... ^[[0m^[[32mok^[[0m ^[[0m^[[38;5;245m(1ms)^[[0m
Test on deno (ubuntu-latest)	Run Deno tests	2026-09-16T05:24:10.8525708Z   [mjs module] rejects when the evaluated module lacks a use function ... ^[[0m^[[32mok^[[0m ^[[0m^[[38;5;245m(0ms)^[[0m
Test on deno (ubuntu-latest)	Run Deno tests	2026-09-16T05:24:10.8530474Z   [mjs module] does not let eval errors from a malformed body escape ... ^[[0m^[[32mok^[[0m ^[[0m^[[38;5;245m(0ms)^[[0m
Test on deno (ubuntu-latest)	Run Deno tests	2026-09-16T05:24:10.8536425Z   [mjs module] reports a clear error when fetch is unavailable ... ^[[0m^[[32mok^[[0m ^[[0m^[[38;5;245m(0ms)^[[0m
Test on deno (ubuntu-latest)	Run Deno tests	2026-09-16T05:24:10.8538676Z   [mjs module] honors a custom evaluate hook ... ^[[0m^[[32mok^[[0m ^[[0m^[[38;5;245m(0ms)^[[0m
Test on deno (ubuntu-latest)	Run Deno tests	2026-09-16T05:24:10.9072838Z   [mjs module] times out a hanging request and reports it ... ^[[0m^[[32mok^[[0m ^[[0m^[[38;5;245m(53ms)^[[0m
Test on deno (ubuntu-latest)	Run Deno tests	2026-09-16T05:24:10.9076509Z [mjs module] loadUseM ... ^[[0m^[[32mok^[[0m ^[[0m^[[38;5;245m(61ms)^[[0m
Test on deno (ubuntu-latest)	Run Deno tests	2026-09-16T05:24:10.9756148Z ^[[0m^[[38;5;245mrunning 1 test from ./tests/loader.test.mjs^[[0m
Test on deno (ubuntu-latest)	Run Deno tests	2026-09-16T05:24:10.9765502Z [mjs module] loader resolve hook ...
Test on deno (ubuntu-latest)	Run Deno tests	2026-09-16T05:24:10.9778080Z   [mjs module] returns the default resolver's result when it succeeds ... ^[[0m^[[32mok^[[0m ^[[0m^[[38;5;245m(1ms)^[[0m
Test on deno (ubuntu-latest)	Run Deno tests	2026-09-16T05:24:11.8160690Z   [mjs module] falls back to the npm resolver when the default resolver throws ... ^[[0m^[[32mok^[[0m ^[[0m^[[38;5;245m(837ms)^[[0m
Test on deno (ubuntu-latest)	Run Deno tests	2026-09-16T05:24:12.3140421Z   [mjs module] surfaces a clear aggregated error when BOTH resolvers fail ... ^[[0m^[[32mok^[[0m ^[[0m^[[38;5;245m(498ms)^[[0m
Test on deno (ubuntu-latest)	Run Deno tests	2026-09-16T05:24:12.3229389Z [mjs module] loader resolve hook ... ^[[0m^[[32mok^[[0m ^[[0m^[[38;5;245m(1s)^[[0m
Test on deno (ubuntu-latest)	Run Deno tests	2026-09-16T05:24:12.3642118Z ^[[0m^[[38;5;245mrunning 1 test from ./tests/lodash.test.mjs^[[0m
Test on deno (ubuntu-latest)	Run Deno tests	2026-09-16T05:24:12.3652359Z [mjs module] 'lodash' imports tests ...
Test on deno (ubuntu-latest)	Run Deno tests	2026-09-16T05:24:12.3937371Z ^[[0m^[[32mDownload^[[0m https://esm.sh/lodash@latest
Test on deno (ubuntu-latest)	Run Deno tests	2026-09-16T05:24:12.5254246Z ^[[0m^[[32mDownload^[[0m https://esm.sh/lodash@4.18.1
Test on deno (ubuntu-latest)	Run Deno tests	2026-09-16T05:24:12.5936907Z ^[[0m^[[32mDownload^[[0m https://esm.sh/lodash@4.18.1/denonext/lodash.mjs
Test on deno (ubuntu-latest)	Run Deno tests	2026-09-16T05:24:12.7238814Z   [mjs module] npm: lodash ... ^[[0m^[[32mok^[[0m ^[[0m^[[38;5;245m(358ms)^[[0m
Test on deno (ubuntu-latest)	Run Deno tests	2026-09-16T05:24:12.7245383Z   [mjs module] npm: lodash@latest ... ^[[0m^[[32mok^[[0m ^[[0m^[[38;5;245m(1ms)^[[0m
Test on deno (ubuntu-latest)	Run Deno tests	2026-09-16T05:24:12.7250851Z   [mjs module] npm: lodash@ ... ^[[0m^[[32mok^[[0m ^[[0m^[[38;5;245m(0ms)^[[0m
Test on deno (ubuntu-latest)	Run Deno tests	2026-09-16T05:24:12.7258159Z ^[[0m^[[32mDownload^[[0m https://esm.sh/lodash@4.17.21
Test on deno (ubuntu-latest)	Run Deno tests	2026-09-16T05:24:12.7987416Z ^[[0m^[[32mDownload^[[0m https://esm.sh/lodash@4.17.21/denonext/lodash.mjs
Test on deno (ubuntu-latest)	Run Deno tests	2026-09-16T05:24:12.8570401Z   [mjs module] npm: lodash@4.17.21 ... ^[[0m^[[32mok^[[0m ^[[0m^[[38;5;245m(131ms)^[[0m
Test on deno (ubuntu-latest)	Run Deno tests	2026-09-16T05:24:12.8580016Z ^[[0m^[[32mDownload^[[0m https://esm.sh/lodash@4.17.21/add
Test on deno (ubuntu-latest)	Run Deno tests	2026-09-16T05:24:12.9211999Z ^[[0m^[[32mDownload^[[0m https://esm.sh/lodash@4.17.21/denonext/add.mjs
Test on deno (ubuntu-latest)	Run Deno tests	2026-09-16T05:24:13.0188246Z   [mjs module] npm: lodash@4.17.21/add ... ^[[0m^[[32mok^[[0m ^[[0m^[[38;5;245m(161ms)^[[0m
Test on deno (ubuntu-latest)	Run Deno tests	2026-09-16T05:24:13.0195720Z ^[[0m^[[32mDownload^[[0m https://esm.sh/lodash@4.17.21/add.js
Test on deno (ubuntu-latest)	Run Deno tests	2026-09-16T05:24:13.0976935Z   [mjs module] npm: lodash@4.17.21/add.js ... ^[[0m^[[32mok^[[0m ^[[0m^[[38;5;245m(79ms)^[[0m
Test on deno (ubuntu-latest)	Run Deno tests	2026-09-16T05:24:13.0984197Z ^[[0m^[[32mDownload^[[0m https://esm.sh/lodash@4.17.21/not-found.js
Test on deno (ubuntu-latest)	Run Deno tests	2026-09-16T05:24:13.4845095Z   [mjs module] npm: lodash@4.17.21/not-found.js ... ^[[0m^[[32mok^[[0m ^[[0m^[[38;5;245m(387ms)^[[0m
Test on deno (ubuntu-latest)	Run Deno tests	2026-09-16T05:24:13.5004890Z [mjs module] 'lodash' imports tests ... ^[[0m^[[32mok^[[0m ^[[0m^[[38;5;245m(1s)^[[0m
Test on deno (ubuntu-latest)	Run Deno tests	2026-09-16T05:24:13.5411946Z ^[[0m^[[38;5;245mrunning 1 test from ./tests/module-specifier.test.mjs^[[0m
Test on deno (ubuntu-latest)	Run Deno tests	2026-09-16T05:24:13.5423091Z [mjs module] parseModuleSpecifier ...
Test on deno (ubuntu-latest)	Run Deno tests	2026-09-16T05:24:13.5435993Z   [mjs module] parses package with name and version ... ^[[0m^[[32mok^[[0m ^[[0m^[[38;5;245m(1ms)^[[0m
Test on deno (ubuntu-latest)	Run Deno tests	2026-09-16T05:24:13.5441740Z   [mjs module] parses scoped package with name and version ... ^[[0m^[[32mok^[[0m ^[[0m^[[38;5;245m(0ms)^[[0m
Test on deno (ubuntu-latest)	Run Deno tests	2026-09-16T05:24:13.5446813Z   [mjs module] parses package with name, version, and inner path ... ^[[0m^[[32mok^[[0m ^[[0m^[[38;5;245m(0ms)^[[0m
Test on deno (ubuntu-latest)	Run Deno tests	2026-09-16T05:24:13.5449197Z   [mjs module] parses package with name, version, and inner path with latest ... ^[[0m^[[32mok^[[0m ^[[0m^[[38;5;245m(0ms)^[[0m
Test on deno (ubuntu-latest)	Run Deno tests	2026-09-16T05:24:13.5451774Z   [mjs module] parses scoped package with name, version, and inner path ... ^[[0m^[[32mok^[[0m ^[[0m^[[38;5;245m(0ms)^[[0m
Test on deno (ubuntu-latest)	Run Deno tests	2026-09-16T05:24:13.5453600Z   [mjs module] parses package with name only ... ^[[0m^[[32mok^[[0m ^[[0m^[[38;5;245m(0ms)^[[0m
Test on deno (ubuntu-latest)	Run Deno tests	2026-09-16T05:24:13.5455864Z   [mjs module] parses scoped package with name only ... ^[[0m^[[32mok^[[0m ^[[0m^[[38;5;245m(0ms)^[[0m
Test on deno (ubuntu-latest)	Run Deno tests	2026-09-16T05:24:13.5457898Z   [mjs module] parses yargs@17.7.2/helpers ... ^[[0m^[[32mok^[[0m ^[[0m^[[38;5;245m(0ms)^[[0m
Test on deno (ubuntu-latest)	Run Deno tests	2026-09-16T05:24:13.5464077Z   [mjs module] parses yargs@latest/helpers ... ^[[0m^[[32mok^[[0m ^[[0m^[[38;5;245m(0ms)^[[0m
Test on deno (ubuntu-latest)	Run Deno tests	2026-09-16T05:24:13.5466390Z   [mjs module] parses yargs/helpers ... ^[[0m^[[32mok^[[0m ^[[0m^[[38;5;245m(0ms)^[[0m
Test on deno (ubuntu-latest)	Run Deno tests	2026-09-16T05:24:13.5473851Z   [mjs module] throws error for invalid package identifier ... ^[[0m^[[32mok^[[0m ^[[0m^[[38;5;245m(1ms)^[[0m
Test on deno (ubuntu-latest)	Run Deno tests	2026-09-16T05:24:13.5478751Z [mjs module] parseModuleSpecifier ... ^[[0m^[[32mok^[[0m ^[[0m^[[38;5;245m(6ms)^[[0m
Test on deno (ubuntu-latest)	Run Deno tests	2026-09-16T05:24:13.5878870Z ^[[0m^[[38;5;245mrunning 1 test from ./tests/network-imports.test.mjs^[[0m
Test on deno (ubuntu-latest)	Run Deno tests	2026-09-16T05:24:13.5889425Z [mjs module] imports using --experimental-network-imports ...
Test on deno (ubuntu-latest)	Run Deno tests	2026-09-16T05:24:13.8063807Z   [mjs module] Import using --experimental-network-imports for CJS file ... ^[[0m^[[32mok^[[0m ^[[0m^[[38;5;245m(217ms)^[[0m
Test on deno (ubuntu-latest)	Run Deno tests	2026-09-16T05:24:14.1791569Z   [mjs module] Import using --experimental-network-imports for MJS file ... ^[[0m^[[32mok^[[0m ^[[0m^[[38;5;245m(372ms)^[[0m
Test on deno (ubuntu-latest)	Run Deno tests	2026-09-16T05:24:14.1793417Z [mjs module] imports using --experimental-network-imports ... ^[[0m^[[32mok^[[0m ^[[0m^[[38;5;245m(591ms)^[[0m
Test on deno (ubuntu-latest)	Run Deno tests	2026-09-16T05:24:14.2625224Z ^[[0m^[[38;5;245mrunning 1 test from ./tests/npm-global-prefix.test.mjs^[[0m
Test on deno (ubuntu-latest)	Run Deno tests	2026-09-16T05:24:14.2635086Z global ...
Test on deno (ubuntu-latest)	Run Deno tests	2026-09-16T05:24:14.2639910Z   [mjs module] npm global prefix handling ...
Test on deno (ubuntu-latest)	Run Deno tests	2026-09-16T05:24:14.2644846Z     [mjs module] keeps latest and pinned aliases loadable when they share a package binary ... ^[[0m^[[32mok^[[0m ^[[0m^[[38;5;245m(1ms)^[[0m
Test on deno (ubuntu-latest)	Run Deno tests	2026-09-16T05:24:14.2647615Z     [mjs module] never force-installs over an unrelated global executable ... ^[[0m^[[32mok^[[0m ^[[0m^[[38;5;245m(0ms)^[[0m
Test on deno (ubuntu-latest)	Run Deno tests	2026-09-16T05:24:14.2649847Z     [mjs module] redirects installs to use-m cache when npm global root is not writable ... ^[[0m^[[32mok^[[0m ^[[0m^[[38;5;245m(0ms)^[[0m
Test on deno (ubuntu-latest)	Run Deno tests	2026-09-16T05:24:14.2652269Z     [mjs module] keeps the configured npm root when it is writable ... ^[[0m^[[32mok^[[0m ^[[0m^[[38;5;245m(1ms)^[[0m
Test on deno (ubuntu-latest)	Run Deno tests	2026-09-16T05:24:14.2655566Z     [mjs module] respects an explicit npm_config_prefix override ... ^[[0m^[[32mok^[[0m ^[[0m^[[38;5;245m(0ms)^[[0m
Test on deno (ubuntu-latest)	Run Deno tests	2026-09-16T05:24:14.2657525Z     [mjs module] retries transient npm install failures and removes partial aliases ... ^[[0m^[[32mok^[[0m ^[[0m^[[38;5;245m(0ms)^[[0m
Test on deno (ubuntu-latest)	Run Deno tests	2026-09-16T05:24:14.2659554Z     [mjs module] reports captured npm output and cleans up after exhausted retries ... ^[[0m^[[32mok^[[0m ^[[0m^[[38;5;245m(0ms)^[[0m
Test on deno (ubuntu-latest)	Run Deno tests	2026-09-16T05:24:14.2665369Z     [mjs module] gives corrupt-alias cleanup a recursive rm retry budget ... ^[[0m^[[32mok^[[0m ^[[0m^[[38;5;245m(0ms)^[[0m
Test on deno (ubuntu-latest)	Run Deno tests	2026-09-16T05:24:14.2669563Z     [mjs module] repairs a truncated entry point and bypasses the cached syntax failure ... ^[[0m^[[32mok^[[0m ^[[0m^[[38;5;245m(0ms)^[[0m
Test on deno (ubuntu-latest)	Run Deno tests	2026-09-16T05:24:14.2671228Z     [mjs module] repairs an alias missing an internal ESM dependency ... ^[[0m^[[32mok^[[0m ^[[0m^[[38;5;245m(0ms)^[[0m
Test on deno (ubuntu-latest)	Run Deno tests	2026-09-16T05:24:14.2672917Z     [mjs module] repairs an alias with invalid package metadata ... ^[[0m^[[32mok^[[0m ^[[0m^[[38;5;245m(0ms)^[[0m
Test on deno (ubuntu-latest)	Run Deno tests	2026-09-16T05:24:14.2675005Z     [mjs module] repairs an alias whose declared entry point is missing ... ^[[0m^[[32mok^[[0m ^[[0m^[[38;5;245m(0ms)^[[0m
Test on deno (ubuntu-latest)	Run Deno tests	2026-09-16T05:24:14.2676660Z     [mjs module] does not reinstall for an unrelated unwrapped missing-module error ... ^[[0m^[[32mok^[[0m ^[[0m^[[38;5;245m(0ms)^[[0m
Test on deno (ubuntu-latest)	Run Deno tests	2026-09-16T05:24:14.2678606Z     [mjs module] collapses concurrent requests for one package into a single install ... ^[[0m^[[32mok^[[0m ^[[0m^[[38;5;245m(0ms)^[[0m
Test on deno (ubuntu-latest)	Run Deno tests	2026-09-16T05:24:14.2682113Z     [mjs module] keeps a shared failed install retryable ... ^[[0m^[[32mok^[[0m ^[[0m^[[38;5;245m(0ms)^[[0m
Test on deno (ubuntu-latest)	Run Deno tests	2026-09-16T05:24:14.2683784Z     [mjs module] never lets separate processes install one alias at the same time ... ^[[0m^[[32mok^[[0m ^[[0m^[[38;5;245m(0ms)^[[0m
Test on deno (ubuntu-latest)	Run Deno tests	2026-09-16T05:24:14.2693413Z   [mjs module] npm global prefix handling ... ^[[0m^[[32mok^[[0m ^[[0m^[[38;5;245m(5ms)^[[0m
Test on deno (ubuntu-latest)	Run Deno tests	2026-09-16T05:24:14.2804431Z global ... ^[[0m^[[32mok^[[0m ^[[0m^[[38;5;245m(17ms)^[[0m
Test on deno (ubuntu-latest)	Run Deno tests	2026-09-16T05:24:14.3333397Z ^[[0m^[[38;5;245mrunning 1 test from ./tests/relative-paths-browser.test.mjs^[[0m
Test on deno (ubuntu-latest)	Run Deno tests	2026-09-16T05:24:14.3342072Z [mjs module] Relative path resolution in browser ...
Test on deno (ubuntu-latest)	Run Deno tests	2026-09-16T05:24:14.3343928Z   Browser tests are skipped in Deno environment ... ^[[0m^[[33mignored^[[0m ^[[0m^[[38;5;245m(0ms)^[[0m
Test on deno (ubuntu-latest)	Run Deno tests	2026-09-16T05:24:14.3345574Z [mjs module] Relative path resolution in browser ... ^[[0m^[[32mok^[[0m ^[[0m^[[38;5;245m(1ms)^[[0m
Test on deno (ubuntu-latest)	Run Deno tests	2026-09-16T05:24:14.4020813Z ^[[0m^[[38;5;245mrunning 1 test from ./tests/relative-paths.integration.test.mjs^[[0m
Test on deno (ubuntu-latest)	Run Deno tests	2026-09-16T05:24:14.4030085Z [mjs module] Relative Path Resolution (Integration) ...
Test on deno (ubuntu-latest)	Run Deno tests	2026-09-16T05:24:14.4036546Z   [mjs module] relative paths should work when run directly with Node.js ...
Test on deno (ubuntu-latest)	Run Deno tests	2026-09-16T05:24:14.4037265Z ^[[0m^[[38;5;245m------- post-test output -------^[[0m
Test on deno (ubuntu-latest)	Run Deno tests	2026-09-16T05:24:14.4037663Z /home/runner/work/use-m/use-m/tests
Test on deno (ubuntu-latest)	Run Deno tests	2026-09-16T05:24:14.5075463Z Testing relative paths from tests directory...
Test on deno (ubuntu-latest)	Run Deno tests	2026-09-16T05:24:14.5075961Z 
Test on deno (ubuntu-latest)	Run Deno tests	2026-09-16T05:24:14.5076249Z 1. Testing ./browser-server/test-helper.js
Test on deno (ubuntu-latest)	Run Deno tests	2026-09-16T05:24:14.5076923Z    ✓ Message: Helper module loaded
Test on deno (ubuntu-latest)	Run Deno tests	2026-09-16T05:24:14.5077112Z 
Test on deno (ubuntu-latest)	Run Deno tests	2026-09-16T05:24:14.5077300Z 2. Testing ./browser-server/test-data.json
Test on deno (ubuntu-latest)	Run Deno tests	2026-09-16T05:24:14.5077640Z    ✓ Value: 123
Test on deno (ubuntu-latest)	Run Deno tests	2026-09-16T05:24:14.5077869Z    ✓ Test: data
Test on deno (ubuntu-latest)	Run Deno tests	2026-09-16T05:24:14.5077993Z 
Test on deno (ubuntu-latest)	Run Deno tests	2026-09-16T05:24:14.5078106Z 3. Testing ../src/use.mjs
Test on deno (ubuntu-latest)	Run Deno tests	2026-09-16T05:24:14.5078420Z    ✓ use function exists: true
Test on deno (ubuntu-latest)	Run Deno tests	2026-09-16T05:24:14.5078580Z 
Test on deno (ubuntu-latest)	Run Deno tests	2026-09-16T05:24:14.5078763Z 4. Testing ./browser-server/subfolder/nested.js
Test on deno (ubuntu-latest)	Run Deno tests	2026-09-16T05:24:14.5079154Z    ✓ Nested: true Level: subfolder
Test on deno (ubuntu-latest)	Run Deno tests	2026-09-16T05:24:14.5079326Z 
Test on deno (ubuntu-latest)	Run Deno tests	2026-09-16T05:24:14.5079523Z 5. Testing ./browser-server/subfolder/nested-data.json
Test on deno (ubuntu-latest)	Run Deno tests	2026-09-16T05:24:14.5079894Z    ✓ Level: nested Depth: 1
Test on deno (ubuntu-latest)	Run Deno tests	2026-09-16T05:24:14.5080053Z 
Test on deno (ubuntu-latest)	Run Deno tests	2026-09-16T05:24:14.5080173Z 6. Testing ../package.json
Test on deno (ubuntu-latest)	Run Deno tests	2026-09-16T05:24:14.5080448Z    ✓ Package name: use-m
Test on deno (ubuntu-latest)	Run Deno tests	2026-09-16T05:24:14.5080593Z 
Test on deno (ubuntu-latest)	Run Deno tests	2026-09-16T05:24:14.5080770Z ✅ All direct tests passed!
Test on deno (ubuntu-latest)	Run Deno tests	2026-09-16T05:24:14.5080940Z 
Test on deno (ubuntu-latest)	Run Deno tests	2026-09-16T05:24:14.5081183Z ^[[0m^[[38;5;245m----- post-test output end -----^[[0m
Test on deno (ubuntu-latest)	Run Deno tests	2026-09-16T05:24:14.5081918Z   [mjs module] relative paths should work when run directly with Node.js ... ^[[0m^[[32mok^[[0m ^[[0m^[[38;5;245m(105ms)^[[0m
Test on deno (ubuntu-latest)	Run Deno tests	2026-09-16T05:24:14.5168261Z [mjs module] Relative Path Resolution (Integration) ... ^[[0m^[[32mok^[[0m ^[[0m^[[38;5;245m(114ms)^[[0m
Test on deno (ubuntu-latest)	Run Deno tests	2026-09-16T05:24:14.5690138Z ^[[0m^[[38;5;245mrunning 1 test from ./tests/relative-paths.test.mjs^[[0m
Test on deno (ubuntu-latest)	Run Deno tests	2026-09-16T05:24:14.5699516Z Relative Path Resolution ...
Test on deno (ubuntu-latest)	Run Deno tests	2026-09-16T05:24:14.5888642Z   should import JS file from same directory using ./ ... ^[[0m^[[32mok^[[0m ^[[0m^[[38;5;245m(19ms)^[[0m
Test on deno (ubuntu-latest)	Run Deno tests	2026-09-16T05:24:14.5898325Z   should import JSON file from same directory using ./ ... ^[[0m^[[32mok^[[0m ^[[0m^[[38;5;245m(1ms)^[[0m
Test on deno (ubuntu-latest)	Run Deno tests	2026-09-16T05:24:14.5905228Z   should import JS file from parent directory using ../ ... ^[[0m^[[32mok^[[0m ^[[0m^[[38;5;245m(1ms)^[[0m
Test on deno (ubuntu-latest)	Run Deno tests	2026-09-16T05:24:14.5914720Z   should import from subdirectory using ./subfolder/ ... ^[[0m^[[32mok^[[0m ^[[0m^[[38;5;245m(1ms)^[[0m
Test on deno (ubuntu-latest)	Run Deno tests	2026-09-16T05:24:14.5922862Z   should import JSON from subdirectory ... ^[[0m^[[32mok^[[0m ^[[0m^[[38;5;245m(1ms)^[[0m
Test on deno (ubuntu-latest)	Run Deno tests	2026-09-16T05:24:14.5932220Z   should handle complex relative paths (../) ... ^[[0m^[[32mok^[[0m ^[[0m^[[38;5;245m(1ms)^[[0m
Test on deno (ubuntu-latest)	Run Deno tests	2026-09-16T05:24:14.6166462Z   should work with mixed relative and npm imports ... ^[[0m^[[32mok^[[0m ^[[0m^[[38;5;245m(23ms)^[[0m
Test on deno (ubuntu-latest)	Run Deno tests	2026-09-16T05:24:14.6179741Z   should maintain correct context for nested relative imports ... ^[[0m^[[32mok^[[0m ^[[0m^[[38;5;245m(1ms)^[[0m
Test on deno (ubuntu-latest)	Run Deno tests	2026-09-16T05:24:14.6334567Z Relative Path Resolution ... ^[[0m^[[32mok^[[0m ^[[0m^[[38;5;245m(64ms)^[[0m
Test on deno (ubuntu-latest)	Run Deno tests	2026-09-16T05:24:14.7085753Z ^[[0m^[[38;5;245mrunning 1 test from ./tests/release-workflow-policy.test.mjs^[[0m
Test on deno (ubuntu-latest)	Run Deno tests	2026-09-16T05:24:14.7096011Z release workflow policy ...
Test on deno (ubuntu-latest)	Run Deno tests	2026-09-16T05:24:14.7107348Z   uses npm package metadata that matches registry and trusted publishing expectations ... ^[[0m^[[32mok^[[0m ^[[0m^[[38;5;245m(1ms)^[[0m
Test on deno (ubuntu-latest)	Run Deno tests	2026-09-16T05:24:14.7119546Z   keeps CI and publishing in the trusted-publisher release workflow ... ^[[0m^[[32mok^[[0m ^[[0m^[[38;5;245m(1ms)^[[0m
Test on deno (ubuntu-latest)	Run Deno tests	2026-09-16T05:24:14.7123724Z   publishes with npm trusted publishing instead of token auth ... ^[[0m^[[32mok^[[0m ^[[0m^[[38;5;245m(1ms)^[[0m
Test on deno (ubuntu-latest)	Run Deno tests	2026-09-16T05:24:14.7129324Z   runs tests before publishing and preserves main-branch release runs ... ^[[0m^[[32mok^[[0m ^[[0m^[[38;5;245m(0ms)^[[0m
Test on deno (ubuntu-latest)	Run Deno tests	2026-09-16T05:24:14.7133346Z   fails release runs when the package, tag, and GitHub release already exist ... ^[[0m^[[32mok^[[0m ^[[0m^[[38;5;245m(1ms)^[[0m
Test on deno (ubuntu-latest)	Run Deno tests	2026-09-16T05:24:14.7137019Z   keeps dependency install logs quiet while auditing shipped dependencies ... ^[[0m^[[32mok^[[0m ^[[0m^[[38;5;245m(0ms)^[[0m
Test on deno (ubuntu-latest)	Run Deno tests	2026-09-16T05:24:14.7141288Z   uses current action versions and explicit job timeouts ... ^[[0m^[[32mok^[[0m ^[[0m^[[38;5;245m(0ms)^[[0m
Test on deno (ubuntu-latest)	Run Deno tests	2026-09-16T05:24:14.7145862Z   retries Deno network-import tests without hiding persistent failures ... ^[[0m^[[32mok^[[0m ^[[0m^[[38;5;245m(0ms)^[[0m
Test on deno (ubuntu-latest)	Run Deno tests	2026-09-16T05:24:14.7148902Z release workflow policy ... ^[[0m^[[32mok^[[0m ^[[0m^[[38;5;245m(6ms)^[[0m
Test on deno (ubuntu-latest)	Run Deno tests	2026-09-16T05:24:14.7809337Z ^[[0m^[[38;5;245mrunning 1 test from ./tests/resolvers.test.mjs^[[0m
Test on deno (ubuntu-latest)	Run Deno tests	2026-09-16T05:24:14.7818329Z [mjs module] resolvers tests ...
Test on deno (ubuntu-latest)	Run Deno tests	2026-09-16T05:24:14.9094376Z   [mjs module] npm resolver resolves package path ... ^[[0m^[[32mok^[[0m ^[[0m^[[38;5;245m(128ms)^[[0m
Test on deno (ubuntu-latest)	Run Deno tests	2026-09-16T05:24:15.9768189Z   [mjs module] npm resolver resolves scoped package path for @octokit/core@6.1.5 ... ^[[0m^[[32mok^[[0m ^[[0m^[[38;5;245m(1s)^[[0m
Test on deno (ubuntu-latest)	Run Deno tests	2026-09-16T05:24:19.0049849Z   [mjs module] npm resolver resolves package path with version ... ^[[0m^[[32mok^[[0m ^[[0m^[[38;5;245m(3s)^[[0m
Test on deno (ubuntu-latest)	Run Deno tests	2026-09-16T05:24:19.7981218Z   [mjs module] npm resolver resolves yargs/helpers ... ^[[0m^[[32mok^[[0m ^[[0m^[[38;5;245m(791ms)^[[0m
Test on deno (ubuntu-latest)	Run Deno tests	2026-09-16T05:24:20.4540595Z   [mjs module] npm resolver resolves yargs@18.0.0/helpers ... ^[[0m^[[32mok^[[0m ^[[0m^[[38;5;245m(658ms)^[[0m
Test on deno (ubuntu-latest)	Run Deno tests	2026-09-16T05:24:20.9452104Z   [mjs module] npm resolver resolves yargs@latest/helpers ... ^[[0m^[[32mok^[[0m ^[[0m^[[38;5;245m(491ms)^[[0m
Test on deno (ubuntu-latest)	Run Deno tests	2026-09-16T05:24:20.9454157Z   [mjs module] skypack resolver resolves URL ... ^[[0m^[[32mok^[[0m ^[[0m^[[38;5;245m(0ms)^[[0m
Test on deno (ubuntu-latest)	Run Deno tests	2026-09-16T05:24:20.9459432Z   [mjs module] skypack resolver resolves subpath ... ^[[0m^[[32mok^[[0m ^[[0m^[[38;5;245m(0ms)^[[0m
Test on deno (ubuntu-latest)	Run Deno tests	2026-09-16T05:24:20.9460648Z   [mjs module] jsdelivr resolver resolves URL ... ^[[0m^[[32mok^[[0m ^[[0m^[[38;5;245m(0ms)^[[0m
Test on deno (ubuntu-latest)	Run Deno tests	2026-09-16T05:24:20.9463541Z   [mjs module] jsdelivr resolver resolves subpath ... ^[[0m^[[32mok^[[0m ^[[0m^[[38;5;245m(0ms)^[[0m
Test on deno (ubuntu-latest)	Run Deno tests	2026-09-16T05:24:20.9465614Z   [mjs module] unpkg resolver resolves URL ... ^[[0m^[[32mok^[[0m ^[[0m^[[38;5;245m(0ms)^[[0m
Test on deno (ubuntu-latest)	Run Deno tests	2026-09-16T05:24:20.9467459Z   [mjs module] unpkg resolver resolves subpath ... ^[[0m^[[32mok^[[0m ^[[0m^[[38;5;245m(0ms)^[[0m
Test on deno (ubuntu-latest)	Run Deno tests	2026-09-16T05:24:20.9469936Z   [mjs module] esm resolver resolves URL ... ^[[0m^[[32mok^[[0m ^[[0m^[[38;5;245m(0ms)^[[0m
Test on deno (ubuntu-latest)	Run Deno tests	2026-09-16T05:24:20.9470863Z   [mjs module] esm resolver resolves subpath ... ^[[0m^[[32mok^[[0m ^[[0m^[[38;5;245m(0ms)^[[0m
Test on deno (ubuntu-latest)	Run Deno tests	2026-09-16T05:24:20.9472286Z   [mjs module] jspm resolver resolves URL ... ^[[0m^[[32mok^[[0m ^[[0m^[[38;5;245m(0ms)^[[0m
Test on deno (ubuntu-latest)	Run Deno tests	2026-09-16T05:24:20.9474255Z   [mjs module] jspm resolver resolves subpath ... ^[[0m^[[32mok^[[0m ^[[0m^[[38;5;245m(0ms)^[[0m
Test on deno (ubuntu-latest)	Run Deno tests	2026-09-16T05:24:20.9475788Z   [mjs module] bun resolver resolves package path ... ^[[0m^[[32mok^[[0m ^[[0m^[[38;5;245m(0ms)^[[0m
Test on deno (ubuntu-latest)	Run Deno tests	2026-09-16T05:24:20.9477664Z   [mjs module] bun resolver resolves scoped package path for @octokit/core@6.1.5 ... ^[[0m^[[32mok^[[0m ^[[0m^[[38;5;245m(0ms)^[[0m
Test on deno (ubuntu-latest)	Run Deno tests	2026-09-16T05:24:20.9479145Z   [mjs module] bun resolver resolves yargs/helpers ... ^[[0m^[[32mok^[[0m ^[[0m^[[38;5;245m(0ms)^[[0m
Test on deno (ubuntu-latest)	Run Deno tests	2026-09-16T05:24:20.9480446Z   [mjs module] bun resolver resolves yargs@latest/helpers ... ^[[0m^[[32mok^[[0m ^[[0m^[[38;5;245m(0ms)^[[0m
Test on deno (ubuntu-latest)	Run Deno tests	2026-09-16T05:24:20.9570115Z [mjs module] resolvers tests ... ^[[0m^[[32mok^[[0m ^[[0m^[[38;5;245m(6s)^[[0m
Test on deno (ubuntu-latest)	Run Deno tests	2026-09-16T05:24:21.0547333Z ^[[0m^[[38;5;245mrunning 1 test from ./tests/root-entries.test.mjs^[[0m
Test on deno (ubuntu-latest)	Run Deno tests	2026-09-16T05:24:21.0556272Z [mjs module] root entry mirrors ...
Test on deno (ubuntu-latest)	Run Deno tests	2026-09-16T05:24:21.0566635Z   [mjs module] mirrors exactly src/use.js, src/use.cjs and src/use.mjs ... ^[[0m^[[32mok^[[0m ^[[0m^[[38;5;245m(1ms)^[[0m
Test on deno (ubuntu-latest)	Run Deno tests	2026-09-16T05:24:21.0573354Z   [mjs module] use.js exists at the package root ... ^[[0m^[[32mok^[[0m ^[[0m^[[38;5;245m(1ms)^[[0m
Test on deno (ubuntu-latest)	Run Deno tests	2026-09-16T05:24:21.0591628Z   [mjs module] root use.js is in sync with src/use.js ... ^[[0m^[[32mok^[[0m ^[[0m^[[38;5;245m(1ms)^[[0m
Test on deno (ubuntu-latest)	Run Deno tests	2026-09-16T05:24:21.0598775Z   [mjs module] root use.js contains the full src/use.js body ... ^[[0m^[[32mok^[[0m ^[[0m^[[38;5;245m(0ms)^[[0m
Test on deno (ubuntu-latest)	Run Deno tests	2026-09-16T05:24:21.0600473Z   [mjs module] use.cjs exists at the package root ... ^[[0m^[[32mok^[[0m ^[[0m^[[38;5;245m(0ms)^[[0m
Test on deno (ubuntu-latest)	Run Deno tests	2026-09-16T05:24:21.0612120Z   [mjs module] root use.cjs is in sync with src/use.cjs ... ^[[0m^[[32mok^[[0m ^[[0m^[[38;5;245m(1ms)^[[0m
Test on deno (ubuntu-latest)	Run Deno tests	2026-09-16T05:24:21.0618240Z   [mjs module] root use.cjs contains the full src/use.cjs body ... ^[[0m^[[32mok^[[0m ^[[0m^[[38;5;245m(0ms)^[[0m
Test on deno (ubuntu-latest)	Run Deno tests	2026-09-16T05:24:21.0620257Z   [mjs module] use.mjs exists at the package root ... ^[[0m^[[32mok^[[0m ^[[0m^[[38;5;245m(0ms)^[[0m
Test on deno (ubuntu-latest)	Run Deno tests	2026-09-16T05:24:21.0629812Z   [mjs module] root use.mjs is in sync with src/use.mjs ... ^[[0m^[[32mok^[[0m ^[[0m^[[38;5;245m(0ms)^[[0m
Test on deno (ubuntu-latest)	Run Deno tests	2026-09-16T05:24:21.0635391Z   [mjs module] root use.mjs contains the full src/use.mjs body ... ^[[0m^[[32mok^[[0m ^[[0m^[[38;5;245m(1ms)^[[0m
Test on deno (ubuntu-latest)	Run Deno tests	2026-09-16T05:24:21.0652122Z   [mjs module] root use.js eval()s to a working use function ... ^[[0m^[[32mok^[[0m ^[[0m^[[38;5;245m(2ms)^[[0m
Test on deno (ubuntu-latest)	Run Deno tests	2026-09-16T05:24:21.0661123Z   [mjs module] the 404 "Not found" body is not a valid module body ... ^[[0m^[[32mok^[[0m ^[[0m^[[38;5;245m(0ms)^[[0m
Test on deno (ubuntu-latest)	Run Deno tests	2026-09-16T05:24:21.0703679Z   [mjs module] root use.mjs imports to a working use function ... ^[[0m^[[32mok^[[0m ^[[0m^[[38;5;245m(4ms)^[[0m
Test on deno (ubuntu-latest)	Run Deno tests	2026-09-16T05:24:21.0708835Z   [mjs module] package.json ships the root mirrors and keeps src canonical ... ^[[0m^[[32mok^[[0m ^[[0m^[[38;5;245m(0ms)^[[0m
Test on deno (ubuntu-latest)	Run Deno tests	2026-09-16T05:24:21.0714349Z [mjs module] root entry mirrors ... ^[[0m^[[32mok^[[0m ^[[0m^[[38;5;245m(16ms)^[[0m
Test on deno (ubuntu-latest)	Run Deno tests	2026-09-16T05:24:21.1446469Z ^[[0m^[[38;5;245mrunning 1 test from ./tests/script-sync.test.mjs^[[0m
Test on deno (ubuntu-latest)	Run Deno tests	2026-09-16T05:24:21.1455880Z [mjs module] distributed script synchronization ...
Test on deno (ubuntu-latest)	Run Deno tests	2026-09-16T05:24:21.1490604Z   [mjs module] npm recovery stays synchronized across mjs, cjs, and universal builds ... ^[[0m^[[32mok^[[0m ^[[0m^[[38;5;245m(3ms)^[[0m
Test on deno (ubuntu-latest)	Run Deno tests	2026-09-16T05:24:21.1491998Z [mjs module] distributed script synchronization ... ^[[0m^[[32mok^[[0m ^[[0m^[[38;5;245m(4ms)^[[0m
Test on deno (ubuntu-latest)	Run Deno tests	2026-09-16T05:24:21.1893917Z ^[[0m^[[38;5;245mrunning 1 test from ./tests/typescript.test.mjs^[[0m
Test on deno (ubuntu-latest)	Run Deno tests	2026-09-16T05:24:21.1903792Z [mjs module] typescript ...
Test on deno (ubuntu-latest)	Run Deno tests	2026-09-16T05:24:21.2180080Z ^[[0m^[[32mDownload^[[0m https://esm.sh/typescript@5.9.3
Test on deno (ubuntu-latest)	Run Deno tests	2026-09-16T05:24:21.3416353Z ^[[0m^[[32mDownload^[[0m https://esm.sh/source-map-support?target=denonext
Test on deno (ubuntu-latest)	Run Deno tests	2026-09-16T05:24:21.3417215Z ^[[0m^[[32mDownload^[[0m https://esm.sh/typescript@5.9.3/denonext/typescript.mjs
Test on deno (ubuntu-latest)	Run Deno tests	2026-09-16T05:24:21.4187789Z ^[[0m^[[32mDownload^[[0m https://esm.sh/source-map-support@0.5.21?target=denonext
Test on deno (ubuntu-latest)	Run Deno tests	2026-09-16T05:24:21.9866379Z ^[[0m^[[32mDownload^[[0m https://esm.sh/buffer-from@^1.0.0?target=denonext
Test on deno (ubuntu-latest)	Run Deno tests	2026-09-16T05:24:21.9867137Z ^[[0m^[[32mDownload^[[0m https://esm.sh/source-map@^0.6.0?target=denonext
Test on deno (ubuntu-latest)	Run Deno tests	2026-09-16T05:24:21.9867930Z ^[[0m^[[32mDownload^[[0m https://esm.sh/source-map-support@0.5.21/denonext/source-map-support.mjs
Test on deno (ubuntu-latest)	Run Deno tests	2026-09-16T05:24:22.0685112Z ^[[0m^[[32mDownload^[[0m https://esm.sh/buffer-from@1.1.2?target=denonext
Test on deno (ubuntu-latest)	Run Deno tests	2026-09-16T05:24:22.0686681Z ^[[0m^[[32mDownload^[[0m https://esm.sh/source-map@0.6.1?target=denonext
Test on deno (ubuntu-latest)	Run Deno tests	2026-09-16T05:24:22.1497496Z ^[[0m^[[32mDownload^[[0m https://esm.sh/buffer-from@1.1.2/denonext/buffer-from.mjs
Test on deno (ubuntu-latest)	Run Deno tests	2026-09-16T05:24:22.1498305Z ^[[0m^[[32mDownload^[[0m https://esm.sh/source-map@0.6.1/denonext/source-map.mjs
Test on deno (ubuntu-latest)	Run Deno tests	2026-09-16T05:24:22.7040969Z   [mjs module] use typescript ... ^[[0m^[[32mok^[[0m ^[[0m^[[38;5;245m(1s)^[[0m
Test on deno (ubuntu-latest)	Run Deno tests	2026-09-16T05:24:22.7143523Z [mjs module] typescript ... ^[[0m^[[32mok^[[0m ^[[0m^[[38;5;245m(1s)^[[0m
Test on deno (ubuntu-latest)	Run Deno tests	2026-09-16T05:24:22.7641245Z ^[[0m^[[38;5;245mrunning 1 test from ./tests/use.test.mjs^[[0m
Test on deno (ubuntu-latest)	Run Deno tests	2026-09-16T05:24:22.7651221Z [mjs module] 'use' import strategies ...
Test on deno (ubuntu-latest)	Run Deno tests	2026-09-16T05:24:22.8141826Z   [mjs module] Direct ESM Import lodash@4.17.21 ... ^[[0m^[[32mok^[[0m ^[[0m^[[38;5;245m(48ms)^[[0m
Test on deno (ubuntu-latest)	Run Deno tests	2026-09-16T05:24:22.8187271Z   [mjs module] Dynamic ESM Import of CSJ ... ^[[0m^[[32mok^[[0m ^[[0m^[[38;5;245m(4ms)^[[0m
Test on deno (ubuntu-latest)	Run Deno tests	2026-09-16T05:24:22.8193616Z   [mjs module] Dynamic ESM Import of MJS ... ^[[0m^[[32mok^[[0m ^[[0m^[[38;5;245m(1ms)^[[0m
Test on deno (ubuntu-latest)	Run Deno tests	2026-09-16T05:24:22.8196208Z   [mjs module] Universal (then style) ... ^[[0m^[[32mok^[[0m ^[[0m^[[38;5;245m(0ms)^[[0m
Test on deno (ubuntu-latest)	Run Deno tests	2026-09-16T05:24:22.8199273Z   [mjs module] Universal (then style, use inside) ... ^[[0m^[[32mok^[[0m ^[[0m^[[38;5;245m(0ms)^[[0m
Test on deno (ubuntu-latest)	Run Deno tests	2026-09-16T05:24:22.8200928Z   [mjs module] Universal (eval style) ... ^[[0m^[[32mok^[[0m ^[[0m^[[38;5;245m(0ms)^[[0m
Test on deno (ubuntu-latest)	Run Deno tests	2026-09-16T05:24:22.8202897Z   [mjs module] Universal (single then style) ... ^[[0m^[[32mok^[[0m ^[[0m^[[38;5;245m(0ms)^[[0m
Test on deno (ubuntu-latest)	Run Deno tests	2026-09-16T05:24:22.8213038Z ^[[0m^[[32mDownload^[[0m https://esm.sh/lodash@3
Test on deno (ubuntu-latest)	Run Deno tests	2026-09-16T05:24:22.9414719Z ^[[0m^[[32mDownload^[[0m https://esm.sh/lodash@3.10.1
Test on deno (ubuntu-latest)	Run Deno tests	2026-09-16T05:24:23.0055900Z ^[[0m^[[32mDownload^[[0m https://esm.sh/lodash@3.10.1/denonext/lodash.mjs
Test on deno (ubuntu-latest)	Run Deno tests	2026-09-16T05:24:23.0965939Z ^[[0m^[[32mDownload^[[0m https://esm.sh/lodash@4
Test on deno (ubuntu-latest)	Run Deno tests	2026-09-16T05:24:23.1849310Z   [mjs module] use.all with require ... ^[[0m^[[32mok^[[0m ^[[0m^[[38;5;245m(364ms)^[[0m
Test on deno (ubuntu-latest)	Run Deno tests	2026-09-16T05:24:23.1856470Z   [mjs module] use.all ... ^[[0m^[[32mok^[[0m ^[[0m^[[38;5;245m(1ms)^[[0m
Test on deno (ubuntu-latest)	Run Deno tests	2026-09-16T05:24:23.1862379Z   [mjs module] use.all (script) ... ^[[0m^[[32mok^[[0m ^[[0m^[[38;5;245m(1ms)^[[0m
Test on deno (ubuntu-latest)	Run Deno tests	2026-09-16T05:24:23.1872916Z   [mjs module] Universal (script) @octokit/core@6.1.5 ... ^[[0m^[[32mok^[[0m ^[[0m^[[38;5;245m(1ms)^[[0m
Test on deno (ubuntu-latest)	Run Deno tests	2026-09-16T05:24:23.1875998Z   [mjs module] Universal (script) @octokit/core@5 ... ^[[0m^[[32mok^[[0m ^[[0m^[[38;5;245m(0ms)^[[0m
Test on deno (ubuntu-latest)	Run Deno tests	2026-09-16T05:24:23.1878022Z   [mjs module] Universal (script) @octokit/core (latest) ... ^[[0m^[[32mok^[[0m ^[[0m^[[38;5;245m(0ms)^[[0m
Test on deno (ubuntu-latest)	Run Deno tests	2026-09-16T05:24:23.1885645Z ^[[0m^[[32mDownload^[[0m https://esm.sh/@octokit/core@latest
Test on deno (ubuntu-latest)	Run Deno tests	2026-09-16T05:24:23.2502354Z ^[[0m^[[32mDownload^[[0m https://esm.sh/@octokit/core@7.0.8
Test on deno (ubuntu-latest)	Run Deno tests	2026-09-16T05:24:23.3182017Z ^[[0m^[[32mDownload^[[0m https://esm.sh/@octokit/auth-token@^6.0.0?target=denonext
Test on deno (ubuntu-latest)	Run Deno tests	2026-09-16T05:24:23.3183419Z ^[[0m^[[32mDownload^[[0m https://esm.sh/@octokit/graphql@^9.0.5?target=denonext
Test on deno (ubuntu-latest)	Run Deno tests	2026-09-16T05:24:23.3184088Z ^[[0m^[[32mDownload^[[0m https://esm.sh/@octokit/request@^10.0.16?target=denonext
Test on deno (ubuntu-latest)	Run Deno tests	2026-09-16T05:24:23.3184719Z ^[[0m^[[32mDownload^[[0m https://esm.sh/before-after-hook@^4.0.0?target=denonext
Test on deno (ubuntu-latest)	Run Deno tests	2026-09-16T05:24:23.3185366Z ^[[0m^[[32mDownload^[[0m https://esm.sh/universal-user-agent@^7.0.0?target=denonext
Test on deno (ubuntu-latest)	Run Deno tests	2026-09-16T05:24:23.3186008Z ^[[0m^[[32mDownload^[[0m https://esm.sh/@octokit/core@7.0.8/denonext/core.mjs
Test on deno (ubuntu-latest)	Run Deno tests	2026-09-16T05:24:23.4145987Z ^[[0m^[[32mDownload^[[0m https://esm.sh/@octokit/auth-token@6.0.0?target=denonext
Test on deno (ubuntu-latest)	Run Deno tests	2026-09-16T05:24:23.4155812Z ^[[0m^[[32mDownload^[[0m https://esm.sh/@octokit/graphql@9.0.5?target=denonext
Test on deno (ubuntu-latest)	Run Deno tests	2026-09-16T05:24:23.4156535Z ^[[0m^[[32mDownload^[[0m https://esm.sh/@octokit/request@10.0.16?target=denonext
Test on deno (ubuntu-latest)	Run Deno tests	2026-09-16T05:24:23.4175561Z ^[[0m^[[32mDownload^[[0m https://esm.sh/before-after-hook@4.0.0?target=denonext
Test on deno (ubuntu-latest)	Run Deno tests	2026-09-16T05:24:23.4176287Z ^[[0m^[[32mDownload^[[0m https://esm.sh/universal-user-agent@7.0.3?target=denonext
Test on deno (ubuntu-latest)	Run Deno tests	2026-09-16T05:24:23.4438510Z ^[[0m^[[32mDownload^[[0m https://esm.sh/@octokit/auth-token@6.0.0/denonext/auth-token.mjs
Test on deno (ubuntu-latest)	Run Deno tests	2026-09-16T05:24:23.4439600Z ^[[0m^[[32mDownload^[[0m https://esm.sh/@octokit/graphql@9.0.5/denonext/graphql.mjs
Test on deno (ubuntu-latest)	Run Deno tests	2026-09-16T05:24:23.4688501Z ^[[0m^[[32mDownload^[[0m https://esm.sh/@octokit/endpoint@^11.0.5?target=denonext
Test on deno (ubuntu-latest)	Run Deno tests	2026-09-16T05:24:23.4689742Z ^[[0m^[[32mDownload^[[0m https://esm.sh/@octokit/request-error@^7.1.2?target=denonext
Test on deno (ubuntu-latest)	Run Deno tests	2026-09-16T05:24:23.4690581Z ^[[0m^[[32mDownload^[[0m https://esm.sh/content-type@^3.0.0?target=denonext
Test on deno (ubuntu-latest)	Run Deno tests	2026-09-16T05:24:23.4691506Z ^[[0m^[[32mDownload^[[0m https://esm.sh/json-with-bigint@^3.5.12?target=denonext
Test on deno (ubuntu-latest)	Run Deno tests	2026-09-16T05:24:23.4692165Z ^[[0m^[[32mDownload^[[0m https://esm.sh/universal-user-agent@^7.0.2?target=denonext
Test on deno (ubuntu-latest)	Run Deno tests	2026-09-16T05:24:23.4693119Z ^[[0m^[[32mDownload^[[0m https://esm.sh/@octokit/request@10.0.16/denonext/request.mjs
Test on deno (ubuntu-latest)	Run Deno tests	2026-09-16T05:24:23.4702950Z ^[[0m^[[32mDownload^[[0m https://esm.sh/before-after-hook@4.0.0/denonext/before-after-hook.mjs
Test on deno (ubuntu-latest)	Run Deno tests	2026-09-16T05:24:23.4743431Z ^[[0m^[[32mDownload^[[0m https://esm.sh/universal-user-agent@7.0.3/denonext/universal-user-agent.mjs
Test on deno (ubuntu-latest)	Run Deno tests	2026-09-16T05:24:23.5700637Z ^[[0m^[[32mDownload^[[0m https://esm.sh/@octokit/endpoint@11.0.5?target=denonext
Test on deno (ubuntu-latest)	Run Deno tests	2026-09-16T05:24:23.5718434Z ^[[0m^[[32mDownload^[[0m https://esm.sh/@octokit/request-error@7.1.2?target=denonext
Test on deno (ubuntu-latest)	Run Deno tests	2026-09-16T05:24:23.5757994Z ^[[0m^[[32mDownload^[[0m https://esm.sh/content-type@3.1.0?target=denonext
Test on deno (ubuntu-latest)	Run Deno tests	2026-09-16T05:24:23.5758757Z ^[[0m^[[32mDownload^[[0m https://esm.sh/json-with-bigint@3.5.12?target=denonext
Test on deno (ubuntu-latest)	Run Deno tests	2026-09-16T05:24:23.6560547Z ^[[0m^[[32mDownload^[[0m https://esm.sh/@octokit/endpoint@11.0.5/denonext/endpoint.mjs
Test on deno (ubuntu-latest)	Run Deno tests	2026-09-16T05:24:23.6563997Z ^[[0m^[[32mDownload^[[0m https://esm.sh/@octokit/request-error@7.1.2/denonext/request-error.mjs
Test on deno (ubuntu-latest)	Run Deno tests	2026-09-16T05:24:23.6595372Z ^[[0m^[[32mDownload^[[0m https://esm.sh/content-type@3.1.0/denonext/content-type.mjs
Test on deno (ubuntu-latest)	Run Deno tests	2026-09-16T05:24:23.6596143Z ^[[0m^[[32mDownload^[[0m https://esm.sh/json-with-bigint@3.5.12/denonext/json-with-bigint.mjs
Test on deno (ubuntu-latest)	Run Deno tests	2026-09-16T05:24:23.7209508Z   [mjs module] @octokit/core (latest) ... ^[[0m^[[32mok^[[0m ^[[0m^[[38;5;245m(533ms)^[[0m
Test on deno (ubuntu-latest)	Run Deno tests	2026-09-16T05:24:23.7368243Z [mjs module] 'use' import strategies ... ^[[0m^[[32mok^[[0m ^[[0m^[[38;5;245m(972ms)^[[0m
Test on deno (ubuntu-latest)	Run Deno tests	2026-09-16T05:24:23.7389701Z 
Test on deno (ubuntu-latest)	Run Deno tests	2026-09-16T05:24:23.7390441Z ^[[0m^[[32mok^[[0m | 33 passed (202 steps) | 0 failed | 0 ignored (3 steps) ^[[0m^[[38;5;245m(14s)^[[0m
Test on deno (ubuntu-latest)	Run Deno tests	2026-09-16T05:24:23.7391005Z 
Test on deno (ubuntu-latest)	Post Setup Deno	﻿2026-09-16T05:24:23.7723941Z Post job cleanup.
Test on deno (ubuntu-latest)	Post Setup Deno	2026-09-16T05:24:23.8877457Z Caching is not enabled. Caching is skipped.
Test on deno (ubuntu-latest)	Post Setup Node.js	﻿2026-09-16T05:24:23.9025133Z Post job cleanup.
Test on deno (ubuntu-latest)	Post Setup Node.js	2026-09-16T05:24:24.0461039Z [command]/usr/bin/tar --posix -cf cache.tzst --exclude cache.tzst -P -C /home/runner/work/use-m/use-m --files-from manifest.txt --use-compress-program zstdmt
Test on deno (ubuntu-latest)	Post Setup Node.js	2026-09-16T05:24:24.3384552Z Failed to save: Unable to reserve cache with key node-cache-Linux-x64-npm-12813ae39a61b5fed7681502803cfede24735d033f8430fc26d535be6b212b6a, another job may be creating this cache.
Test on deno (ubuntu-latest)	Post Checkout code	﻿2026-09-16T05:24:24.3564129Z Post job cleanup.
Test on deno (ubuntu-latest)	Post Checkout code	2026-09-16T05:24:24.4444907Z [command]/usr/bin/git version
Test on deno (ubuntu-latest)	Post Checkout code	2026-09-16T05:24:24.4488198Z git version 2.55.0
Test on deno (ubuntu-latest)	Post Checkout code	2026-09-16T05:24:24.4527476Z Temporarily overriding HOME='/home/runner/work/_temp/3c00f5b5-f8e9-45a7-aa19-d0ae05ba8753' before making global git config changes
Test on deno (ubuntu-latest)	Post Checkout code	2026-09-16T05:24:24.4529231Z Adding repository directory to the temporary git global config as a safe directory
Test on deno (ubuntu-latest)	Post Checkout code	2026-09-16T05:24:24.4532262Z [command]/usr/bin/git config --global --add safe.directory /home/runner/work/use-m/use-m
Test on deno (ubuntu-latest)	Post Checkout code	2026-09-16T05:24:24.4565856Z Removing SSH command configuration
Test on deno (ubuntu-latest)	Post Checkout code	2026-09-16T05:24:24.4572526Z [command]/usr/bin/git config --local --name-only --get-regexp core\.sshCommand
Test on deno (ubuntu-latest)	Post Checkout code	2026-09-16T05:24:24.4610313Z [command]/usr/bin/git submodule foreach --recursive sh -c "git config --local --name-only --get-regexp 'core\.sshCommand' && git config --local --unset-all 'core.sshCommand' || :"
Test on deno (ubuntu-latest)	Post Checkout code	2026-09-16T05:24:24.4875749Z Removing HTTP extra header
Test on deno (ubuntu-latest)	Post Checkout code	2026-09-16T05:24:24.4882784Z [command]/usr/bin/git config --local --name-only --get-regexp http\.https\:\/\/github\.com\/\.extraheader
Test on deno (ubuntu-latest)	Post Checkout code	2026-09-16T05:24:24.4923098Z [command]/usr/bin/git submodule foreach --recursive sh -c "git config --local --name-only --get-regexp 'http\.https\:\/\/github\.com\/\.extraheader' && git config --local --unset-all 'http.https://github.com/.extraheader' || :"
Test on deno (ubuntu-latest)	Post Checkout code	2026-09-16T05:24:24.5181238Z Removing includeIf entries pointing to credentials config files
Test on deno (ubuntu-latest)	Post Checkout code	2026-09-16T05:24:24.5202384Z [command]/usr/bin/git config --local --name-only --get-regexp ^includeIf\.gitdir:
Test on deno (ubuntu-latest)	Post Checkout code	2026-09-16T05:24:24.5234960Z includeif.gitdir:/home/runner/work/use-m/use-m/.git.path
Test on deno (ubuntu-latest)	Post Checkout code	2026-09-16T05:24:24.5236573Z includeif.gitdir:/home/runner/work/use-m/use-m/.git/worktrees/*.path
Test on deno (ubuntu-latest)	Post Checkout code	2026-09-16T05:24:24.5237736Z includeif.gitdir:/github/workspace/.git.path
Test on deno (ubuntu-latest)	Post Checkout code	2026-09-16T05:24:24.5238892Z includeif.gitdir:/github/workspace/.git/worktrees/*.path
Test on deno (ubuntu-latest)	Post Checkout code	2026-09-16T05:24:24.5247176Z [command]/usr/bin/git config --local --get-all includeif.gitdir:/home/runner/work/use-m/use-m/.git.path
Test on deno (ubuntu-latest)	Post Checkout code	2026-09-16T05:24:24.5281909Z /home/runner/work/_temp/git-credentials-878ac6e8-1440-40be-b006-ccbcd6e9726a.config
Test on deno (ubuntu-latest)	Post Checkout code	2026-09-16T05:24:24.5295648Z [command]/usr/bin/git config --local --unset includeif.gitdir:/home/runner/work/use-m/use-m/.git.path /home/runner/work/_temp/git-credentials-878ac6e8-1440-40be-b006-ccbcd6e9726a.config
Test on deno (ubuntu-latest)	Post Checkout code	2026-09-16T05:24:24.5340686Z [command]/usr/bin/git config --local --get-all includeif.gitdir:/home/runner/work/use-m/use-m/.git/worktrees/*.path
Test on deno (ubuntu-latest)	Post Checkout code	2026-09-16T05:24:24.5369024Z /home/runner/work/_temp/git-credentials-878ac6e8-1440-40be-b006-ccbcd6e9726a.config
Test on deno (ubuntu-latest)	Post Checkout code	2026-09-16T05:24:24.5381810Z [command]/usr/bin/git config --local --unset includeif.gitdir:/home/runner/work/use-m/use-m/.git/worktrees/*.path /home/runner/work/_temp/git-credentials-878ac6e8-1440-40be-b006-ccbcd6e9726a.config
Test on deno (ubuntu-latest)	Post Checkout code	2026-09-16T05:24:24.5424599Z [command]/usr/bin/git config --local --get-all includeif.gitdir:/github/workspace/.git.path
Test on deno (ubuntu-latest)	Post Checkout code	2026-09-16T05:24:24.5453226Z /github/runner_temp/git-credentials-878ac6e8-1440-40be-b006-ccbcd6e9726a.config
Test on deno (ubuntu-latest)	Post Checkout code	2026-09-16T05:24:24.5463760Z [command]/usr/bin/git config --local --unset includeif.gitdir:/github/workspace/.git.path /github/runner_temp/git-credentials-878ac6e8-1440-40be-b006-ccbcd6e9726a.config
Test on deno (ubuntu-latest)	Post Checkout code	2026-09-16T05:24:24.5503060Z [command]/usr/bin/git config --local --get-all includeif.gitdir:/github/workspace/.git/worktrees/*.path
Test on deno (ubuntu-latest)	Post Checkout code	2026-09-16T05:24:24.5534764Z /github/runner_temp/git-credentials-878ac6e8-1440-40be-b006-ccbcd6e9726a.config
Test on deno (ubuntu-latest)	Post Checkout code	2026-09-16T05:24:24.5545453Z [command]/usr/bin/git config --local --unset includeif.gitdir:/github/workspace/.git/worktrees/*.path /github/runner_temp/git-credentials-878ac6e8-1440-40be-b006-ccbcd6e9726a.config
Test on deno (ubuntu-latest)	Post Checkout code	2026-09-16T05:24:24.5607820Z [command]/usr/bin/git submodule foreach --recursive git config --local --show-origin --name-only --get-regexp remote.origin.url
Test on deno (ubuntu-latest)	Post Checkout code	2026-09-16T05:24:24.5848609Z Removing credentials config '/home/runner/work/_temp/git-credentials-878ac6e8-1440-40be-b006-ccbcd6e9726a.config'
Test on deno (ubuntu-latest)	Complete job	﻿2026-09-16T05:24:24.6009263Z Cleaning up orphan processes
